path_rel,ext,size_bytes,mtime_utc
WebGestor/CAS/Temas_1TE/LogoSaga2.png,.png,3310,2025-11-10T02:49:55Z
WebGestor/CAS/minus.gif,.gif,80,2025-11-10T02:49:55Z
WebGestor/CAS/ok20.png,.png,1470,2025-11-10T02:49:55Z
WebGestor/CRM/Temas/3473.jpg,.jpg,12523,2025-11-10T02:49:55Z
WebGestor/CRM/Temas_1BB/1648 GUIA.jpg,.jpg,42733,2025-11-10T02:49:55Z
WebGestor/Content/Site.css,.css,593,2025-11-10T02:49:55Z
WebGestor/Content/bootstrap-theme.css,.css,26132,2025-11-10T02:49:55Z
WebGestor/Content/bootstrap-theme.min.css,.css,23409,2025-11-10T02:49:55Z
WebGestor/Content/bootstrap.css,.css,146010,2025-11-10T02:49:55Z
WebGestor/Content/bootstrap.min.css,.css,121200,2025-11-10T02:49:55Z
WebGestor/Css/CSSWeb.css,.css,11519,2025-11-10T02:49:55Z
WebGestor/Css/Custom-Cs.css,.css,3040,2025-11-10T02:49:55Z
WebGestor/Css/Formulario.css,.css,1178,2025-11-10T02:49:55Z
WebGestor/Css/MiEstilo.css,.css,925,2025-11-10T02:49:55Z
WebGestor/Css/Principal.css,.css,969,2025-11-10T02:49:55Z
WebGestor/Css/Principal1.css,.css,711,2025-11-10T02:49:55Z
WebGestor/Css/bootstrap-responsive.css,.css,12401,2025-11-10T02:49:55Z
WebGestor/Css/bootstrap-responsive.min.css,.css,9150,2025-11-10T02:49:55Z
WebGestor/Css/bootstrap-theme.css,.css,14936,2025-11-10T02:49:55Z
WebGestor/Css/bootstrap.css,.css,142847,2025-11-10T02:49:55Z
WebGestor/Css/bootstrap.min.css,.css,81150,2025-11-10T02:49:55Z
WebGestor/Css/bootstrapValidator.css,.css,700,2025-11-10T02:49:55Z
WebGestor/Css/dGenerales.css,.css,899,2025-11-10T02:49:55Z
WebGestor/Css/dataTables.bootstrap.min.css,.css,5140,2025-11-10T02:49:55Z
WebGestor/Css/docs.css,.css,17243,2025-11-10T02:49:55Z
WebGestor/Css/main.css,.css,9473,2025-11-10T02:49:55Z
WebGestor/Css/util.css,.css,83821,2025-11-10T02:49:55Z
WebGestor/Css_Gestor/Content.css,.css,7193,2025-11-10T02:49:55Z
WebGestor/Css_Gestor/FormLayout.css,.css,277,2025-11-10T02:49:55Z
WebGestor/Css_Gestor/GridView.css,.css,2246,2025-11-10T02:49:55Z
WebGestor/Css_Gestor/GridView.js,.js,2221,2025-11-10T02:49:55Z
WebGestor/Css_Gestor/Layout.css,.css,7545,2025-11-10T02:49:55Z
WebGestor/Css_Gestor/Map.js,.js,765,2025-11-10T02:49:55Z
WebGestor/Css_Gestor/Scheduler.css,.css,805,2025-11-10T02:49:55Z
WebGestor/Css_Gestor/Scheduler.js,.js,1892,2025-11-10T02:49:55Z
WebGestor/Css_Gestor/Script.js,.js,3319,2025-11-10T02:49:55Z
WebGestor/Css_Gestor/SignInRegister.js,.js,1532,2025-11-10T02:49:55Z
WebGestor/Css_Gestor/SignInRegistred.css,.css,1108,2025-11-10T02:49:55Z
WebGestor/Css_IniciarSesion.css,.css,1915,2025-11-10T02:49:55Z
WebGestor/Css_Maqueta.css,.css,379,2025-11-10T02:49:55Z
WebGestor/Css_Menu.css,.css,651,2025-11-10T02:49:55Z
WebGestor/Css_Tab.css,.css,1156,2025-11-10T02:49:55Z
WebGestor/Css_Tab_Container.css,.css,1305,2025-11-10T02:49:55Z
WebGestor/Css_WebGestor.css,.css,13263,2025-11-10T02:49:55Z
WebGestor/Ejemplo_Css.css,.css,1597,2025-11-10T02:49:55Z
WebGestor/EstiloWebTec.css,.css,5532,2025-11-10T02:49:55Z
WebGestor/Fotos/1.gif,.gif,2001,2025-11-10T02:49:55Z
WebGestor/Fotos/16 (Back).ico,.ico,1406,2025-11-10T02:49:55Z
WebGestor/Fotos/25-1.gif,.gif,2608,2025-11-10T02:49:55Z
WebGestor/Fotos/5.gif,.gif,3087,2025-11-10T02:49:55Z
WebGestor/Fotos/6.gif,.gif,3981,2025-11-10T02:49:55Z
WebGestor/Fotos/7.gif,.gif,10132,2025-11-10T02:49:55Z
WebGestor/Fotos/BtnSeleccionar.png,.png,643,2025-11-10T02:49:55Z
WebGestor/Fotos/COMPLEMENTO5.JPG,.jpg,5258,2025-11-10T02:49:55Z
WebGestor/Fotos/CasColombia.jpg,.jpg,2222,2025-11-10T02:49:55Z
WebGestor/Fotos/ImgContabilidad.jpg,.jpg,2532,2025-11-10T02:49:55Z
WebGestor/Fotos/LOGO WEB HACDATA.jpg,.jpg,17544,2025-11-10T02:49:55Z
WebGestor/Fotos/LOGO WEBCASH-04.jpg,.jpg,13206,2025-11-10T02:49:55Z
WebGestor/Fotos/LOGO WEBCASH-06.jpg,.jpg,29662,2025-11-10T02:49:55Z
WebGestor/Fotos/LOGO-HACDATA.jpg,.jpg,19935,2025-11-10T02:49:55Z
WebGestor/Fotos/LogoBoton.jpg,.jpg,18661,2025-11-10T02:49:55Z
WebGestor/Fotos/LogoOpplus.jpg,.jpg,4886,2025-11-10T02:49:55Z
WebGestor/Fotos/LogoOpplus1.JPG,.jpg,5343,2025-11-10T02:49:55Z
WebGestor/Fotos/animated.gif,.gif,1625,2025-11-10T02:49:55Z
WebGestor/Fotos/boton isotipo web-03.jpg,.jpg,21156,2025-11-10T02:49:55Z
WebGestor/Fotos/botonbuscar.jpg,.jpg,752,2025-11-10T02:49:55Z
WebGestor/Fotos/buttonhover.gif,.gif,400,2025-11-10T02:49:55Z
WebGestor/Fotos/buttonhover2.gif,.gif,1177,2025-11-10T02:49:55Z
WebGestor/Fotos/buttonhover3.GIF,.gif,1078,2025-11-10T02:49:55Z
WebGestor/Fotos/buttonhover3.JPG,.jpg,1071,2025-11-10T02:49:55Z
WebGestor/Fotos/buttonround.gif,.gif,1079,2025-11-10T02:49:55Z
WebGestor/Fotos/buttonround2.gif,.gif,2506,2025-11-10T02:49:55Z
WebGestor/Fotos/buttonround3.GIF,.gif,1119,2025-11-10T02:49:55Z
WebGestor/Fotos/buttonround3.JPG,.jpg,1182,2025-11-10T02:49:55Z
WebGestor/Fotos/flechazul1.jpg,.jpg,768,2025-11-10T02:49:55Z
WebGestor/Fotos/foto cas 2.JPG,.jpg,5263,2025-11-10T02:49:55Z
WebGestor/Fotos/foto cas.JPG,.jpg,2668,2025-11-10T02:49:55Z
WebGestor/Fotos/grabar.png,.png,4318,2025-11-10T02:49:55Z
WebGestor/Fotos/icon2.gif,.gif,310,2025-11-10T02:49:55Z
WebGestor/Fotos/linea.JPG,.jpg,805,2025-11-10T02:49:55Z
WebGestor/Fotos/lineaCas.JPG,.jpg,805,2025-11-10T02:49:55Z
WebGestor/Fotos/loading.gif,.gif,673,2025-11-10T02:49:55Z
WebGestor/Fotos/logbbvaJPG.JPG,.jpg,2204,2025-11-10T02:49:55Z
WebGestor/Fotos/logo login.jpg,.jpg,26182,2025-11-10T02:49:55Z
WebGestor/Fotos/logo_white.png,.png,32576,2025-11-10T02:49:55Z
WebGestor/Fotos/menu8.gif,.gif,826,2025-11-10T02:49:55Z
WebGestor/Fotos/nodatafound.png,.png,489,2025-11-10T02:49:55Z
WebGestor/Fotos/persona.jpg,.jpg,18207,2025-11-10T02:49:55Z
WebGestor/Fotos/proceso.JPG,.jpg,6527,2025-11-10T02:49:55Z
WebGestor/Icono/Calendar-Time-256.png,.png,12965,2025-11-10T02:49:55Z
WebGestor/Icono/CambioDeAccion_opt.png,.png,1020,2025-11-10T02:49:55Z
WebGestor/Icono/CambioDeEstado_opt.png,.png,2538,2025-11-10T02:49:55Z
WebGestor/Icono/EDITAR_TIEMPO_opt.png,.png,1902,2025-11-10T02:49:55Z
WebGestor/Icono/Editar_opt.png,.png,1566,2025-11-10T02:49:55Z
WebGestor/Icono/Icon_Menu.png,.png,258,2025-11-10T02:49:55Z
WebGestor/Icono/LOGO WEB HACDATA.jpg,.jpg,17544,2025-11-10T02:49:55Z
WebGestor/Icono/LOGO-HACDATA-M.jpg,.jpg,4617,2025-11-10T02:49:55Z
WebGestor/Icono/Tracking_opt.png,.png,1912,2025-11-10T02:49:55Z
WebGestor/Icono/WORKR01E.ICO,.ico,766,2025-11-10T02:49:55Z
WebGestor/Icono/delete.gif,.gif,463,2025-11-10T02:49:55Z
WebGestor/Icono/delete2_opt.png,.png,2251,2025-11-10T02:49:55Z
WebGestor/Icono/details_opt.png,.png,1953,2025-11-10T02:49:55Z
WebGestor/Icono/download.gif,.gif,37115,2025-11-10T02:49:55Z
WebGestor/Icono/download.png,.png,349,2025-11-10T02:49:55Z
WebGestor/Icono/edit.gif,.gif,1107,2025-11-10T02:49:55Z
WebGestor/Icono/loadin-barra.gif,.gif,20089,2025-11-10T02:49:55Z
WebGestor/Icono/loading-point.gif,.gif,57397,2025-11-10T02:49:55Z
WebGestor/Icono/minus.gif,.gif,80,2025-11-10T02:49:55Z
WebGestor/Icono/ok.png,.png,1868,2025-11-10T02:49:55Z
WebGestor/Icono/ok20.png,.png,1470,2025-11-10T02:49:55Z
WebGestor/Icono/plus.gif,.gif,151,2025-11-10T02:49:55Z
WebGestor/Icono/upload.png,.png,1870,2025-11-10T02:49:55Z
WebGestor/Icono/visualizar.png,.png,1755,2025-11-10T02:49:55Z
WebGestor/Inventario/ArchivoTemp/CATALOGO IMAGENES FALTANTES/110000011-17.jpeg,.jpeg,130912,2025-11-10T02:49:55Z
WebGestor/Inventario/ArchivoTemp/CATALOGO IMAGENES FALTANTES/110000011-53.jpeg,.jpeg,46398,2025-11-10T02:49:55Z
WebGestor/Inventario/ArchivoTemp/CATALOGO IMAGENES FALTANTES/110000011-54.jpeg,.jpeg,16785,2025-11-10T02:49:55Z
WebGestor/Inventario/ArchivoTemp/CATALOGO IMAGENES FALTANTES/110000011-72.jpeg,.jpeg,33702,2025-11-10T02:49:55Z
WebGestor/Inventario/ArchivoTemp/CATALOGO IMAGENES FALTANTES/110000011-73.jpeg,.jpeg,47595,2025-11-10T02:49:55Z
WebGestor/Inventario/ArchivoTemp/CATALOGO IMAGENES FALTANTES/110000108-43.jpeg,.jpeg,21416,2025-11-10T02:49:55Z
WebGestor/Inventario/ArchivoTemp/CATALOGO IMAGENES FALTANTES/110000112-30.jpeg,.jpeg,18933,2025-11-10T02:49:55Z
WebGestor/Inventario/ArchivoTemp/CATALOGO IMAGENES FALTANTES/110000177-04.jpeg,.jpeg,11416,2025-11-10T02:49:55Z
WebGestor/Inventario/ArchivoTemp/CATALOGO IMAGENES FALTANTES/110000185-03.jpeg,.jpeg,43425,2025-11-10T02:49:55Z
WebGestor/Inventario/ArchivoTemp/CATALOGO IMAGENES FALTANTES/110000200-57.jpeg,.jpeg,30367,2025-11-10T02:49:55Z
WebGestor/Inventario/ArchivoTemp/CATALOGO IMAGENES FALTANTES/110000202-22.jpeg,.jpeg,12383,2025-11-10T02:49:55Z
WebGestor/Inventario/ArchivoTemp/CATALOGO IMAGENES FALTANTES/110001620-35.jpeg,.jpeg,54382,2025-11-10T02:49:55Z
WebGestor/Inventario/ArchivoTemp/CATALOGO IMAGENES FALTANTES/110001620-45.jpeg,.jpeg,148104,2025-11-10T02:49:55Z
WebGestor/Inventario/ArchivoTemp/CATALOGO IMAGENES FALTANTES/110012435-02.jpeg,.jpeg,43277,2025-11-10T02:49:55Z
WebGestor/Inventario/ArchivoTemp/CATALOGO IMAGENES FALTANTES/120000114-01.jpeg,.jpeg,14819,2025-11-10T02:49:55Z
WebGestor/Inventario/ArchivoTemp/CATALOGO IMAGENES FALTANTES/120000118-01.jpeg,.jpeg,25993,2025-11-10T02:49:55Z
WebGestor/Inventario/ArchivoTemp/CATALOGO IMAGENES FALTANTES/120000196-09.jpeg,.jpeg,23199,2025-11-10T02:49:55Z
WebGestor/Inventario/ArchivoTemp/CATALOGO IMAGENES FALTANTES/120000357-10.JPG,.jpg,36996,2025-11-10T02:49:55Z
WebGestor/Inventario/ArchivoTemp/CATALOGO IMAGENES FALTANTES/120000357-14.JPG,.jpg,31711,2025-11-10T02:49:55Z
WebGestor/Inventario/ArchivoTemp/CATALOGO IMAGENES FALTANTES/120000530-13.jpeg,.jpeg,11442,2025-11-10T02:49:55Z
WebGestor/Inventario/ArchivoTemp/CATALOGO IMAGENES FALTANTES/5612986.jpeg,.jpeg,82231,2025-11-10T02:49:55Z
WebGestor/Inventario/ArchivoTemp/CATALOGO IMAGENES FALTANTES/ADAPATADOR-56.jpeg,.jpeg,59007,2025-11-10T02:49:55Z
WebGestor/Inventario/ArchivoTemp/CATALOGO IMAGENES FALTANTES/CABLE-04.jpeg,.jpeg,15312,2025-11-10T02:49:55Z
WebGestor/Inventario/ArchivoTemp/CATALOGO IMAGENES FALTANTES/CABLE-23.jpeg,.jpeg,51998,2025-11-10T02:49:55Z
WebGestor/Inventario/ArchivoTemp/CATALOGO IMAGENES FALTANTES/CAFETERA-03.jpeg,.jpeg,19781,2025-11-10T02:49:55Z
WebGestor/Inventario/ArchivoTemp/CATALOGO IMAGENES FALTANTES/CARGADOR-21.jpeg,.jpeg,40939,2025-11-10T02:49:55Z
WebGestor/Inventario/ArchivoTemp/CATALOGO IMAGENES FALTANTES/CONTROL-04.jpeg,.jpeg,50687,2025-11-10T02:49:55Z
WebGestor/Inventario/ArchivoTemp/CATALOGO IMAGENES FALTANTES/DETECTOR-04.jpeg,.jpeg,12811,2025-11-10T02:49:55Z
WebGestor/Inventario/ArchivoTemp/CATALOGO IMAGENES FALTANTES/DOCKING-05.jpeg,.jpeg,12939,2025-11-10T02:49:55Z
WebGestor/Inventario/ArchivoTemp/CATALOGO IMAGENES FALTANTES/DOCKING-07.jpeg,.jpeg,56879,2025-11-10T02:49:55Z
WebGestor/Inventario/ArchivoTemp/CATALOGO IMAGENES FALTANTES/ECRAN-03.jpeg,.jpeg,46210,2025-11-10T02:49:55Z
WebGestor/Inventario/ArchivoTemp/CATALOGO IMAGENES FALTANTES/EQUIPO-01.jpeg,.jpeg,12107,2025-11-10T02:49:55Z
WebGestor/Inventario/ArchivoTemp/CATALOGO IMAGENES FALTANTES/ESTUCHE-01.jpeg,.jpeg,10675,2025-11-10T02:49:55Z
WebGestor/Inventario/ArchivoTemp/CATALOGO IMAGENES FALTANTES/FUNDA-01.jpeg,.jpeg,55625,2025-11-10T02:49:55Z
WebGestor/Inventario/ArchivoTemp/CATALOGO IMAGENES FALTANTES/IMPLEMENTOS-02.jpeg,.jpeg,53872,2025-11-10T02:49:55Z
WebGestor/Inventario/ArchivoTemp/CATALOGO IMAGENES FALTANTES/LAMPARA-04.jpeg,.jpeg,45955,2025-11-10T02:49:55Z
WebGestor/Inventario/ArchivoTemp/CATALOGO IMAGENES FALTANTES/LENTE-03.jpeg,.jpeg,50602,2025-11-10T02:49:55Z
WebGestor/Inventario/ArchivoTemp/CATALOGO IMAGENES FALTANTES/LENTE-04.jpeg,.jpeg,79356,2025-11-10T02:49:55Z
WebGestor/Inventario/ArchivoTemp/CATALOGO IMAGENES FALTANTES/LLAVE-07.jpeg,.jpeg,101679,2025-11-10T02:49:55Z
WebGestor/Inventario/ArchivoTemp/CATALOGO IMAGENES FALTANTES/MALETA-02.jpeg,.jpeg,37919,2025-11-10T02:49:55Z
WebGestor/Inventario/ArchivoTemp/CATALOGO IMAGENES FALTANTES/MATRIZ-01.jpeg,.jpeg,35617,2025-11-10T02:49:55Z
WebGestor/Inventario/ArchivoTemp/CATALOGO IMAGENES FALTANTES/MICA-04.jpeg,.jpeg,106632,2025-11-10T02:49:55Z
WebGestor/Inventario/ArchivoTemp/CATALOGO IMAGENES FALTANTES/MOCHILA-08.jpeg,.jpeg,362144,2025-11-10T02:49:55Z
WebGestor/Inventario/ArchivoTemp/CATALOGO IMAGENES FALTANTES/MODULO-45.jpeg,.jpeg,83796,2025-11-10T02:49:55Z
WebGestor/Inventario/ArchivoTemp/CATALOGO IMAGENES FALTANTES/MOUSE-20.jpeg,.jpeg,72572,2025-11-10T02:49:55Z
WebGestor/Inventario/ArchivoTemp/CATALOGO IMAGENES FALTANTES/NTENA-04.jpeg,.jpeg,13088,2025-11-10T02:49:55Z
WebGestor/Inventario/ArchivoTemp/CATALOGO IMAGENES FALTANTES/PARLANTE-06.jpeg,.jpeg,65840,2025-11-10T02:49:55Z
WebGestor/Inventario/ArchivoTemp/CATALOGO IMAGENES FALTANTES/PORTA-04.jpeg,.jpeg,21838,2025-11-10T02:49:55Z
WebGestor/Inventario/ArchivoTemp/CATALOGO IMAGENES FALTANTES/PREMIO-14.jpeg,.jpeg,23965,2025-11-10T02:49:55Z
WebGestor/Inventario/ArchivoTemp/CATALOGO IMAGENES FALTANTES/PREMIO-23.jpeg,.jpeg,81376,2025-11-10T02:49:55Z
WebGestor/Inventario/ArchivoTemp/CATALOGO IMAGENES FALTANTES/RACK-01.JPG,.jpg,14191,2025-11-10T02:49:55Z
WebGestor/Inventario/ArchivoTemp/CATALOGO IMAGENES FALTANTES/RACK-46.jpeg,.jpeg,20794,2025-11-10T02:49:55Z
WebGestor/Inventario/ArchivoTemp/CATALOGO IMAGENES FALTANTES/RW-03.JPG,.jpg,26404,2025-11-10T02:49:55Z
WebGestor/Inventario/ArchivoTemp/CATALOGO IMAGENES FALTANTES/TABLERO-20.jpeg,.jpeg,12364,2025-11-10T02:49:55Z
WebGestor/Inventario/ArchivoTemp/CATALOGO IMAGENES FALTANTES/TOPE-01.jpeg,.jpeg,65852,2025-11-10T02:49:55Z
WebGestor/Inventario/ArchivoTemp/CATALOGO IMAGENES FALTANTES/WhatsApp Image 2024-09-30 at 15.22.48.jpeg,.jpeg,26368,2025-11-10T02:49:55Z
WebGestor/Inventario/ArchivoTemp/comprimida.jpg,.jpg,9692,2025-11-10T02:49:56Z
WebGestor/Inventario/ArchivoTemp/original.jpg,.jpg,9001,2025-11-10T02:49:56Z
WebGestor/Inventario/Imagenes/FranlaLeft.jpg,.jpg,5357,2025-11-10T02:49:56Z
WebGestor/Inventario/Imagenes/LOGO WEB HACDATA.jpg,.jpg,17544,2025-11-10T02:49:56Z
WebGestor/Inventario/Imagenes/imgInforme.jpg,.jpg,144191,2025-11-10T02:49:56Z
WebGestor/Js/Java.js,.js,125,2025-11-10T02:49:56Z
WebGestor/Js/Popup.js,.js,340,2025-11-10T02:49:56Z
WebGestor/Js/PopupArticulos.js,.js,245,2025-11-10T02:49:56Z
WebGestor/Js/bootstrap.js,.js,47875,2025-11-10T02:49:56Z
WebGestor/Js/bootstrap.min.js,.js,36868,2025-11-10T02:49:56Z
WebGestor/Js/bootstrapValidator.js,.js,325844,2025-11-10T02:49:56Z
WebGestor/Js/dataTables.bootstrap.min.js,.js,1960,2025-11-10T02:49:56Z
WebGestor/Js/highcharts-3d.js,.js,37116,2025-11-10T02:49:56Z
WebGestor/Js/highcharts-3d.src.js,.js,139209,2025-11-10T02:49:56Z
WebGestor/Js/highcharts-more.js,.js,30963,2025-11-10T02:49:56Z
WebGestor/Js/highcharts-more.src.js,.js,163243,2025-11-10T02:49:56Z
WebGestor/Js/highcharts.js,.js,201255,2025-11-10T02:49:56Z
WebGestor/Js/highcharts.src.js,.js,1389387,2025-11-10T02:49:56Z
WebGestor/Js/jquery.dataTables.min.js,.js,82628,2025-11-10T02:49:56Z
WebGestor/Js/jquery.min.js,.js,293650,2025-11-10T02:49:56Z
WebGestor/Js/locationpicker.jquery.js,.js,19133,2025-11-10T02:49:56Z
WebGestor/Js/main.js,.js,1748,2025-11-10T02:49:56Z
WebGestor/Js/validacliente.js,.js,268,2025-11-10T02:49:56Z
WebGestor/Menu/HEstiloMenu.css,.css,112,2025-11-10T02:49:56Z
WebGestor/Menu/TECNOLOGIAS VERDE.JPG,.jpg,2551,2025-11-10T02:49:56Z
WebGestor/MenuEstiloEj.css,.css,6567,2025-11-10T02:49:56Z
WebGestor/MenuWeb/Imagenes_1TE/cuarto1.jpg,.jpg,5673,2025-11-10T02:49:56Z
WebGestor/MenuWeb/Imagenes_3TG/m10.JPG,.jpg,26193,2025-11-10T02:49:56Z
WebGestor/MenuWeb/Imagenes_3TG/m11.jpg,.jpg,13784,2025-11-10T02:49:56Z
WebGestor/MenuWeb/Imagenes_3TG/m12.jpg,.jpg,9908,2025-11-10T02:49:56Z
WebGestor/MenuWeb/Imagenes_3TG/m14.jpg,.jpg,655479,2025-11-10T02:49:56Z
WebGestor/MenuWeb/Imagenes_3TG/m15.jpg,.jpg,73730,2025-11-10T02:49:56Z
WebGestor/MenuWeb/Imagenes_3TG/m20.jpg,.jpg,186846,2025-11-10T02:49:56Z
WebGestor/MenuWeb/Imagenes_3TG/m21.jpg,.jpg,161795,2025-11-10T02:49:56Z
WebGestor/MenuWeb/Imagenes_3TG/m22.jpg,.jpg,59815,2025-11-10T02:49:56Z
WebGestor/MenuWeb/Imagenes_3TG/m27.jpg,.jpg,392269,2025-11-10T02:49:56Z
WebGestor/MenuWeb/Imagenes_3TG/m28.jpg,.jpg,138586,2025-11-10T02:49:56Z
WebGestor/MenuWeb/Imagenes_3TG/m29.jpg,.jpg,205863,2025-11-10T02:49:56Z
WebGestor/MenuWeb/Imagenes_3TG/m34.jpg,.jpg,4051,2025-11-10T02:49:56Z
WebGestor/MenuWeb/Imagenes_3TG/m36.jpg,.jpg,18193,2025-11-10T02:49:56Z
WebGestor/MenuWeb/Imagenes_3TG/m37.jpg,.jpg,9363,2025-11-10T02:49:56Z
WebGestor/MenuWeb/Imagenes_3TG/m39.jpg,.jpg,58894,2025-11-10T02:49:56Z
WebGestor/MenuWeb/Imagenes_3TG/m4.JPG,.jpg,3884,2025-11-10T02:49:56Z
WebGestor/MenuWeb/Imagenes_3TG/m41.jpg,.jpg,19219,2025-11-10T02:49:56Z
WebGestor/MenuWeb/Imagenes_3TG/m42.jpg,.jpg,294368,2025-11-10T02:49:56Z
WebGestor/MenuWeb/Imagenes_3TG/m43.jpg,.jpg,44370,2025-11-10T02:49:56Z
WebGestor/MenuWeb/Imagenes_3TG/m44.jpg,.jpg,13856,2025-11-10T02:49:56Z
WebGestor/MenuWeb/Imagenes_3TG/m45.jpg,.jpg,59009,2025-11-10T02:49:56Z
WebGestor/MenuWeb/Imagenes_3TG/m46.jpg,.jpg,61871,2025-11-10T02:49:56Z
WebGestor/MenuWeb/Imagenes_3TG/m47.jpg,.jpg,60460,2025-11-10T02:49:56Z
WebGestor/MenuWeb/Imagenes_3TG/m48.jpg,.jpg,60085,2025-11-10T02:49:56Z
WebGestor/MenuWeb/Imagenes_3TG/m49.jpg,.jpg,322949,2025-11-10T02:49:56Z
WebGestor/MenuWeb/Imagenes_3TG/m50.jpg,.jpg,57468,2025-11-10T02:49:56Z
WebGestor/MenuWeb/Imagenes_3TG/m51.jpg,.jpg,57468,2025-11-10T02:49:56Z
WebGestor/MenuWeb/Imagenes_3TG/m52.jpg,.jpg,58134,2025-11-10T02:49:56Z
WebGestor/MenuWeb/Imagenes_3TG/m55.jpg,.jpg,41246,2025-11-10T02:49:56Z
WebGestor/MenuWeb/Imagenes_3TG/m57.jpg,.jpg,5650,2025-11-10T02:49:56Z
WebGestor/MenuWeb/Imagenes_3TG/m59.jpg,.jpg,155840,2025-11-10T02:49:56Z
WebGestor/MenuWeb/Imagenes_3TG/m6.jpg,.jpg,5749,2025-11-10T02:49:56Z
WebGestor/MenuWeb/Imagenes_3TG/m60.jpg,.jpg,41701,2025-11-10T02:49:56Z
WebGestor/MenuWeb/Imagenes_3TG/m61.jpg,.jpg,11535,2025-11-10T02:49:56Z
WebGestor/MenuWeb/Imagenes_3TG/m62.jpg,.jpg,167357,2025-11-10T02:49:56Z
WebGestor/MenuWeb/Imagenes_3TG/m64.jpg,.jpg,145867,2025-11-10T02:49:56Z
WebGestor/MenuWeb/Imagenes_3TG/m68.jpg,.jpg,14336,2025-11-10T02:49:56Z
WebGestor/MenuWeb/Imagenes_3TG/m69.jpg,.jpg,19464,2025-11-10T02:49:56Z
WebGestor/MenuWeb/Imagenes_3TG/m70.jpg,.jpg,28170,2025-11-10T02:49:56Z
WebGestor/MenuWeb/Imagenes_3TG/m71.jpg,.jpg,85803,2025-11-10T02:49:56Z
WebGestor/MenuWeb/Imagenes_3TG/m74.jpg,.jpg,149784,2025-11-10T02:49:56Z
WebGestor/MenuWeb/Imagenes_3TG/m75.jpg,.jpg,6627,2025-11-10T02:49:56Z
WebGestor/MenuWeb/Imagenes_3TG/m76.jpg,.jpg,59515,2025-11-10T02:49:56Z
WebGestor/MenuWeb/Imagenes_3TG/m77.jpg,.jpg,2631,2025-11-10T02:49:56Z
WebGestor/MenuWeb/Imagenes_3TG/m78.jpg,.jpg,9469,2025-11-10T02:49:56Z
WebGestor/MenuWeb/Imagenes_3TG/m79.jpg,.jpg,3313,2025-11-10T02:49:56Z
WebGestor/MenuWeb/Imagenes_3TG/m8.jpg,.jpg,13924,2025-11-10T02:49:56Z
WebGestor/MenuWeb/Imagenes_3TG/m80.jpg,.jpg,2922,2025-11-10T02:49:56Z
WebGestor/MenuWeb/Imagenes_3TG/m81.jpg,.jpg,4832,2025-11-10T02:49:56Z
WebGestor/MenuWeb/Imagenes_3TG/m82.jpg,.jpg,3208,2025-11-10T02:49:56Z
WebGestor/MenuWeb/Imagenes_3TG/m83.jpg,.jpg,47290,2025-11-10T02:49:56Z
WebGestor/MenuWeb/Imagenes_3TG/m84.jpg,.jpg,133746,2025-11-10T02:49:56Z
WebGestor/MenuWeb/Imagenes_3TG/m85.jpg,.jpg,17686,2025-11-10T02:49:56Z
WebGestor/MenuWeb/Imagenes_3TG/m86.jpg,.jpg,43614,2025-11-10T02:49:56Z
WebGestor/MenuWeb/Imagenes_3TG/m87.jpg,.jpg,20218,2025-11-10T02:49:56Z
WebGestor/MenuWeb/Imagenes_3TG/m88.jpg,.jpg,7648,2025-11-10T02:49:56Z
WebGestor/MenuWeb/Imagenes_3TG/m89.jpg,.jpg,5728,2025-11-10T02:49:56Z
WebGestor/MenuWeb/Imagenes_3TG/m9.JPG,.jpg,50115,2025-11-10T02:49:56Z
WebGestor/MenuWeb/Imagenes_3TG/m92.jpg,.jpg,3656,2025-11-10T02:49:56Z
WebGestor/MenuWeb/Imagenes_3TG/m93.jpg,.jpg,2929,2025-11-10T02:49:56Z
WebGestor/MenuWeb/ImagesAusp_1TE/Auspi1.JPG,.jpg,2510342,2025-11-10T02:49:57Z
WebGestor/MesaAyuda/Archivos/ANULACION DE RECEPCION.JPG,.jpg,68265,2025-11-10T02:49:57Z
WebGestor/MesaAyuda/Archivos/ANULACION RECEPCION DE EQUIPO 342.JPG,.jpg,58018,2025-11-10T02:49:57Z
WebGestor/MesaAyuda/Archivos/ANULACION SALIDA VERIFICAR.JPG,.jpg,81064,2025-11-10T02:49:57Z
WebGestor/MesaAyuda/Archivos/ANULACION SALIDA.JPG,.jpg,61771,2025-11-10T02:49:57Z
WebGestor/MesaAyuda/Archivos/ANULAR SALIDA ERROR 3704.JPG,.jpg,99861,2025-11-10T02:49:57Z
WebGestor/MesaAyuda/Archivos/CAMBIO DE MONEDA ORDENE DE COMPRA.JPG,.jpg,64287,2025-11-10T02:49:57Z
WebGestor/MesaAyuda/Archivos/CAMBIO DE PROVEEDOR.JPG,.jpg,28092,2025-11-10T02:49:57Z
WebGestor/MesaAyuda/Archivos/DEVOLUCION DE EQUIPO AL PROVEEDOR.JPG,.jpg,150654,2025-11-10T02:49:57Z
WebGestor/MesaAyuda/Archivos/DEVOLUCION POR PRESTAMO 2.JPG,.jpg,63526,2025-11-10T02:49:57Z
WebGestor/MesaAyuda/Archivos/ERROR DE BUSQUEDA.JPG,.jpg,114501,2025-11-10T02:49:57Z
WebGestor/MesaAyuda/Archivos/ERROR DE RECEPCION ACCESORIO.JPG,.jpg,45371,2025-11-10T02:49:57Z
WebGestor/MesaAyuda/Archivos/ERROR DEVOLUCION POR PRESTAMO.JPG,.jpg,74621,2025-11-10T02:49:57Z
WebGestor/MesaAyuda/Archivos/ERROR GENERA OC.JPG,.jpg,121707,2025-11-10T02:49:57Z
WebGestor/MesaAyuda/Archivos/GUIA 10428.JPG,.jpg,71764,2025-11-10T02:49:57Z
WebGestor/MesaAyuda/Archivos/GUIA A CORREGIR.JPG,.jpg,35693,2025-11-10T02:49:57Z
WebGestor/MesaAyuda/Archivos/INCLUSION SUMA EN ORDEN DE COMPRA.JPG,.jpg,86484,2025-11-10T02:49:57Z
WebGestor/MesaAyuda/Archivos/ORDEN DE COMPRA REGISTRO DE FACTURA.JPG,.jpg,126957,2025-11-10T02:49:57Z
WebGestor/MesaAyuda/Archivos/ORDEN DE VENTA SIN ESTADO.JPG,.jpg,125958,2025-11-10T02:49:57Z
WebGestor/MesaAyuda/Archivos/PROCESO ANULACION.JPG,.jpg,150840,2025-11-10T02:49:57Z
WebGestor/MesaAyuda/Archivos/RECEPCION  ERROR 11.JPG,.jpg,36525,2025-11-10T02:49:57Z
WebGestor/MesaAyuda/Archivos/RELACION OC OV.JPG,.jpg,138266,2025-11-10T02:49:57Z
WebGestor/MesaAyuda/Archivos/REPORTE DE COSTOS DE ARTICULO.JPG,.jpg,23655,2025-11-10T02:49:57Z
WebGestor/MesaAyuda/Archivos/REPORTE DE GUIA DE REMISION.JPG,.jpg,60012,2025-11-10T02:49:57Z
WebGestor/MesaAyuda/Archivos/SALIDA DE MERCADERIA.JPG,.jpg,40937,2025-11-10T02:49:57Z
WebGestor/MesaAyuda/Archivos/SALIDA NO GENERA.JPG,.jpg,77778,2025-11-10T02:49:57Z
WebGestor/MesaAyuda/Archivos/STOCK ART 1079.JPG,.jpg,50502,2025-11-10T02:49:57Z
WebGestor/MesaAyuda/Archivos/STOCK ERROR.JPG,.jpg,88978,2025-11-10T02:49:57Z
WebGestor/MesaAyuda/Archivos/STOCK PARLANTES ERROR.JPG,.jpg,6795,2025-11-10T02:49:57Z
WebGestor/MesaAyuda/Archivos/autoriza orden de venta.JPG,.jpg,199768,2025-11-10T02:49:57Z
WebGestor/MesaAyuda/Archivos/buttonhover2.gif,.gif,1177,2025-11-10T02:49:57Z
WebGestor/Scripts/WebForms/DetailsView.js,.js,1309,2025-11-10T02:49:57Z
WebGestor/Scripts/WebForms/Focus.js,.js,2974,2025-11-10T02:49:57Z
WebGestor/Scripts/WebForms/GridView.js,.js,1467,2025-11-10T02:49:57Z
WebGestor/Scripts/WebForms/MSAjax/MicrosoftAjax.js,.js,99264,2025-11-10T02:49:57Z
WebGestor/Scripts/WebForms/MSAjax/MicrosoftAjaxApplicationServices.js,.js,8966,2025-11-10T02:49:57Z
WebGestor/Scripts/WebForms/MSAjax/MicrosoftAjaxComponentModel.js,.js,24209,2025-11-10T02:49:57Z
WebGestor/Scripts/WebForms/MSAjax/MicrosoftAjaxCore.js,.js,26939,2025-11-10T02:49:57Z
WebGestor/Scripts/WebForms/MSAjax/MicrosoftAjaxGlobalization.js,.js,20028,2025-11-10T02:49:57Z
WebGestor/Scripts/WebForms/MSAjax/MicrosoftAjaxHistory.js,.js,6721,2025-11-10T02:49:57Z
WebGestor/Scripts/WebForms/MSAjax/MicrosoftAjaxNetwork.js,.js,12825,2025-11-10T02:49:57Z
WebGestor/Scripts/WebForms/MSAjax/MicrosoftAjaxSerialization.js,.js,5787,2025-11-10T02:49:57Z
WebGestor/Scripts/WebForms/MSAjax/MicrosoftAjaxTimer.js,.js,2616,2025-11-10T02:49:57Z
WebGestor/Scripts/WebForms/MSAjax/MicrosoftAjaxWebForms.js,.js,39542,2025-11-10T02:49:57Z
WebGestor/Scripts/WebForms/MSAjax/MicrosoftAjaxWebServices.js,.js,4798,2025-11-10T02:49:57Z
WebGestor/Scripts/WebForms/Menu.js,.js,32413,2025-11-10T02:49:57Z
WebGestor/Scripts/WebForms/MenuStandards.js,.js,27105,2025-11-10T02:49:57Z
WebGestor/Scripts/WebForms/SmartNav.js,.js,10539,2025-11-10T02:49:57Z
WebGestor/Scripts/WebForms/TreeView.js,.js,9190,2025-11-10T02:49:57Z
WebGestor/Scripts/WebForms/WebForms.js,.js,21842,2025-11-10T02:49:57Z
WebGestor/Scripts/WebForms/WebParts.js,.js,26599,2025-11-10T02:49:57Z
WebGestor/Scripts/WebForms/WebUIValidation.js,.js,26337,2025-11-10T02:49:57Z
WebGestor/Scripts/bootstrap.js,.js,69707,2025-11-10T02:49:57Z
WebGestor/Scripts/bootstrap.min.js,.js,37045,2025-11-10T02:49:57Z
WebGestor/Scripts/jquery-3.3.1.intellisense.js,.js,159646,2025-11-10T02:49:57Z
WebGestor/Scripts/jquery-3.3.1.js,.js,271751,2025-11-10T02:49:57Z
WebGestor/Scripts/jquery-3.3.1.min.js,.js,86927,2025-11-10T02:49:57Z
WebGestor/Scripts/jquery-3.3.1.slim.js,.js,218897,2025-11-10T02:49:57Z
WebGestor/Scripts/jquery-3.3.1.slim.min.js,.js,69917,2025-11-10T02:49:57Z
WebGestor/Scripts/modernizr-2.8.3.js,.js,51351,2025-11-10T02:49:57Z
WebGestor/Servicio/Temas/IMAGEN.jpeg,.jpeg,5074,2025-11-10T02:49:57Z
WebGestor/ServicioIntegral/Imagenes/DEPA1.JPG,.jpg,7019,2025-11-10T02:49:57Z
WebGestor/ServicioIntegral/Imagenes/NECESIDADES INFORMATICAS.jpg,.jpg,24792,2025-11-10T02:49:57Z
WebGestor/ServicioIntegral/Imagenes/boton isotipo web-01.jpg,.jpg,18774,2025-11-10T02:49:57Z
WebGestor/WebCam_Plugin/jquery.webcam.js,.js,2439,2025-11-10T02:49:57Z
WebGestor/bootstrap-4.5.2-dist/bootstrap-4.5.2-dist/css/bootstrap-grid.css,.css,67472,2025-11-10T02:49:57Z
WebGestor/bootstrap-4.5.2-dist/bootstrap-4.5.2-dist/css/bootstrap-grid.min.css,.css,50636,2025-11-10T02:49:57Z
WebGestor/bootstrap-4.5.2-dist/bootstrap-4.5.2-dist/css/bootstrap-reboot.css,.css,4764,2025-11-10T02:49:57Z
WebGestor/bootstrap-4.5.2-dist/bootstrap-4.5.2-dist/css/bootstrap-reboot.min.css,.css,3903,2025-11-10T02:49:57Z
WebGestor/bootstrap-4.5.2-dist/bootstrap-4.5.2-dist/css/bootstrap.css,.css,198134,2025-11-10T02:49:57Z
WebGestor/bootstrap-4.5.2-dist/bootstrap-4.5.2-dist/css/bootstrap.min.css,.css,160301,2025-11-10T02:49:57Z
WebGestor/bootstrap-4.5.2-dist/bootstrap-4.5.2-dist/js/bootstrap.bundle.js,.js,228437,2025-11-10T02:49:57Z
WebGestor/bootstrap-4.5.2-dist/bootstrap-4.5.2-dist/js/bootstrap.bundle.min.js,.js,80927,2025-11-10T02:49:57Z
WebGestor/bootstrap-4.5.2-dist/bootstrap-4.5.2-dist/js/bootstrap.js,.js,135565,2025-11-10T02:49:57Z
WebGestor/bootstrap-4.5.2-dist/bootstrap-4.5.2-dist/js/bootstrap.min.js,.js,60044,2025-11-10T02:49:57Z
WebGestor/bootstrap/css/bootstrap.css,.css,141622,2025-11-10T02:49:57Z
WebGestor/bootstrap/css/bootstrap.min.css,.css,89478,2025-11-10T02:49:57Z
WebGestor/bootstrap/estilos.css,.css,6864,2025-11-10T02:49:57Z
WebGestor/bootstrap/fonts/glyphicons-halflings-regular.eot,.eot,20127,2025-11-10T02:49:57Z
WebGestor/bootstrap/fonts/glyphicons-halflings-regular.svg,.svg,108738,2025-11-10T02:49:57Z
WebGestor/bootstrap/fonts/glyphicons-halflings-regular.ttf,.ttf,45404,2025-11-10T02:49:57Z
WebGestor/bootstrap/fonts/glyphicons-halflings-regular.woff,.woff,23424,2025-11-10T02:49:57Z
WebGestor/bootstrap/fonts/glyphicons-halflings-regular.woff2,.woff2,18028,2025-11-10T02:49:57Z
WebGestor/bootstrap/js/bootstrap.js,.js,67546,2025-11-10T02:49:57Z
WebGestor/bootstrap/js/bootstrap.min.js,.js,35951,2025-11-10T02:49:57Z
WebGestor/bootstrap/js/jquery-3.5.1.slim.min.js,.js,72380,2025-11-10T02:49:57Z
WebGestor/bootstrap/js/npm.js,.js,484,2025-11-10T02:49:57Z
WebGestor/bootstrap/js/popper.min.js,.js,21233,2025-11-10T02:49:57Z
WebGestor/dist/css/AdminLTE.css,.css,100231,2025-11-10T02:49:57Z
WebGestor/dist/css/AdminLTE.min.css,.css,111564,2025-11-10T02:49:57Z
WebGestor/dist/css/skins/_all-skins.css,.css,49294,2025-11-10T02:49:57Z
WebGestor/dist/css/skins/_all-skins.min.css,.css,54921,2025-11-10T02:49:57Z
WebGestor/dist/css/skins/skin-black-light.css,.css,4992,2025-11-10T02:49:57Z
WebGestor/dist/css/skins/skin-black-light.min.css,.css,4234,2025-11-10T02:49:57Z
WebGestor/dist/css/skins/skin-black.css,.css,4076,2025-11-10T02:49:57Z
WebGestor/dist/css/skins/skin-black.min.css,.css,3409,2025-11-10T02:49:57Z
WebGestor/dist/css/skins/skin-blue-light.css,.css,4663,2025-11-10T02:49:57Z
WebGestor/dist/css/skins/skin-blue-light.min.css,.css,4031,2025-11-10T02:49:57Z
WebGestor/dist/css/skins/skin-blue.css,.css,3715,2025-11-10T02:49:57Z
WebGestor/dist/css/skins/skin-blue.min.css,.css,3182,2025-11-10T02:49:57Z
WebGestor/dist/css/skins/skin-green-light.css,.css,4427,2025-11-10T02:49:57Z
WebGestor/dist/css/skins/skin-green-light.min.css,.css,3834,2025-11-10T02:49:57Z
WebGestor/dist/css/skins/skin-green.css,.css,3535,2025-11-10T02:49:57Z
WebGestor/dist/css/skins/skin-green.min.css,.css,3033,2025-11-10T02:49:57Z
WebGestor/dist/css/skins/skin-purple-light.css,.css,4478,2025-11-10T02:49:57Z
WebGestor/dist/css/skins/skin-purple-light.min.css,.css,3883,2025-11-10T02:49:57Z
WebGestor/dist/css/skins/skin-purple.css,.css,3579,2025-11-10T02:49:57Z
WebGestor/dist/css/skins/skin-purple.min.css,.css,3075,2025-11-10T02:49:57Z
WebGestor/dist/css/skins/skin-red-light.css,.css,4325,2025-11-10T02:49:57Z
WebGestor/dist/css/skins/skin-red-light.min.css,.css,3736,2025-11-10T02:49:57Z
WebGestor/dist/css/skins/skin-red.css,.css,3447,2025-11-10T02:49:57Z
WebGestor/dist/css/skins/skin-red.min.css,.css,2949,2025-11-10T02:49:57Z
WebGestor/dist/css/skins/skin-yellow-light.css,.css,4478,2025-11-10T02:49:57Z
WebGestor/dist/css/skins/skin-yellow-light.min.css,.css,3883,2025-11-10T02:49:57Z
WebGestor/dist/css/skins/skin-yellow.css,.css,3579,2025-11-10T02:49:57Z
WebGestor/dist/css/skins/skin-yellow.min.css,.css,3075,2025-11-10T02:49:57Z
WebGestor/dist/img/avatar.png,.png,27738,2025-11-10T02:49:57Z
WebGestor/dist/img/avatar04.png,.png,44586,2025-11-10T02:49:57Z
WebGestor/dist/img/avatar2.png,.png,28512,2025-11-10T02:49:57Z
WebGestor/dist/img/avatar3.png,.png,32476,2025-11-10T02:49:57Z
WebGestor/dist/img/avatar5.png,.png,24988,2025-11-10T02:49:57Z
WebGestor/dist/img/boxed-bg.jpg,.jpg,123770,2025-11-10T02:49:57Z
WebGestor/dist/img/boxed-bg.png,.png,43694,2025-11-10T02:49:57Z
WebGestor/dist/img/credit/american-express.png,.png,2796,2025-11-10T02:49:57Z
WebGestor/dist/img/credit/cirrus.png,.png,1872,2025-11-10T02:49:57Z
WebGestor/dist/img/credit/mastercard.png,.png,1988,2025-11-10T02:49:57Z
WebGestor/dist/img/credit/mestro.png,.png,1981,2025-11-10T02:49:57Z
WebGestor/dist/img/credit/paypal.png,.png,2664,2025-11-10T02:49:57Z
WebGestor/dist/img/credit/paypal2.png,.png,1416,2025-11-10T02:49:57Z
WebGestor/dist/img/credit/visa.png,.png,1199,2025-11-10T02:49:57Z
WebGestor/dist/img/default-50x50.gif,.gif,184,2025-11-10T02:49:57Z
WebGestor/dist/img/icons.png,.png,1896,2025-11-10T02:49:57Z
WebGestor/dist/img/photo1.png,.png,1639025,2025-11-10T02:49:57Z
WebGestor/dist/img/photo2.png,.png,1427229,2025-11-10T02:49:57Z
WebGestor/dist/img/sprite-skin-flat.png,.png,352,2025-11-10T02:49:57Z
WebGestor/dist/img/sprite-skin-nice.png,.png,1022,2025-11-10T02:49:57Z
WebGestor/dist/img/user1-128x128.jpg,.jpg,3377,2025-11-10T02:49:57Z
WebGestor/dist/img/user2-160x160.jpg,.jpg,8042,2025-11-10T02:49:57Z
WebGestor/dist/img/user3-128x128.jpg,.jpg,4025,2025-11-10T02:49:57Z
WebGestor/dist/img/user4-128x128.jpg,.jpg,3482,2025-11-10T02:49:57Z
WebGestor/dist/img/user5-128x128.jpg,.jpg,6492,2025-11-10T02:49:57Z
WebGestor/dist/img/user6-128x128.jpg,.jpg,4863,2025-11-10T02:49:57Z
WebGestor/dist/img/user7-128x128.jpg,.jpg,7066,2025-11-10T02:49:57Z
WebGestor/dist/img/user8-128x128.jpg,.jpg,5728,2025-11-10T02:49:57Z
WebGestor/dist/js/app.js,.js,20841,2025-11-10T02:49:57Z
WebGestor/dist/js/app.min.js,.js,8745,2025-11-10T02:49:57Z
WebGestor/dist/js/demo.js,.js,17873,2025-11-10T02:49:57Z
WebGestor/dist/js/pages/dashboard.js,.js,6387,2025-11-10T02:49:57Z
WebGestor/dist/js/pages/dashboard2.js,.js,8932,2025-11-10T02:49:57Z
WebGestor/favicon.ico,.ico,32038,2025-11-10T02:49:57Z
WebGestor/fonts.css,.css,1079,2025-11-10T02:49:57Z
WebGestor/fonts/glyphicons-halflings-regular.eot,.eot,20127,2025-11-10T02:49:57Z
WebGestor/fonts/glyphicons-halflings-regular.svg,.svg,108738,2025-11-10T02:49:57Z
WebGestor/fonts/glyphicons-halflings-regular.ttf,.ttf,45404,2025-11-10T02:49:57Z
WebGestor/fonts/glyphicons-halflings-regular.woff,.woff,23424,2025-11-10T02:49:57Z
WebGestor/fonts/glyphicons-halflings-regular.woff2,.woff2,18028,2025-11-10T02:49:57Z
WebGestor/menu.js,.js,407,2025-11-10T02:49:57Z
WebGestor/plugins/bootstrap-slider/bootstrap-slider.js,.js,36164,2025-11-10T02:49:57Z
WebGestor/plugins/bootstrap-slider/slider.css,.css,4414,2025-11-10T02:49:57Z
WebGestor/plugins/bootstrap-wysihtml5/bootstrap3-wysihtml5.all.min.js,.js,137448,2025-11-10T02:49:57Z
WebGestor/plugins/bootstrap-wysihtml5/bootstrap3-wysihtml5.css,.css,2334,2025-11-10T02:49:57Z
WebGestor/plugins/bootstrap-wysihtml5/bootstrap3-wysihtml5.js,.js,10258,2025-11-10T02:49:57Z
WebGestor/plugins/bootstrap-wysihtml5/bootstrap3-wysihtml5.min.css,.css,2076,2025-11-10T02:49:57Z
WebGestor/plugins/chartjs/Chart.js,.js,109110,2025-11-10T02:49:57Z
WebGestor/plugins/chartjs/Chart.min.js,.js,51840,2025-11-10T02:49:57Z
WebGestor/plugins/ckeditor/adapters/jquery.js,.js,3002,2025-11-10T02:49:57Z
WebGestor/plugins/ckeditor/build-config.js,.js,2310,2025-11-10T02:49:57Z
WebGestor/plugins/ckeditor/ckeditor.js,.js,459952,2025-11-10T02:49:57Z
WebGestor/plugins/ckeditor/config.js,.js,1321,2025-11-10T02:49:57Z
WebGestor/plugins/ckeditor/contents.css,.css,1727,2025-11-10T02:49:57Z
WebGestor/plugins/ckeditor/lang/af.js,.js,11910,2025-11-10T02:49:57Z
WebGestor/plugins/ckeditor/lang/ar.js,.js,15578,2025-11-10T02:49:57Z
WebGestor/plugins/ckeditor/lang/bg.js,.js,16941,2025-11-10T02:49:57Z
WebGestor/plugins/ckeditor/lang/bn.js,.js,16281,2025-11-10T02:49:57Z
WebGestor/plugins/ckeditor/lang/bs.js,.js,11927,2025-11-10T02:49:57Z
WebGestor/plugins/ckeditor/lang/ca.js,.js,13235,2025-11-10T02:49:57Z
WebGestor/plugins/ckeditor/lang/cs.js,.js,13195,2025-11-10T02:49:57Z
WebGestor/plugins/ckeditor/lang/cy.js,.js,12371,2025-11-10T02:49:57Z
WebGestor/plugins/ckeditor/lang/da.js,.js,12390,2025-11-10T02:49:57Z
WebGestor/plugins/ckeditor/lang/de.js,.js,13275,2025-11-10T02:49:57Z
WebGestor/plugins/ckeditor/lang/el.js,.js,19475,2025-11-10T02:49:57Z
WebGestor/plugins/ckeditor/lang/en-au.js,.js,11852,2025-11-10T02:49:57Z
WebGestor/plugins/ckeditor/lang/en-ca.js,.js,11852,2025-11-10T02:49:57Z
WebGestor/plugins/ckeditor/lang/en-gb.js,.js,11862,2025-11-10T02:49:57Z
WebGestor/plugins/ckeditor/lang/en.js,.js,11871,2025-11-10T02:49:57Z
WebGestor/plugins/ckeditor/lang/eo.js,.js,12644,2025-11-10T02:49:57Z
WebGestor/plugins/ckeditor/lang/es.js,.js,13403,2025-11-10T02:49:57Z
WebGestor/plugins/ckeditor/lang/et.js,.js,12359,2025-11-10T02:49:57Z
WebGestor/plugins/ckeditor/lang/eu.js,.js,12904,2025-11-10T02:49:57Z
WebGestor/plugins/ckeditor/lang/fa.js,.js,16691,2025-11-10T02:49:57Z
WebGestor/plugins/ckeditor/lang/fi.js,.js,12666,2025-11-10T02:49:57Z
WebGestor/plugins/ckeditor/lang/fo.js,.js,12707,2025-11-10T02:49:57Z
WebGestor/plugins/ckeditor/lang/fr-ca.js,.js,13203,2025-11-10T02:49:57Z
WebGestor/plugins/ckeditor/lang/fr.js,.js,13723,2025-11-10T02:49:57Z
WebGestor/plugins/ckeditor/lang/gl.js,.js,13084,2025-11-10T02:49:57Z
WebGestor/plugins/ckeditor/lang/gu.js,.js,21257,2025-11-10T02:49:57Z
WebGestor/plugins/ckeditor/lang/he.js,.js,15079,2025-11-10T02:49:57Z
WebGestor/plugins/ckeditor/lang/hi.js,.js,16730,2025-11-10T02:49:57Z
WebGestor/plugins/ckeditor/lang/hr.js,.js,12197,2025-11-10T02:49:57Z
WebGestor/plugins/ckeditor/lang/hu.js,.js,13497,2025-11-10T02:49:57Z
WebGestor/plugins/ckeditor/lang/id.js,.js,12122,2025-11-10T02:49:57Z
WebGestor/plugins/ckeditor/lang/is.js,.js,12272,2025-11-10T02:49:57Z
WebGestor/plugins/ckeditor/lang/it.js,.js,13224,2025-11-10T02:49:57Z
WebGestor/plugins/ckeditor/lang/ja.js,.js,14715,2025-11-10T02:49:57Z
WebGestor/plugins/ckeditor/lang/ka.js,.js,23222,2025-11-10T02:49:57Z
WebGestor/plugins/ckeditor/lang/km.js,.js,20773,2025-11-10T02:49:57Z
WebGestor/plugins/ckeditor/lang/ko.js,.js,12659,2025-11-10T02:49:57Z
WebGestor/plugins/ckeditor/lang/ku.js,.js,18317,2025-11-10T02:49:57Z
WebGestor/plugins/ckeditor/lang/lt.js,.js,13074,2025-11-10T02:49:57Z
WebGestor/plugins/ckeditor/lang/lv.js,.js,13287,2025-11-10T02:49:57Z
WebGestor/plugins/ckeditor/lang/mk.js,.js,11874,2025-11-10T02:49:57Z
WebGestor/plugins/ckeditor/lang/mn.js,.js,15734,2025-11-10T02:49:57Z
WebGestor/plugins/ckeditor/lang/ms.js,.js,12098,2025-11-10T02:49:57Z
WebGestor/plugins/ckeditor/lang/nb.js,.js,12205,2025-11-10T02:49:57Z
WebGestor/plugins/ckeditor/lang/nl.js,.js,12743,2025-11-10T02:49:57Z
WebGestor/plugins/ckeditor/lang/no.js,.js,12189,2025-11-10T02:49:57Z
WebGestor/plugins/ckeditor/lang/pl.js,.js,13261,2025-11-10T02:49:57Z
WebGestor/plugins/ckeditor/lang/pt-br.js,.js,13464,2025-11-10T02:49:57Z
WebGestor/plugins/ckeditor/lang/pt.js,.js,13208,2025-11-10T02:49:57Z
WebGestor/plugins/ckeditor/lang/ro.js,.js,13595,2025-11-10T02:49:57Z
WebGestor/plugins/ckeditor/lang/ru.js,.js,19532,2025-11-10T02:49:57Z
WebGestor/plugins/ckeditor/lang/si.js,.js,17008,2025-11-10T02:49:57Z
WebGestor/plugins/ckeditor/lang/sk.js,.js,13316,2025-11-10T02:49:57Z
WebGestor/plugins/ckeditor/lang/sl.js,.js,12397,2025-11-10T02:49:57Z
WebGestor/plugins/ckeditor/lang/sq.js,.js,13183,2025-11-10T02:49:57Z
WebGestor/plugins/ckeditor/lang/sr-latn.js,.js,12233,2025-11-10T02:49:57Z
WebGestor/plugins/ckeditor/lang/sr.js,.js,15110,2025-11-10T02:49:57Z
WebGestor/plugins/ckeditor/lang/sv.js,.js,12168,2025-11-10T02:49:57Z
WebGestor/plugins/ckeditor/lang/th.js,.js,19595,2025-11-10T02:49:57Z
WebGestor/plugins/ckeditor/lang/tr.js,.js,13047,2025-11-10T02:49:57Z
WebGestor/plugins/ckeditor/lang/ug.js,.js,18607,2025-11-10T02:49:57Z
WebGestor/plugins/ckeditor/lang/uk.js,.js,19176,2025-11-10T02:49:57Z
WebGestor/plugins/ckeditor/lang/vi.js,.js,14975,2025-11-10T02:49:57Z
WebGestor/plugins/ckeditor/lang/zh-cn.js,.js,11678,2025-11-10T02:49:57Z
WebGestor/plugins/ckeditor/lang/zh.js,.js,11604,2025-11-10T02:49:57Z
WebGestor/plugins/ckeditor/plugins/a11yhelp/dialogs/a11yhelp.js,.js,2851,2025-11-10T02:49:57Z
WebGestor/plugins/ckeditor/plugins/a11yhelp/dialogs/lang/ar.js,.js,2859,2025-11-10T02:49:57Z
WebGestor/plugins/ckeditor/plugins/a11yhelp/dialogs/lang/bg.js,.js,2861,2025-11-10T02:49:57Z
WebGestor/plugins/ckeditor/plugins/a11yhelp/dialogs/lang/ca.js,.js,3397,2025-11-10T02:49:57Z
WebGestor/plugins/ckeditor/plugins/a11yhelp/dialogs/lang/cs.js,.js,3497,2025-11-10T02:49:57Z
WebGestor/plugins/ckeditor/plugins/a11yhelp/dialogs/lang/cy.js,.js,3179,2025-11-10T02:49:57Z
WebGestor/plugins/ckeditor/plugins/a11yhelp/dialogs/lang/da.js,.js,2876,2025-11-10T02:49:57Z
WebGestor/plugins/ckeditor/plugins/a11yhelp/dialogs/lang/de.js,.js,3358,2025-11-10T02:49:57Z
WebGestor/plugins/ckeditor/plugins/a11yhelp/dialogs/lang/el.js,.js,5843,2025-11-10T02:49:57Z
WebGestor/plugins/ckeditor/plugins/a11yhelp/dialogs/lang/en.js,.js,2860,2025-11-10T02:49:57Z
WebGestor/plugins/ckeditor/plugins/a11yhelp/dialogs/lang/eo.js,.js,3546,2025-11-10T02:49:57Z
WebGestor/plugins/ckeditor/plugins/a11yhelp/dialogs/lang/es.js,.js,3436,2025-11-10T02:49:57Z
WebGestor/plugins/ckeditor/plugins/a11yhelp/dialogs/lang/et.js,.js,2869,2025-11-10T02:49:57Z
WebGestor/plugins/ckeditor/plugins/a11yhelp/dialogs/lang/fa.js,.js,4688,2025-11-10T02:49:57Z
WebGestor/plugins/ckeditor/plugins/a11yhelp/dialogs/lang/fi.js,.js,3453,2025-11-10T02:49:57Z
WebGestor/plugins/ckeditor/plugins/a11yhelp/dialogs/lang/fr-ca.js,.js,3931,2025-11-10T02:49:57Z
WebGestor/plugins/ckeditor/plugins/a11yhelp/dialogs/lang/fr.js,.js,4125,2025-11-10T02:49:57Z
WebGestor/plugins/ckeditor/plugins/a11yhelp/dialogs/lang/gl.js,.js,3351,2025-11-10T02:49:57Z
WebGestor/plugins/ckeditor/plugins/a11yhelp/dialogs/lang/gu.js,.js,3070,2025-11-10T02:49:57Z
WebGestor/plugins/ckeditor/plugins/a11yhelp/dialogs/lang/he.js,.js,3952,2025-11-10T02:49:57Z
WebGestor/plugins/ckeditor/plugins/a11yhelp/dialogs/lang/hi.js,.js,2874,2025-11-10T02:49:57Z
WebGestor/plugins/ckeditor/plugins/a11yhelp/dialogs/lang/hr.js,.js,3039,2025-11-10T02:49:57Z
WebGestor/plugins/ckeditor/plugins/a11yhelp/dialogs/lang/hu.js,.js,3550,2025-11-10T02:49:57Z
WebGestor/plugins/ckeditor/plugins/a11yhelp/dialogs/lang/id.js,.js,2855,2025-11-10T02:49:57Z
WebGestor/plugins/ckeditor/plugins/a11yhelp/dialogs/lang/it.js,.js,3550,2025-11-10T02:49:57Z
WebGestor/plugins/ckeditor/plugins/a11yhelp/dialogs/lang/ja.js,.js,4116,2025-11-10T02:49:57Z
WebGestor/plugins/ckeditor/plugins/a11yhelp/dialogs/lang/km.js,.js,2865,2025-11-10T02:49:57Z
WebGestor/plugins/ckeditor/plugins/a11yhelp/dialogs/lang/ko.js,.js,2884,2025-11-10T02:49:57Z
WebGestor/plugins/ckeditor/plugins/a11yhelp/dialogs/lang/ku.js,.js,5028,2025-11-10T02:49:57Z
WebGestor/plugins/ckeditor/plugins/a11yhelp/dialogs/lang/lt.js,.js,2869,2025-11-10T02:49:57Z
WebGestor/plugins/ckeditor/plugins/a11yhelp/dialogs/lang/lv.js,.js,3738,2025-11-10T02:49:57Z
WebGestor/plugins/ckeditor/plugins/a11yhelp/dialogs/lang/mk.js,.js,3011,2025-11-10T02:49:57Z
WebGestor/plugins/ckeditor/plugins/a11yhelp/dialogs/lang/mn.js,.js,2867,2025-11-10T02:49:57Z
WebGestor/plugins/ckeditor/plugins/a11yhelp/dialogs/lang/nb.js,.js,3218,2025-11-10T02:49:57Z
WebGestor/plugins/ckeditor/plugins/a11yhelp/dialogs/lang/nl.js,.js,3337,2025-11-10T02:49:57Z
WebGestor/plugins/ckeditor/plugins/a11yhelp/dialogs/lang/no.js,.js,3215,2025-11-10T02:49:57Z
WebGestor/plugins/ckeditor/plugins/a11yhelp/dialogs/lang/pl.js,.js,3523,2025-11-10T02:49:57Z
WebGestor/plugins/ckeditor/plugins/a11yhelp/dialogs/lang/pt-br.js,.js,3319,2025-11-10T02:49:57Z
WebGestor/plugins/ckeditor/plugins/a11yhelp/dialogs/lang/pt.js,.js,3495,2025-11-10T02:49:57Z
WebGestor/plugins/ckeditor/plugins/a11yhelp/dialogs/lang/ro.js,.js,2885,2025-11-10T02:49:57Z
WebGestor/plugins/ckeditor/plugins/a11yhelp/dialogs/lang/ru.js,.js,4960,2025-11-10T02:49:57Z
WebGestor/plugins/ckeditor/plugins/a11yhelp/dialogs/lang/si.js,.js,5408,2025-11-10T02:49:57Z
WebGestor/plugins/ckeditor/plugins/a11yhelp/dialogs/lang/sk.js,.js,3606,2025-11-10T02:49:57Z
WebGestor/plugins/ckeditor/plugins/a11yhelp/dialogs/lang/sl.js,.js,3402,2025-11-10T02:49:57Z
WebGestor/plugins/ckeditor/plugins/a11yhelp/dialogs/lang/sq.js,.js,2917,2025-11-10T02:49:57Z
WebGestor/plugins/ckeditor/plugins/a11yhelp/dialogs/lang/sr-latn.js,.js,2864,2025-11-10T02:49:57Z
WebGestor/plugins/ckeditor/plugins/a11yhelp/dialogs/lang/sr.js,.js,2863,2025-11-10T02:49:57Z
WebGestor/plugins/ckeditor/plugins/a11yhelp/dialogs/lang/sv.js,.js,3290,2025-11-10T02:49:57Z
WebGestor/plugins/ckeditor/plugins/a11yhelp/dialogs/lang/th.js,.js,3238,2025-11-10T02:49:57Z
WebGestor/plugins/ckeditor/plugins/a11yhelp/dialogs/lang/tr.js,.js,3377,2025-11-10T02:49:57Z
WebGestor/plugins/ckeditor/plugins/a11yhelp/dialogs/lang/ug.js,.js,5375,2025-11-10T02:49:57Z
WebGestor/plugins/ckeditor/plugins/a11yhelp/dialogs/lang/uk.js,.js,5161,2025-11-10T02:49:57Z
WebGestor/plugins/ckeditor/plugins/a11yhelp/dialogs/lang/vi.js,.js,4189,2025-11-10T02:49:57Z
WebGestor/plugins/ckeditor/plugins/a11yhelp/dialogs/lang/zh-cn.js,.js,2890,2025-11-10T02:49:57Z
WebGestor/plugins/ckeditor/plugins/a11yhelp/dialogs/lang/zh.js,.js,3152,2025-11-10T02:49:57Z
WebGestor/plugins/ckeditor/plugins/about/dialogs/about.js,.js,1511,2025-11-10T02:49:57Z
WebGestor/plugins/ckeditor/plugins/about/dialogs/hidpi/logo_ckeditor.png,.png,13339,2025-11-10T02:49:57Z
WebGestor/plugins/ckeditor/plugins/about/dialogs/logo_ckeditor.png,.png,6757,2025-11-10T02:49:57Z
WebGestor/plugins/ckeditor/plugins/clipboard/dialogs/paste.js,.js,3499,2025-11-10T02:49:57Z
WebGestor/plugins/ckeditor/plugins/dialog/dialogDefinition.js,.js,148,2025-11-10T02:49:57Z
WebGestor/plugins/ckeditor/plugins/fakeobjects/images/spacer.gif,.gif,43,2025-11-10T02:49:57Z
WebGestor/plugins/ckeditor/plugins/icons.png,.png,10030,2025-11-10T02:49:57Z
WebGestor/plugins/ckeditor/plugins/icons_hidpi.png,.png,34465,2025-11-10T02:49:57Z
WebGestor/plugins/ckeditor/plugins/image/dialogs/image.js,.js,20572,2025-11-10T02:49:57Z
WebGestor/plugins/ckeditor/plugins/image/images/noimage.png,.png,2115,2025-11-10T02:49:57Z
WebGestor/plugins/ckeditor/plugins/link/dialogs/anchor.js,.js,1930,2025-11-10T02:49:57Z
WebGestor/plugins/ckeditor/plugins/link/dialogs/link.js,.js,16587,2025-11-10T02:49:57Z
WebGestor/plugins/ckeditor/plugins/link/images/anchor.png,.png,763,2025-11-10T02:49:57Z
WebGestor/plugins/ckeditor/plugins/link/images/hidpi/anchor.png,.png,1597,2025-11-10T02:49:57Z
WebGestor/plugins/ckeditor/plugins/magicline/images/hidpi/icon.png,.png,260,2025-11-10T02:49:57Z
WebGestor/plugins/ckeditor/plugins/magicline/images/icon.png,.png,172,2025-11-10T02:49:57Z
WebGestor/plugins/ckeditor/plugins/pastefromword/filter/default.js,.js,13930,2025-11-10T02:49:57Z
WebGestor/plugins/ckeditor/plugins/scayt/dialogs/options.js,.js,8195,2025-11-10T02:49:57Z
WebGestor/plugins/ckeditor/plugins/scayt/dialogs/toolbar.css,.css,1231,2025-11-10T02:49:57Z
WebGestor/plugins/ckeditor/plugins/specialchar/dialogs/lang/ar.js,.js,4792,2025-11-10T02:49:57Z
WebGestor/plugins/ckeditor/plugins/specialchar/dialogs/lang/bg.js,.js,4735,2025-11-10T02:49:57Z
WebGestor/plugins/ckeditor/plugins/specialchar/dialogs/lang/ca.js,.js,5010,2025-11-10T02:49:57Z
WebGestor/plugins/ckeditor/plugins/specialchar/dialogs/lang/cs.js,.js,4967,2025-11-10T02:49:57Z
WebGestor/plugins/ckeditor/plugins/specialchar/dialogs/lang/cy.js,.js,4891,2025-11-10T02:49:57Z
WebGestor/plugins/ckeditor/plugins/specialchar/dialogs/lang/de.js,.js,4717,2025-11-10T02:49:57Z
WebGestor/plugins/ckeditor/plugins/specialchar/dialogs/lang/el.js,.js,7539,2025-11-10T02:49:57Z
WebGestor/plugins/ckeditor/plugins/specialchar/dialogs/lang/en.js,.js,4543,2025-11-10T02:49:57Z
WebGestor/plugins/ckeditor/plugins/specialchar/dialogs/lang/eo.js,.js,4064,2025-11-10T02:49:57Z
WebGestor/plugins/ckeditor/plugins/specialchar/dialogs/lang/es.js,.js,4943,2025-11-10T02:49:57Z
WebGestor/plugins/ckeditor/plugins/specialchar/dialogs/lang/et.js,.js,4488,2025-11-10T02:49:57Z
WebGestor/plugins/ckeditor/plugins/specialchar/dialogs/lang/fa.js,.js,5768,2025-11-10T02:49:57Z
WebGestor/plugins/ckeditor/plugins/specialchar/dialogs/lang/fi.js,.js,4581,2025-11-10T02:49:57Z
WebGestor/plugins/ckeditor/plugins/specialchar/dialogs/lang/fr-ca.js,.js,3216,2025-11-10T02:49:57Z
WebGestor/plugins/ckeditor/plugins/specialchar/dialogs/lang/fr.js,.js,3838,2025-11-10T02:49:57Z
WebGestor/plugins/ckeditor/plugins/specialchar/dialogs/lang/gl.js,.js,5000,2025-11-10T02:49:57Z
WebGestor/plugins/ckeditor/plugins/specialchar/dialogs/lang/he.js,.js,4982,2025-11-10T02:49:57Z
WebGestor/plugins/ckeditor/plugins/specialchar/dialogs/lang/hr.js,.js,4514,2025-11-10T02:49:57Z
WebGestor/plugins/ckeditor/plugins/specialchar/dialogs/lang/hu.js,.js,4131,2025-11-10T02:49:57Z
WebGestor/plugins/ckeditor/plugins/specialchar/dialogs/lang/id.js,.js,4552,2025-11-10T02:49:57Z
WebGestor/plugins/ckeditor/plugins/specialchar/dialogs/lang/it.js,.js,5016,2025-11-10T02:49:57Z
WebGestor/plugins/ckeditor/plugins/specialchar/dialogs/lang/ja.js,.js,3980,2025-11-10T02:49:57Z
WebGestor/plugins/ckeditor/plugins/specialchar/dialogs/lang/km.js,.js,4747,2025-11-10T02:49:57Z
WebGestor/plugins/ckeditor/plugins/specialchar/dialogs/lang/ku.js,.js,7560,2025-11-10T02:49:57Z
WebGestor/plugins/ckeditor/plugins/specialchar/dialogs/lang/lv.js,.js,5018,2025-11-10T02:49:57Z
WebGestor/plugins/ckeditor/plugins/specialchar/dialogs/lang/nb.js,.js,3428,2025-11-10T02:49:57Z
WebGestor/plugins/ckeditor/plugins/specialchar/dialogs/lang/nl.js,.js,4722,2025-11-10T02:49:57Z
WebGestor/plugins/ckeditor/plugins/specialchar/dialogs/lang/no.js,.js,3428,2025-11-10T02:49:57Z
WebGestor/plugins/ckeditor/plugins/specialchar/dialogs/lang/pl.js,.js,4321,2025-11-10T02:49:57Z
WebGestor/plugins/ckeditor/plugins/specialchar/dialogs/lang/pt-br.js,.js,3826,2025-11-10T02:49:57Z
WebGestor/plugins/ckeditor/plugins/specialchar/dialogs/lang/pt.js,.js,4788,2025-11-10T02:49:57Z
WebGestor/plugins/ckeditor/plugins/specialchar/dialogs/lang/ru.js,.js,7543,2025-11-10T02:49:57Z
WebGestor/plugins/ckeditor/plugins/specialchar/dialogs/lang/si.js,.js,4884,2025-11-10T02:49:57Z
WebGestor/plugins/ckeditor/plugins/specialchar/dialogs/lang/sk.js,.js,4760,2025-11-10T02:49:57Z
WebGestor/plugins/ckeditor/plugins/specialchar/dialogs/lang/sl.js,.js,4319,2025-11-10T02:49:57Z
WebGestor/plugins/ckeditor/plugins/specialchar/dialogs/lang/sq.js,.js,4974,2025-11-10T02:49:57Z
WebGestor/plugins/ckeditor/plugins/specialchar/dialogs/lang/sv.js,.js,3480,2025-11-10T02:49:57Z
WebGestor/plugins/ckeditor/plugins/specialchar/dialogs/lang/th.js,.js,4672,2025-11-10T02:49:57Z
WebGestor/plugins/ckeditor/plugins/specialchar/dialogs/lang/tr.js,.js,4475,2025-11-10T02:49:57Z
WebGestor/plugins/ckeditor/plugins/specialchar/dialogs/lang/ug.js,.js,4999,2025-11-10T02:49:57Z
WebGestor/plugins/ckeditor/plugins/specialchar/dialogs/lang/uk.js,.js,6366,2025-11-10T02:49:57Z
WebGestor/plugins/ckeditor/plugins/specialchar/dialogs/lang/vi.js,.js,6081,2025-11-10T02:49:57Z
WebGestor/plugins/ckeditor/plugins/specialchar/dialogs/lang/zh-cn.js,.js,4377,2025-11-10T02:49:57Z
WebGestor/plugins/ckeditor/plugins/specialchar/dialogs/lang/zh.js,.js,4406,2025-11-10T02:49:57Z
WebGestor/plugins/ckeditor/plugins/specialchar/dialogs/specialchar.js,.js,4824,2025-11-10T02:49:57Z
WebGestor/plugins/ckeditor/plugins/table/dialogs/table.js,.js,8788,2025-11-10T02:49:57Z
WebGestor/plugins/ckeditor/plugins/tabletools/dialogs/tableCell.js,.js,6208,2025-11-10T02:49:57Z
WebGestor/plugins/ckeditor/plugins/wsc/dialogs/wsc.css,.css,1150,2025-11-10T02:49:57Z
WebGestor/plugins/ckeditor/plugins/wsc/dialogs/wsc.js,.js,32976,2025-11-10T02:49:57Z
WebGestor/plugins/ckeditor/plugins/wsc/dialogs/wsc_ie.js,.js,3324,2025-11-10T02:49:57Z
WebGestor/plugins/ckeditor/skins/moono/dialog.css,.css,15856,2025-11-10T02:49:57Z
WebGestor/plugins/ckeditor/skins/moono/dialog_ie.css,.css,16767,2025-11-10T02:49:57Z
WebGestor/plugins/ckeditor/skins/moono/dialog_ie7.css,.css,17324,2025-11-10T02:49:57Z
WebGestor/plugins/ckeditor/skins/moono/dialog_ie8.css,.css,16939,2025-11-10T02:49:57Z
WebGestor/plugins/ckeditor/skins/moono/dialog_iequirks.css,.css,16796,2025-11-10T02:49:57Z
WebGestor/plugins/ckeditor/skins/moono/dialog_opera.css,.css,15984,2025-11-10T02:49:57Z
WebGestor/plugins/ckeditor/skins/moono/editor.css,.css,35175,2025-11-10T02:49:57Z
WebGestor/plugins/ckeditor/skins/moono/editor_gecko.css,.css,35256,2025-11-10T02:49:57Z
WebGestor/plugins/ckeditor/skins/moono/editor_ie.css,.css,36174,2025-11-10T02:49:57Z
WebGestor/plugins/ckeditor/skins/moono/editor_ie7.css,.css,38199,2025-11-10T02:49:57Z
WebGestor/plugins/ckeditor/skins/moono/editor_ie8.css,.css,36349,2025-11-10T02:49:57Z
WebGestor/plugins/ckeditor/skins/moono/editor_iequirks.css,.css,36824,2025-11-10T02:49:57Z
WebGestor/plugins/ckeditor/skins/moono/icons.png,.png,10030,2025-11-10T02:49:57Z
WebGestor/plugins/ckeditor/skins/moono/icons_hidpi.png,.png,34465,2025-11-10T02:49:57Z
WebGestor/plugins/ckeditor/skins/moono/images/arrow.png,.png,261,2025-11-10T02:49:57Z
WebGestor/plugins/ckeditor/skins/moono/images/close.png,.png,824,2025-11-10T02:49:57Z
WebGestor/plugins/ckeditor/skins/moono/images/hidpi/close.png,.png,1792,2025-11-10T02:49:57Z
WebGestor/plugins/ckeditor/skins/moono/images/hidpi/lock-open.png,.png,1503,2025-11-10T02:49:57Z
WebGestor/plugins/ckeditor/skins/moono/images/hidpi/lock.png,.png,1616,2025-11-10T02:49:57Z
WebGestor/plugins/ckeditor/skins/moono/images/hidpi/refresh.png,.png,2320,2025-11-10T02:49:57Z
WebGestor/plugins/ckeditor/skins/moono/images/lock-open.png,.png,736,2025-11-10T02:49:57Z
WebGestor/plugins/ckeditor/skins/moono/images/lock.png,.png,728,2025-11-10T02:49:57Z
WebGestor/plugins/ckeditor/skins/moono/images/refresh.png,.png,953,2025-11-10T02:49:57Z
WebGestor/plugins/ckeditor/styles.js,.js,3483,2025-11-10T02:49:57Z
WebGestor/plugins/colorpicker/bootstrap-colorpicker.css,.css,3909,2025-11-10T02:49:57Z
WebGestor/plugins/colorpicker/bootstrap-colorpicker.js,.js,33831,2025-11-10T02:49:57Z
WebGestor/plugins/colorpicker/bootstrap-colorpicker.min.css,.css,3262,2025-11-10T02:49:57Z
WebGestor/plugins/colorpicker/bootstrap-colorpicker.min.js,.js,15528,2025-11-10T02:49:57Z
WebGestor/plugins/colorpicker/img/alpha-horizontal.png,.png,3635,2025-11-10T02:49:57Z
WebGestor/plugins/colorpicker/img/alpha.png,.png,3271,2025-11-10T02:49:57Z
WebGestor/plugins/colorpicker/img/hue-horizontal.png,.png,2837,2025-11-10T02:49:57Z
WebGestor/plugins/colorpicker/img/hue.png,.png,2972,2025-11-10T02:49:57Z
WebGestor/plugins/colorpicker/img/saturation.png,.png,8817,2025-11-10T02:49:57Z
WebGestor/plugins/datatables/dataTables.bootstrap.css,.css,8829,2025-11-10T02:49:57Z
WebGestor/plugins/datatables/dataTables.bootstrap.js,.js,4839,2025-11-10T02:49:57Z
WebGestor/plugins/datatables/dataTables.bootstrap.min.js,.js,2065,2025-11-10T02:49:57Z
WebGestor/plugins/datatables/extensions/AutoFill/css/dataTables.autoFill.css,.css,493,2025-11-10T02:49:57Z
WebGestor/plugins/datatables/extensions/AutoFill/css/dataTables.autoFill.min.css,.css,344,2025-11-10T02:49:57Z
WebGestor/plugins/datatables/extensions/AutoFill/images/filler.png,.png,1040,2025-11-10T02:49:57Z
WebGestor/plugins/datatables/extensions/AutoFill/js/dataTables.autoFill.js,.js,22645,2025-11-10T02:49:57Z
WebGestor/plugins/datatables/extensions/AutoFill/js/dataTables.autoFill.min.js,.js,9046,2025-11-10T02:49:57Z
WebGestor/plugins/datatables/extensions/ColReorder/css/dataTables.colReorder.css,.css,224,2025-11-10T02:49:57Z
WebGestor/plugins/datatables/extensions/ColReorder/css/dataTables.colReorder.min.css,.css,139,2025-11-10T02:49:57Z
WebGestor/plugins/datatables/extensions/ColReorder/images/insert.png,.png,1885,2025-11-10T02:49:57Z
WebGestor/plugins/datatables/extensions/ColReorder/js/dataTables.colReorder.js,.js,36311,2025-11-10T02:49:57Z
WebGestor/plugins/datatables/extensions/ColReorder/js/dataTables.colReorder.min.js,.js,11138,2025-11-10T02:49:57Z
WebGestor/plugins/datatables/extensions/ColVis/css/dataTables.colVis.css,.css,5824,2025-11-10T02:49:57Z
WebGestor/plugins/datatables/extensions/ColVis/css/dataTables.colVis.min.css,.css,4376,2025-11-10T02:49:57Z
WebGestor/plugins/datatables/extensions/ColVis/css/dataTables.colvis.jqueryui.css,.css,558,2025-11-10T02:49:57Z
WebGestor/plugins/datatables/extensions/ColVis/js/dataTables.colVis.js,.js,27029,2025-11-10T02:49:57Z
WebGestor/plugins/datatables/extensions/ColVis/js/dataTables.colVis.min.js,.js,10109,2025-11-10T02:49:57Z
WebGestor/plugins/datatables/extensions/FixedColumns/css/dataTables.fixedColumns.css,.css,530,2025-11-10T02:49:57Z
WebGestor/plugins/datatables/extensions/FixedColumns/css/dataTables.fixedColumns.min.css,.css,327,2025-11-10T02:49:57Z
WebGestor/plugins/datatables/extensions/FixedColumns/js/dataTables.fixedColumns.js,.js,40932,2025-11-10T02:49:57Z
WebGestor/plugins/datatables/extensions/FixedColumns/js/dataTables.fixedColumns.min.js,.js,14108,2025-11-10T02:49:57Z
WebGestor/plugins/datatables/extensions/FixedHeader/css/dataTables.fixedHeader.css,.css,97,2025-11-10T02:49:57Z
WebGestor/plugins/datatables/extensions/FixedHeader/css/dataTables.fixedHeader.min.css,.css,87,2025-11-10T02:49:57Z
WebGestor/plugins/datatables/extensions/FixedHeader/js/dataTables.fixedHeader.js,.js,29308,2025-11-10T02:49:57Z
WebGestor/plugins/datatables/extensions/FixedHeader/js/dataTables.fixedHeader.min.js,.js,12590,2025-11-10T02:49:57Z
WebGestor/plugins/datatables/extensions/KeyTable/css/dataTables.keyTable.css,.css,107,2025-11-10T02:49:57Z
WebGestor/plugins/datatables/extensions/KeyTable/css/dataTables.keyTable.min.css,.css,95,2025-11-10T02:49:57Z
WebGestor/plugins/datatables/extensions/KeyTable/js/dataTables.keyTable.js,.js,29477,2025-11-10T02:49:57Z
WebGestor/plugins/datatables/extensions/KeyTable/js/dataTables.keyTable.min.js,.js,6663,2025-11-10T02:49:57Z
WebGestor/plugins/datatables/extensions/Responsive/css/dataTables.responsive.css,.css,3051,2025-11-10T02:49:57Z
WebGestor/plugins/datatables/extensions/Responsive/js/dataTables.responsive.js,.js,25098,2025-11-10T02:49:57Z
WebGestor/plugins/datatables/extensions/Responsive/js/dataTables.responsive.min.js,.js,7305,2025-11-10T02:49:57Z
WebGestor/plugins/datatables/extensions/Scroller/css/dataTables.scroller.css,.css,710,2025-11-10T02:49:57Z
WebGestor/plugins/datatables/extensions/Scroller/css/dataTables.scroller.min.css,.css,572,2025-11-10T02:49:57Z
WebGestor/plugins/datatables/extensions/Scroller/images/loading-background.png,.png,1013,2025-11-10T02:49:57Z
WebGestor/plugins/datatables/extensions/Scroller/js/dataTables.scroller.js,.js,37984,2025-11-10T02:49:57Z
WebGestor/plugins/datatables/extensions/Scroller/js/dataTables.scroller.min.js,.js,10485,2025-11-10T02:49:57Z
WebGestor/plugins/datatables/extensions/TableTools/css/dataTables.tableTools.css,.css,10712,2025-11-10T02:49:57Z
WebGestor/plugins/datatables/extensions/TableTools/css/dataTables.tableTools.min.css,.css,6695,2025-11-10T02:49:57Z
WebGestor/plugins/datatables/extensions/TableTools/images/collection.png,.png,1166,2025-11-10T02:49:57Z
WebGestor/plugins/datatables/extensions/TableTools/images/collection_hover.png,.png,1194,2025-11-10T02:49:57Z
WebGestor/plugins/datatables/extensions/TableTools/images/copy.png,.png,2184,2025-11-10T02:49:57Z
WebGestor/plugins/datatables/extensions/TableTools/images/copy_hover.png,.png,2797,2025-11-10T02:49:57Z
WebGestor/plugins/datatables/extensions/TableTools/images/csv.png,.png,1607,2025-11-10T02:49:57Z
WebGestor/plugins/datatables/extensions/TableTools/images/csv_hover.png,.png,1854,2025-11-10T02:49:57Z
WebGestor/plugins/datatables/extensions/TableTools/images/pdf.png,.png,4325,2025-11-10T02:49:57Z
WebGestor/plugins/datatables/extensions/TableTools/images/pdf_hover.png,.png,2786,2025-11-10T02:49:57Z
WebGestor/plugins/datatables/extensions/TableTools/images/print.png,.png,2123,2025-11-10T02:49:57Z
WebGestor/plugins/datatables/extensions/TableTools/images/print_hover.png,.png,2230,2025-11-10T02:49:57Z
WebGestor/plugins/datatables/extensions/TableTools/images/xls.png,.png,1641,2025-11-10T02:49:57Z
WebGestor/plugins/datatables/extensions/TableTools/images/xls_hover.png,.png,2061,2025-11-10T02:49:57Z
WebGestor/plugins/datatables/extensions/TableTools/js/dataTables.tableTools.js,.js,84578,2025-11-10T02:49:57Z
WebGestor/plugins/datatables/extensions/TableTools/js/dataTables.tableTools.min.js,.js,31850,2025-11-10T02:49:57Z
WebGestor/plugins/datatables/images/sort_asc.png,.png,160,2025-11-10T02:49:57Z
WebGestor/plugins/datatables/images/sort_asc_disabled.png,.png,148,2025-11-10T02:49:57Z
WebGestor/plugins/datatables/images/sort_both.png,.png,201,2025-11-10T02:49:57Z
WebGestor/plugins/datatables/images/sort_desc.png,.png,158,2025-11-10T02:49:57Z
WebGestor/plugins/datatables/images/sort_desc_disabled.png,.png,146,2025-11-10T02:49:57Z
WebGestor/plugins/datatables/jquery.dataTables.css,.css,15384,2025-11-10T02:49:57Z
WebGestor/plugins/datatables/jquery.dataTables.js,.js,438979,2025-11-10T02:49:57Z
WebGestor/plugins/datatables/jquery.dataTables.min.css,.css,13429,2025-11-10T02:49:57Z
WebGestor/plugins/datatables/jquery.dataTables.min.js,.js,79881,2025-11-10T02:49:57Z
WebGestor/plugins/datatables/jquery.dataTables_themeroller.css,.css,14229,2025-11-10T02:49:57Z
WebGestor/plugins/datepicker/bootstrap-datepicker.js,.js,46838,2025-11-10T02:49:57Z
WebGestor/plugins/datepicker/datepicker3.css,.css,33745,2025-11-10T02:49:57Z
WebGestor/plugins/datepicker/locales/bootstrap-datepicker.ar.js,.js,949,2025-11-10T02:49:57Z
WebGestor/plugins/datepicker/locales/bootstrap-datepicker.az.js,.js,659,2025-11-10T02:49:57Z
WebGestor/plugins/datepicker/locales/bootstrap-datepicker.bg.js,.js,836,2025-11-10T02:49:57Z
WebGestor/plugins/datepicker/locales/bootstrap-datepicker.ca.js,.js,639,2025-11-10T02:49:57Z
WebGestor/plugins/datepicker/locales/bootstrap-datepicker.cs.js,.js,711,2025-11-10T02:49:57Z
WebGestor/plugins/datepicker/locales/bootstrap-datepicker.cy.js,.js,622,2025-11-10T02:49:57Z
WebGestor/plugins/datepicker/locales/bootstrap-datepicker.da.js,.js,673,2025-11-10T02:49:57Z
WebGestor/plugins/datepicker/locales/bootstrap-datepicker.de.js,.js,697,2025-11-10T02:49:57Z
WebGestor/plugins/datepicker/locales/bootstrap-datepicker.el.js,.js,887,2025-11-10T02:49:57Z
WebGestor/plugins/datepicker/locales/bootstrap-datepicker.es.js,.js,647,2025-11-10T02:49:57Z
WebGestor/plugins/datepicker/locales/bootstrap-datepicker.et.js,.js,813,2025-11-10T02:49:57Z
WebGestor/plugins/datepicker/locales/bootstrap-datepicker.fa.js,.js,866,2025-11-10T02:49:57Z
WebGestor/plugins/datepicker/locales/bootstrap-datepicker.fi.js,.js,726,2025-11-10T02:49:57Z
WebGestor/plugins/datepicker/locales/bootstrap-datepicker.fr.js,.js,701,2025-11-10T02:49:57Z
WebGestor/plugins/datepicker/locales/bootstrap-datepicker.gl.js,.js,563,2025-11-10T02:49:57Z
WebGestor/plugins/datepicker/locales/bootstrap-datepicker.he.js,.js,767,2025-11-10T02:49:57Z
WebGestor/plugins/datepicker/locales/bootstrap-datepicker.hr.js,.js,598,2025-11-10T02:49:57Z
WebGestor/plugins/datepicker/locales/bootstrap-datepicker.hu.js,.js,715,2025-11-10T02:49:57Z
WebGestor/plugins/datepicker/locales/bootstrap-datepicker.id.js,.js,652,2025-11-10T02:49:57Z
WebGestor/plugins/datepicker/locales/bootstrap-datepicker.is.js,.js,709,2025-11-10T02:49:57Z
WebGestor/plugins/datepicker/locales/bootstrap-datepicker.it.js,.js,715,2025-11-10T02:49:57Z
WebGestor/plugins/datepicker/locales/bootstrap-datepicker.ja.js,.js,665,2025-11-10T02:49:57Z
WebGestor/plugins/datepicker/locales/bootstrap-datepicker.ka.js,.js,1261,2025-11-10T02:49:57Z
WebGestor/plugins/datepicker/locales/bootstrap-datepicker.kk.js,.js,871,2025-11-10T02:49:57Z
WebGestor/plugins/datepicker/locales/bootstrap-datepicker.kr.js,.js,637,2025-11-10T02:49:57Z
WebGestor/plugins/datepicker/locales/bootstrap-datepicker.lt.js,.js,764,2025-11-10T02:49:57Z
WebGestor/plugins/datepicker/locales/bootstrap-datepicker.lv.js,.js,732,2025-11-10T02:49:57Z
WebGestor/plugins/datepicker/locales/bootstrap-datepicker.mk.js,.js,918,2025-11-10T02:49:57Z
WebGestor/plugins/datepicker/locales/bootstrap-datepicker.ms.js,.js,621,2025-11-10T02:49:57Z
WebGestor/plugins/datepicker/locales/bootstrap-datepicker.nb.js,.js,664,2025-11-10T02:49:57Z
WebGestor/plugins/datepicker/locales/bootstrap-datepicker.nl-BE.js,.js,736,2025-11-10T02:49:57Z
WebGestor/plugins/datepicker/locales/bootstrap-datepicker.nl.js,.js,643,2025-11-10T02:49:57Z
WebGestor/plugins/datepicker/locales/bootstrap-datepicker.no.js,.js,622,2025-11-10T02:49:57Z
WebGestor/plugins/datepicker/locales/bootstrap-datepicker.pl.js,.js,775,2025-11-10T02:49:57Z
WebGestor/plugins/datepicker/locales/bootstrap-datepicker.pt-BR.js,.js,662,2025-11-10T02:49:57Z
WebGestor/plugins/datepicker/locales/bootstrap-datepicker.pt.js,.js,717,2025-11-10T02:49:57Z
WebGestor/plugins/datepicker/locales/bootstrap-datepicker.ro.js,.js,696,2025-11-10T02:49:57Z
WebGestor/plugins/datepicker/locales/bootstrap-datepicker.rs-latin.js,.js,647,2025-11-10T02:49:57Z
WebGestor/plugins/datepicker/locales/bootstrap-datepicker.rs.js,.js,835,2025-11-10T02:49:57Z
WebGestor/plugins/datepicker/locales/bootstrap-datepicker.ru.js,.js,883,2025-11-10T02:49:57Z
WebGestor/plugins/datepicker/locales/bootstrap-datepicker.sk.js,.js,693,2025-11-10T02:49:57Z
WebGestor/plugins/datepicker/locales/bootstrap-datepicker.sl.js,.js,644,2025-11-10T02:49:57Z
WebGestor/plugins/datepicker/locales/bootstrap-datepicker.sq.js,.js,659,2025-11-10T02:49:57Z
WebGestor/plugins/datepicker/locales/bootstrap-datepicker.sv.js,.js,689,2025-11-10T02:49:57Z
WebGestor/plugins/datepicker/locales/bootstrap-datepicker.sw.js,.js,773,2025-11-10T02:49:57Z
WebGestor/plugins/datepicker/locales/bootstrap-datepicker.th.js,.js,1008,2025-11-10T02:49:57Z
WebGestor/plugins/datepicker/locales/bootstrap-datepicker.tr.js,.js,671,2025-11-10T02:49:57Z
WebGestor/plugins/datepicker/locales/bootstrap-datepicker.ua.js,.js,868,2025-11-10T02:49:57Z
WebGestor/plugins/datepicker/locales/bootstrap-datepicker.vi.js,.js,761,2025-11-10T02:49:57Z
WebGestor/plugins/datepicker/locales/bootstrap-datepicker.zh-CN.js,.js,796,2025-11-10T02:49:57Z
WebGestor/plugins/datepicker/locales/bootstrap-datepicker.zh-TW.js,.js,891,2025-11-10T02:49:57Z
WebGestor/plugins/daterangepicker/daterangepicker-bs3.css,.css,6767,2025-11-10T02:49:57Z
WebGestor/plugins/daterangepicker/daterangepicker.js,.js,53679,2025-11-10T02:49:57Z
WebGestor/plugins/daterangepicker/moment.js,.js,99201,2025-11-10T02:49:57Z
WebGestor/plugins/daterangepicker/moment.min.js,.js,34737,2025-11-10T02:49:57Z
WebGestor/plugins/fastclick/fastclick.js,.js,25965,2025-11-10T02:49:57Z
WebGestor/plugins/fastclick/fastclick.min.js,.js,8776,2025-11-10T02:49:57Z
WebGestor/plugins/flot/excanvas.js,.js,41944,2025-11-10T02:49:57Z
WebGestor/plugins/flot/excanvas.min.js,.js,19314,2025-11-10T02:49:57Z
WebGestor/plugins/flot/jquery.colorhelpers.js,.js,6154,2025-11-10T02:49:57Z
WebGestor/plugins/flot/jquery.colorhelpers.min.js,.js,3134,2025-11-10T02:49:57Z
WebGestor/plugins/flot/jquery.flot.canvas.js,.js,9599,2025-11-10T02:49:57Z
WebGestor/plugins/flot/jquery.flot.canvas.min.js,.js,3812,2025-11-10T02:49:57Z
WebGestor/plugins/flot/jquery.flot.categories.js,.js,6033,2025-11-10T02:49:57Z
WebGestor/plugins/flot/jquery.flot.categories.min.js,.js,2457,2025-11-10T02:49:57Z
WebGestor/plugins/flot/jquery.flot.crosshair.js,.js,5425,2025-11-10T02:49:57Z
WebGestor/plugins/flot/jquery.flot.crosshair.min.js,.js,2025,2025-11-10T02:49:57Z
WebGestor/plugins/flot/jquery.flot.errorbars.js,.js,12614,2025-11-10T02:49:57Z
WebGestor/plugins/flot/jquery.flot.errorbars.min.js,.js,5312,2025-11-10T02:49:57Z
WebGestor/plugins/flot/jquery.flot.fillbetween.js,.js,5257,2025-11-10T02:49:57Z
WebGestor/plugins/flot/jquery.flot.fillbetween.min.js,.js,2168,2025-11-10T02:49:57Z
WebGestor/plugins/flot/jquery.flot.image.js,.js,7361,2025-11-10T02:49:57Z
WebGestor/plugins/flot/jquery.flot.image.min.js,.js,2542,2025-11-10T02:49:57Z
WebGestor/plugins/flot/jquery.flot.js,.js,121627,2025-11-10T02:49:57Z
WebGestor/plugins/flot/jquery.flot.min.js,.js,52300,2025-11-10T02:49:57Z
WebGestor/plugins/flot/jquery.flot.navigate.js,.js,14190,2025-11-10T02:49:57Z
WebGestor/plugins/flot/jquery.flot.navigate.min.js,.js,6407,2025-11-10T02:49:57Z
WebGestor/plugins/flot/jquery.flot.pie.js,.js,23635,2025-11-10T02:49:57Z
WebGestor/plugins/flot/jquery.flot.pie.min.js,.js,12024,2025-11-10T02:49:57Z
WebGestor/plugins/flot/jquery.flot.resize.js,.js,3135,2025-11-10T02:49:57Z
WebGestor/plugins/flot/jquery.flot.resize.min.js,.js,2023,2025-11-10T02:49:57Z
WebGestor/plugins/flot/jquery.flot.selection.js,.js,13141,2025-11-10T02:49:57Z
WebGestor/plugins/flot/jquery.flot.selection.min.js,.js,5130,2025-11-10T02:49:57Z
WebGestor/plugins/flot/jquery.flot.stack.js,.js,7090,2025-11-10T02:49:57Z
WebGestor/plugins/flot/jquery.flot.stack.min.js,.js,2324,2025-11-10T02:49:57Z
WebGestor/plugins/flot/jquery.flot.symbol.js,.js,2505,2025-11-10T02:49:57Z
WebGestor/plugins/flot/jquery.flot.symbol.min.js,.js,1046,2025-11-10T02:49:57Z
WebGestor/plugins/flot/jquery.flot.threshold.js,.js,4480,2025-11-10T02:49:57Z
WebGestor/plugins/flot/jquery.flot.threshold.min.js,.js,1699,2025-11-10T02:49:57Z
WebGestor/plugins/flot/jquery.flot.time.js,.js,11743,2025-11-10T02:49:57Z
WebGestor/plugins/flot/jquery.flot.time.min.js,.js,6715,2025-11-10T02:49:57Z
WebGestor/plugins/fullcalendar/fullcalendar.css,.css,22515,2025-11-10T02:49:57Z
WebGestor/plugins/fullcalendar/fullcalendar.js,.js,279259,2025-11-10T02:49:57Z
WebGestor/plugins/fullcalendar/fullcalendar.min.css,.css,10632,2025-11-10T02:49:57Z
WebGestor/plugins/fullcalendar/fullcalendar.min.js,.js,84823,2025-11-10T02:49:57Z
WebGestor/plugins/fullcalendar/fullcalendar.print.css,.css,5391,2025-11-10T02:49:57Z
WebGestor/plugins/iCheck/all.css,.css,1568,2025-11-10T02:49:57Z
WebGestor/plugins/iCheck/flat/_all.css,.css,13773,2025-11-10T02:49:57Z
WebGestor/plugins/iCheck/flat/aero.css,.css,1428,2025-11-10T02:49:57Z
WebGestor/plugins/iCheck/flat/aero.png,.png,1520,2025-11-10T02:49:57Z
WebGestor/plugins/iCheck/flat/aero@2x.png,.png,3218,2025-11-10T02:49:57Z
WebGestor/plugins/iCheck/flat/blue.css,.css,1428,2025-11-10T02:49:57Z
WebGestor/plugins/iCheck/flat/blue.png,.png,1518,2025-11-10T02:49:57Z
WebGestor/plugins/iCheck/flat/blue@2x.png,.png,3217,2025-11-10T02:49:57Z
WebGestor/plugins/iCheck/flat/flat.css,.css,1369,2025-11-10T02:49:57Z
WebGestor/plugins/iCheck/flat/flat.png,.png,1515,2025-11-10T02:49:57Z
WebGestor/plugins/iCheck/flat/flat@2x.png,.png,3217,2025-11-10T02:49:57Z
WebGestor/plugins/iCheck/flat/green.css,.css,1443,2025-11-10T02:49:57Z
WebGestor/plugins/iCheck/flat/green.png,.png,1444,2025-11-10T02:49:57Z
WebGestor/plugins/iCheck/flat/green@2x.png,.png,3117,2025-11-10T02:49:57Z
WebGestor/plugins/iCheck/flat/grey.css,.css,1428,2025-11-10T02:49:57Z
WebGestor/plugins/iCheck/flat/grey.png,.png,1516,2025-11-10T02:49:57Z
WebGestor/plugins/iCheck/flat/grey@2x.png,.png,3217,2025-11-10T02:49:57Z
WebGestor/plugins/iCheck/flat/orange.css,.css,1458,2025-11-10T02:49:57Z
WebGestor/plugins/iCheck/flat/orange.png,.png,1518,2025-11-10T02:49:57Z
WebGestor/plugins/iCheck/flat/orange@2x.png,.png,3275,2025-11-10T02:49:57Z
WebGestor/plugins/iCheck/flat/pink.css,.css,1428,2025-11-10T02:49:57Z
WebGestor/plugins/iCheck/flat/pink.png,.png,1522,2025-11-10T02:49:57Z
WebGestor/plugins/iCheck/flat/pink@2x.png,.png,3218,2025-11-10T02:49:57Z
WebGestor/plugins/iCheck/flat/purple.css,.css,1458,2025-11-10T02:49:57Z
WebGestor/plugins/iCheck/flat/purple.png,.png,1519,2025-11-10T02:49:57Z
WebGestor/plugins/iCheck/flat/purple@2x.png,.png,3218,2025-11-10T02:49:57Z
WebGestor/plugins/iCheck/flat/red.css,.css,1413,2025-11-10T02:49:57Z
WebGestor/plugins/iCheck/flat/red.png,.png,1516,2025-11-10T02:49:57Z
WebGestor/plugins/iCheck/flat/red@2x.png,.png,3276,2025-11-10T02:49:57Z
WebGestor/plugins/iCheck/flat/yellow.css,.css,1458,2025-11-10T02:49:57Z
WebGestor/plugins/iCheck/flat/yellow.png,.png,1516,2025-11-10T02:49:57Z
WebGestor/plugins/iCheck/flat/yellow@2x.png,.png,3216,2025-11-10T02:49:57Z
WebGestor/plugins/iCheck/futurico/futurico.css,.css,1421,2025-11-10T02:49:57Z
WebGestor/plugins/iCheck/futurico/futurico.png,.png,1734,2025-11-10T02:49:57Z
WebGestor/plugins/iCheck/futurico/futurico@2x.png,.png,3446,2025-11-10T02:49:57Z
WebGestor/plugins/iCheck/icheck.js,.js,14161,2025-11-10T02:49:57Z
WebGestor/plugins/iCheck/icheck.min.js,.js,4516,2025-11-10T02:49:57Z
WebGestor/plugins/iCheck/line/_all.css,.css,21689,2025-11-10T02:49:57Z
WebGestor/plugins/iCheck/line/aero.css,.css,2222,2025-11-10T02:49:57Z
WebGestor/plugins/iCheck/line/blue.css,.css,2222,2025-11-10T02:49:57Z
WebGestor/plugins/iCheck/line/green.css,.css,2244,2025-11-10T02:49:57Z
WebGestor/plugins/iCheck/line/grey.css,.css,2222,2025-11-10T02:49:57Z
WebGestor/plugins/iCheck/line/line.css,.css,2103,2025-11-10T02:49:57Z
WebGestor/plugins/iCheck/line/line.png,.png,588,2025-11-10T02:49:57Z
WebGestor/plugins/iCheck/line/line@2x.png,.png,1073,2025-11-10T02:49:57Z
WebGestor/plugins/iCheck/line/orange.css,.css,2260,2025-11-10T02:49:57Z
WebGestor/plugins/iCheck/line/pink.css,.css,2222,2025-11-10T02:49:57Z
WebGestor/plugins/iCheck/line/purple.css,.css,2266,2025-11-10T02:49:57Z
WebGestor/plugins/iCheck/line/red.css,.css,2200,2025-11-10T02:49:57Z
WebGestor/plugins/iCheck/line/yellow.css,.css,2266,2025-11-10T02:49:57Z
WebGestor/plugins/iCheck/minimal/_all.css,.css,14176,2025-11-10T02:49:57Z
WebGestor/plugins/iCheck/minimal/aero.css,.css,1626,2025-11-10T02:49:57Z
WebGestor/plugins/iCheck/minimal/aero.png,.png,1151,2025-11-10T02:49:57Z
WebGestor/plugins/iCheck/minimal/aero@2x.png,.png,1409,2025-11-10T02:49:57Z
WebGestor/plugins/iCheck/minimal/blue.css,.css,1626,2025-11-10T02:49:57Z
WebGestor/plugins/iCheck/minimal/blue.png,.png,1132,2025-11-10T02:49:57Z
WebGestor/plugins/iCheck/minimal/blue@2x.png,.png,1410,2025-11-10T02:49:57Z
WebGestor/plugins/iCheck/minimal/green.css,.css,1643,2025-11-10T02:49:57Z
WebGestor/plugins/iCheck/minimal/green.png,.png,1143,2025-11-10T02:49:57Z
WebGestor/plugins/iCheck/minimal/green@2x.png,.png,1408,2025-11-10T02:49:57Z
WebGestor/plugins/iCheck/minimal/grey.css,.css,1626,2025-11-10T02:49:57Z
WebGestor/plugins/iCheck/minimal/grey.png,.png,1142,2025-11-10T02:49:57Z
WebGestor/plugins/iCheck/minimal/grey@2x.png,.png,1407,2025-11-10T02:49:57Z
WebGestor/plugins/iCheck/minimal/minimal.css,.css,1563,2025-11-10T02:49:57Z
WebGestor/plugins/iCheck/minimal/minimal.png,.png,1114,2025-11-10T02:49:57Z
WebGestor/plugins/iCheck/minimal/minimal@2x.png,.png,1410,2025-11-10T02:49:57Z
WebGestor/plugins/iCheck/minimal/orange.css,.css,1660,2025-11-10T02:49:57Z
WebGestor/plugins/iCheck/minimal/orange.png,.png,1139,2025-11-10T02:49:57Z
WebGestor/plugins/iCheck/minimal/orange@2x.png,.png,1407,2025-11-10T02:49:57Z
WebGestor/plugins/iCheck/minimal/pink.css,.css,1626,2025-11-10T02:49:57Z
WebGestor/plugins/iCheck/minimal/pink.png,.png,1150,2025-11-10T02:49:57Z
WebGestor/plugins/iCheck/minimal/pink@2x.png,.png,1409,2025-11-10T02:49:57Z
WebGestor/plugins/iCheck/minimal/purple.css,.css,1660,2025-11-10T02:49:57Z
WebGestor/plugins/iCheck/minimal/purple.png,.png,1132,2025-11-10T02:49:57Z
WebGestor/plugins/iCheck/minimal/purple@2x.png,.png,1409,2025-11-10T02:49:57Z
WebGestor/plugins/iCheck/minimal/red.css,.css,1609,2025-11-10T02:49:57Z
WebGestor/plugins/iCheck/minimal/red.png,.png,1130,2025-11-10T02:49:57Z
WebGestor/plugins/iCheck/minimal/red@2x.png,.png,1410,2025-11-10T02:49:57Z
WebGestor/plugins/iCheck/minimal/yellow.css,.css,1660,2025-11-10T02:49:57Z
WebGestor/plugins/iCheck/minimal/yellow.png,.png,1135,2025-11-10T02:49:57Z
WebGestor/plugins/iCheck/minimal/yellow@2x.png,.png,1406,2025-11-10T02:49:57Z
WebGestor/plugins/iCheck/polaris/polaris.css,.css,1557,2025-11-10T02:49:57Z
WebGestor/plugins/iCheck/polaris/polaris.png,.png,6401,2025-11-10T02:49:57Z
WebGestor/plugins/iCheck/polaris/polaris@2x.png,.png,16760,2025-11-10T02:49:57Z
WebGestor/plugins/iCheck/square/_all.css,.css,15591,2025-11-10T02:49:57Z
WebGestor/plugins/iCheck/square/aero.css,.css,1611,2025-11-10T02:49:57Z
WebGestor/plugins/iCheck/square/aero.png,.png,2167,2025-11-10T02:49:57Z
WebGestor/plugins/iCheck/square/aero@2x.png,.png,4455,2025-11-10T02:49:57Z
WebGestor/plugins/iCheck/square/blue.css,.css,1611,2025-11-10T02:49:57Z
WebGestor/plugins/iCheck/square/blue.png,.png,2185,2025-11-10T02:49:57Z
WebGestor/plugins/iCheck/square/blue@2x.png,.png,4485,2025-11-10T02:49:57Z
WebGestor/plugins/iCheck/square/green.css,.css,1628,2025-11-10T02:49:57Z
WebGestor/plugins/iCheck/square/green.png,.png,2193,2025-11-10T02:49:57Z
WebGestor/plugins/iCheck/square/green@2x.png,.png,4498,2025-11-10T02:49:57Z
WebGestor/plugins/iCheck/square/grey.css,.css,1611,2025-11-10T02:49:57Z
WebGestor/plugins/iCheck/square/grey.png,.png,2186,2025-11-10T02:49:57Z
WebGestor/plugins/iCheck/square/grey@2x.png,.png,4483,2025-11-10T02:49:57Z
WebGestor/plugins/iCheck/square/orange.css,.css,1645,2025-11-10T02:49:57Z
WebGestor/plugins/iCheck/square/orange.png,.png,2181,2025-11-10T02:49:57Z
WebGestor/plugins/iCheck/square/orange@2x.png,.png,4474,2025-11-10T02:49:57Z
WebGestor/plugins/iCheck/square/pink.css,.css,1611,2025-11-10T02:49:57Z
WebGestor/plugins/iCheck/square/pink.png,.png,2189,2025-11-10T02:49:57Z
WebGestor/plugins/iCheck/square/pink@2x.png,.png,4479,2025-11-10T02:49:57Z
WebGestor/plugins/iCheck/square/purple.css,.css,1645,2025-11-10T02:49:57Z
WebGestor/plugins/iCheck/square/purple.png,.png,2188,2025-11-10T02:49:57Z
WebGestor/plugins/iCheck/square/purple@2x.png,.png,4501,2025-11-10T02:49:57Z
WebGestor/plugins/iCheck/square/red.css,.css,1594,2025-11-10T02:49:57Z
WebGestor/plugins/iCheck/square/red.png,.png,2190,2025-11-10T02:49:57Z
WebGestor/plugins/iCheck/square/red@2x.png,.png,4490,2025-11-10T02:49:57Z
WebGestor/plugins/iCheck/square/square.css,.css,1546,2025-11-10T02:49:57Z
WebGestor/plugins/iCheck/square/square.png,.png,2175,2025-11-10T02:49:57Z
WebGestor/plugins/iCheck/square/square@2x.png,.png,4478,2025-11-10T02:49:57Z
WebGestor/plugins/iCheck/square/yellow.css,.css,1645,2025-11-10T02:49:57Z
WebGestor/plugins/iCheck/square/yellow.png,.png,2131,2025-11-10T02:49:57Z
WebGestor/plugins/iCheck/square/yellow@2x.png,.png,4385,2025-11-10T02:49:57Z
WebGestor/plugins/input-mask/jquery.inputmask.date.extensions.js,.js,22814,2025-11-10T02:49:57Z
WebGestor/plugins/input-mask/jquery.inputmask.extensions.js,.js,5315,2025-11-10T02:49:57Z
WebGestor/plugins/input-mask/jquery.inputmask.js,.js,90539,2025-11-10T02:49:57Z
WebGestor/plugins/input-mask/jquery.inputmask.numeric.extensions.js,.js,9118,2025-11-10T02:49:57Z
WebGestor/plugins/input-mask/jquery.inputmask.phone.extensions.js,.js,1576,2025-11-10T02:49:57Z
WebGestor/plugins/input-mask/jquery.inputmask.regex.extensions.js,.js,9392,2025-11-10T02:49:57Z
WebGestor/plugins/ionslider/img/sprite-skin-flat.png,.png,352,2025-11-10T02:49:57Z
WebGestor/plugins/ionslider/img/sprite-skin-nice.png,.png,1022,2025-11-10T02:49:57Z
WebGestor/plugins/ionslider/ion.rangeSlider.css,.css,3186,2025-11-10T02:49:57Z
WebGestor/plugins/ionslider/ion.rangeSlider.min.js,.js,9720,2025-11-10T02:49:57Z
WebGestor/plugins/ionslider/ion.rangeSlider.skinFlat.css,.css,1853,2025-11-10T02:49:57Z
WebGestor/plugins/ionslider/ion.rangeSlider.skinNice.css,.css,1734,2025-11-10T02:49:57Z
WebGestor/plugins/jQuery/jQuery-2.1.4.min.js,.js,84345,2025-11-10T02:49:57Z
WebGestor/plugins/jQueryUI/jquery-ui-1.10.3.js,.js,248569,2025-11-10T02:49:57Z
WebGestor/plugins/jQueryUI/jquery-ui-1.10.3.min.js,.js,131019,2025-11-10T02:49:57Z
WebGestor/plugins/jvectormap/jquery-jvectormap-1.2.2.css,.css,824,2025-11-10T02:49:57Z
WebGestor/plugins/jvectormap/jquery-jvectormap-1.2.2.min.js,.js,33323,2025-11-10T02:49:57Z
WebGestor/plugins/jvectormap/jquery-jvectormap-world-mill-en.js,.js,144313,2025-11-10T02:49:57Z
WebGestor/plugins/knob/jquery.knob.js,.js,26222,2025-11-10T02:49:57Z
WebGestor/plugins/morris/morris.css,.css,428,2025-11-10T02:49:57Z
WebGestor/plugins/morris/morris.js,.js,66046,2025-11-10T02:49:57Z
WebGestor/plugins/morris/morris.min.js,.js,35652,2025-11-10T02:49:57Z
WebGestor/plugins/pace/pace.js,.js,12363,2025-11-10T02:49:57Z
WebGestor/plugins/slimScroll/jquery.slimscroll.js,.js,14973,2025-11-10T02:49:57Z
WebGestor/plugins/slimScroll/jquery.slimscroll.min.js,.js,6230,2025-11-10T02:49:57Z
WebGestor/plugins/sparkline/jquery.sparkline.js,.js,123446,2025-11-10T02:49:57Z
WebGestor/plugins/sparkline/jquery.sparkline.min.js,.js,43247,2025-11-10T02:49:57Z
WebGestor/plugins/timepicker/bootstrap-timepicker.css,.css,2780,2025-11-10T02:49:57Z
WebGestor/plugins/timepicker/bootstrap-timepicker.js,.js,26014,2025-11-10T02:49:57Z
WebGestor/plugins/timepicker/bootstrap-timepicker.min.css,.css,2410,2025-11-10T02:49:57Z
WebGestor/plugins/timepicker/bootstrap-timepicker.min.js,.js,15453,2025-11-10T02:49:57Z
WebGestor/style.css,.css,1023,2025-11-10T02:49:57Z
WebGestor/uploads/foto/07239084.jpg,.jpg,828330,2025-11-10T02:49:57Z
WebGestor/uploads/foto/11111111.jpg,.jpg,4917554,2025-11-10T02:49:57Z
WebGestor/uploads/foto/40341631.jpg,.jpg,11369,2025-11-10T02:49:57Z
WebGestor/uploads/foto/43059906.jpg,.jpg,19086,2025-11-10T02:49:57Z
WebGestor/uploads/foto/45467889.jpg,.jpg,1782189,2025-11-10T02:49:57Z
WebGestor/uploads/foto/46865288.jpg,.jpg,1563420,2025-11-10T02:49:57Z
