path_rel,loc,n_grid_like,n_form_controls,n_file_uploads,n_reports,n_devexpress,n_sql_calls_hint
WebGestor/About.aspx,8,0,0,0,0,0,0
WebGestor/About.aspx.designer.vb,16,0,0,0,0,0,0
WebGestor/About.aspx.vb,7,0,0,0,0,0,0
WebGestor/App_Code/Class1.vb,59,0,0,0,0,0,3
WebGestor/App_Code/ClsAgencia.vb,121,0,0,0,0,0,4
WebGestor/App_Code/ClsCRM_BaseDatos.vb,172,0,0,0,0,0,13
WebGestor/App_Code/ClsFinanza.vb,26,0,0,0,0,0,1
WebGestor/App_Code/ClsGtp_Listados.vb,174,0,0,0,0,0,15
WebGestor/App_Code/ClsGtp_Procesos.vb,104,0,3,0,0,0,4
WebGestor/App_Code/ClsLeerCorreos.vb,178,0,0,0,0,0,1
WebGestor/App_Code/ClsVentas_Listados.vb,221,0,1,0,0,0,15
WebGestor/App_Code/Cls_Agenda_Citas.vb,16,0,0,0,0,0,1
WebGestor/App_Code/Cls_Almacenes.vb,172,0,0,0,0,0,12
WebGestor/App_Code/Cls_Catalogo.vb,422,0,0,0,0,0,26
WebGestor/App_Code/Cls_Clasificacion.vb,84,0,0,0,0,0,11
WebGestor/App_Code/Cls_Cliente.vb,485,0,0,0,0,0,24
WebGestor/App_Code/Cls_Conciliados.vb,310,0,1,0,0,0,19
WebGestor/App_Code/Cls_Conexion.vb,4,0,0,0,0,0,0
WebGestor/App_Code/Cls_Contactos_Cliente.vb,64,0,0,0,0,0,4
WebGestor/App_Code/Cls_Contenido_Correo.vb,97,0,0,0,0,0,6
WebGestor/App_Code/Cls_Datos_del_Bien.vb,153,0,0,0,0,0,11
WebGestor/App_Code/Cls_Detalle_Modelo.vb,121,0,0,0,0,0,9
WebGestor/App_Code/Cls_Documentos.vb,181,0,0,0,0,0,11
WebGestor/App_Code/Cls_Enviar_Email.vb,277,0,0,0,0,0,16
WebGestor/App_Code/Cls_Estado_Cliente.vb,46,0,0,0,0,0,4
WebGestor/App_Code/Cls_Estado_Ticket.vb,87,0,0,0,0,0,7
WebGestor/App_Code/Cls_Eventos.vb,259,0,0,0,0,0,16
WebGestor/App_Code/Cls_Inventario.vb,873,0,0,0,0,0,69
WebGestor/App_Code/Cls_Inventario_Ubicacion.vb,436,0,0,0,0,0,31
WebGestor/App_Code/Cls_Inventario_Verificacion.vb,660,0,0,0,0,0,44
WebGestor/App_Code/Cls_Marcas.vb,105,0,0,0,0,0,8
WebGestor/App_Code/Cls_Modelo.vb,109,0,0,0,0,0,8
WebGestor/App_Code/Cls_Pantalla_Operador.vb,131,0,0,0,0,0,5
WebGestor/App_Code/Cls_Placas.vb,193,0,0,0,0,0,15
WebGestor/App_Code/Cls_Proceso_Estado.vb,71,0,0,0,0,0,6
WebGestor/App_Code/Cls_Proceso_Peticion.vb,46,0,0,0,0,0,4
WebGestor/App_Code/Cls_Propietario.vb,122,0,0,0,0,0,9
WebGestor/App_Code/Cls_Proyectos.vb,103,0,0,0,0,0,8
WebGestor/App_Code/Cls_Relacion_Ticket.vb,351,0,0,0,0,0,25
WebGestor/App_Code/Cls_Relacion_con_Procesos.vb,84,0,0,0,0,0,7
WebGestor/App_Code/Cls_Ubicacion.vb,95,0,0,0,0,0,7
WebGestor/App_Code/ConexionPOP3.vb,6,0,0,0,0,0,0
WebGestor/App_Code/CustomPageEventHandler.vb,39,0,0,0,0,0,0
WebGestor/App_Code/Funciones.vb,610,0,11,0,0,0,38
WebGestor/App_Code/FuncionesCas.vb,225,0,6,0,0,0,14
WebGestor/App_Code/Global.asax.vb,53,0,0,0,0,0,0
WebGestor/App_Code/ImagenesArt.vb,169,0,0,0,0,0,8
WebGestor/App_Code/ImagenesGuia.vb,151,0,0,0,0,0,8
WebGestor/App_Code/Insertar.vb,129,0,0,0,0,0,5
WebGestor/App_Code/Licencia.vb,12,0,0,0,0,0,0
WebGestor/App_Code/Listados.vb,106,0,0,0,0,0,9
WebGestor/App_Code/Module_Constantes.vb,21,0,0,0,0,0,2
WebGestor/App_Code/ModuloCas.vb,1010,0,0,0,0,0,72
WebGestor/App_Code/ModuloGeneral.vb,467,0,0,0,0,0,34
WebGestor/App_Code/ModuloSeguridad.vb,860,0,0,0,0,0,69
WebGestor/App_Code/PersonaBE.vb,8,0,0,0,0,0,0
WebGestor/App_Code/clsCont_Funciones.vb,996,0,2,0,0,0,131
WebGestor/App_Code/clsCont_InsUpdDel.vb,221,0,0,0,0,0,9
WebGestor/App_Code/clsCont_Listados.vb,410,0,0,0,0,0,32
WebGestor/App_Code/clsControlPersonal.vb,217,0,0,0,0,0,15
WebGestor/App_Code/clsEval_Proceso.vb,924,0,0,0,31,0,72
WebGestor/App_Code/clsEval_Proceso_Funciones.vb,66,0,6,0,0,0,0
WebGestor/App_Code/clsExportar_Excel.vb,63,0,0,0,0,0,0
WebGestor/App_Code/clsGeneral_Proceso.vb,49,0,2,0,0,0,2
WebGestor/App_Code/clsInspeccion_InsUpdDel.vb,317,0,0,0,0,0,17
WebGestor/App_Code/clsInspeccion_Listado.vb,410,0,0,0,0,0,29
WebGestor/App_Code/clsInv_InsUpdDel.vb,736,0,0,0,0,0,40
WebGestor/App_Code/clsInv_Listados.vb,2117,0,8,0,0,0,157
WebGestor/App_Code/clsInv_Procesos.vb,4953,0,1,0,0,0,639
WebGestor/App_Code/clsLogis_InsUpDel.vb,105,0,0,0,0,0,4
WebGestor/App_Code/clsLogis_Listado.vb,103,0,0,0,0,0,7
WebGestor/App_Code/clsMenuWeb_Consultas.vb,451,0,0,0,0,0,33
WebGestor/App_Code/clsMenuWeb_Funciones.vb,25,0,2,0,0,0,0
WebGestor/App_Code/clsMesaAyuda.vb,1031,0,2,0,0,0,72
WebGestor/App_Code/clsPersonal.vb,130,0,0,0,0,0,9
WebGestor/App_Code/clsSIntegral.vb,107,0,0,0,0,0,6
WebGestor/App_Start/BundleConfig.vb,32,1,0,0,0,0,0
WebGestor/App_Start/RouteConfig.vb,12,0,0,0,0,0,0
WebGestor/CAS/CasReporte_IncOficinaxComponente.aspx,66,0,0,0,5,0,0
WebGestor/CAS/CasReporte_IncOficinaxComponente.aspx.vb,9,0,0,0,0,0,0
WebGestor/CAS/CasReporte_IncidenteTotales.aspx,82,0,0,0,5,0,0
WebGestor/CAS/CasReporte_IncidenteTotales.aspx.vb,9,0,0,0,0,0,0
WebGestor/CAS/CasReporte_IncidentexComponente.aspx,81,0,0,0,6,0,0
WebGestor/CAS/CasReporte_IncidentexComponente.aspx.vb,13,0,0,0,1,0,0
WebGestor/CAS/CasReporte_IncidentexElemento.aspx,77,0,0,0,5,0,0
WebGestor/CAS/CasReporte_IncidentexElemento.aspx.vb,9,0,0,0,0,0,0
WebGestor/CAS/CasReporte_ResumenBD.aspx,81,0,0,0,5,0,0
WebGestor/CAS/CasReporte_ResumenBD.aspx.vb,9,0,0,0,0,0,0
WebGestor/CAS/Cas_BusquedaBaseDatos.aspx,309,2,10,0,0,0,0
WebGestor/CAS/Cas_BusquedaBaseDatos.aspx.vb,204,2,0,0,0,0,7
WebGestor/CAS/Cas_DefineTablas1.aspx,739,10,45,2,0,0,0
WebGestor/CAS/Cas_DefineTablas1.aspx.vb,708,9,5,7,0,0,2
WebGestor/CAS/Cas_DefineTablas2.aspx,188,8,24,0,0,0,0
WebGestor/CAS/Cas_DefineTablas2.aspx.vb,427,8,0,0,0,0,0
WebGestor/CAS/Cas_Define_Grupo.aspx,410,12,18,0,0,0,0
WebGestor/CAS/Cas_Define_Grupo.aspx.vb,588,10,5,0,0,0,0
WebGestor/CAS/Cas_Define_TemasAyuda.aspx,308,2,6,1,0,0,0
WebGestor/CAS/Cas_Define_TemasAyuda.aspx.vb,97,3,0,0,0,0,1
WebGestor/CAS/Cas_Define_personas.aspx,211,2,24,0,0,0,0
WebGestor/CAS/Cas_Define_personas.aspx.vb,275,2,0,0,0,0,4
WebGestor/CAS/Cas_Definicion_CarteraConsulta.aspx,439,6,20,2,0,0,0
WebGestor/CAS/Cas_Definicion_CarteraConsulta.aspx.vb,463,4,0,7,0,0,2
WebGestor/CAS/Cas_ImportarPersona.aspx,84,0,0,1,0,0,0
WebGestor/CAS/Cas_ImportarPersona.aspx.vb,359,0,0,0,0,0,0
WebGestor/CAS/Cas_ListaAviso_xUsuario.aspx,200,7,12,0,0,0,0
WebGestor/CAS/Cas_ListaAviso_xUsuario.aspx.vb,222,3,0,0,0,0,0
WebGestor/CAS/Cas_ListaIncidentes_GrupoNivel2.aspx,583,8,79,0,0,0,0
WebGestor/CAS/Cas_ListaIncidentes_GrupoNivel2.aspx.vb,732,6,0,0,0,0,7
WebGestor/CAS/Cas_ListaIncidentes_Nivel2.aspx,592,8,81,0,0,0,0
WebGestor/CAS/Cas_ListaIncidentes_Nivel2.aspx.vb,708,6,0,0,0,0,7
WebGestor/CAS/Cas_Lista_Enlace_TemasAyuda.aspx,146,4,0,0,0,0,0
WebGestor/CAS/Cas_Lista_Enlace_TemasAyuda.aspx.vb,125,5,0,0,0,0,0
WebGestor/CAS/Cas_RedireccionarIncidencia.aspx,226,0,26,0,0,0,0
WebGestor/CAS/Cas_RedireccionarIncidencia.aspx.vb,110,0,0,0,0,0,0
WebGestor/CAS/Cas_Registra_Incidentes.aspx,1141,10,60,0,0,0,0
WebGestor/CAS/Cas_Registra_Incidentes.aspx.vb,789,7,0,0,0,0,11
WebGestor/CAS/Cas_RelacionIncidentes.aspx,397,4,52,0,0,0,0
WebGestor/CAS/Cas_RelacionIncidentes.aspx.vb,376,4,0,0,0,0,0
WebGestor/CAS/Cas_Relacion_AvisoxUsuario.aspx,176,0,6,0,0,0,0
WebGestor/CAS/Cas_Relacion_AvisoxUsuario.aspx.vb,29,0,0,0,0,0,0
WebGestor/CAS/Cas_Relacion_Estadisticas.aspx,164,0,8,0,0,0,0
WebGestor/CAS/Cas_Relacion_Estadisticas.aspx.vb,159,0,0,0,0,0,20
WebGestor/CAS/Cas_Relacion_Reportes.aspx,173,2,12,0,0,0,0
WebGestor/CAS/Cas_Relacion_Reportes.aspx.vb,319,0,0,0,0,0,48
WebGestor/CAS/Cas_Rep_ConsultaxOficiona.aspx,49,0,0,0,5,0,0
WebGestor/CAS/Cas_Rep_ConsultaxOficiona.aspx.vb,6,0,0,0,0,0,0
WebGestor/CAS/Cas_Rep_PorCargos.aspx,67,0,0,0,7,0,0
WebGestor/CAS/Cas_Rep_PorCargos.aspx.vb,13,0,0,0,0,0,0
WebGestor/CAS/Cas_Rep_RankingTerritorial.aspx,66,0,0,0,5,0,0
WebGestor/CAS/Cas_Rep_RankingTerritorial.aspx.vb,6,0,0,0,0,0,0
WebGestor/CAS/Cas_Rep_RegistroPorductoXOficina.aspx,55,0,0,0,7,0,0
WebGestor/CAS/Cas_Rep_RegistroPorductoXOficina.aspx.vb,6,0,0,0,0,0,0
WebGestor/CAS/Cas_Rep_RegistroTematicasXOficina.aspx,59,0,0,0,7,0,0
WebGestor/CAS/Cas_Rep_RegistroTematicasXOficina.aspx.vb,9,0,0,0,0,0,0
WebGestor/CAS/Cas_Rep_RegistroTerritorioXOficina.aspx,52,0,0,0,7,0,0
WebGestor/CAS/Cas_Rep_RegistroTerritorioXOficina.aspx.vb,6,0,0,0,0,0,0
WebGestor/CAS/MP_PrincipalCas.master,307,0,5,0,0,0,0
WebGestor/CAS/MP_PrincipalCas.master.vb,139,0,0,0,0,0,8
WebGestor/CAS/PagPrincipal_Cas.master,116,0,2,0,0,0,0
WebGestor/CAS/PagPrincipal_Cas.master.vb,20,0,0,0,0,0,0
WebGestor/CMenuLeft.ascx,11,0,0,0,0,0,0
WebGestor/CMenuLeft.ascx.vb,167,0,0,0,0,0,8
WebGestor/CProyLeft.ascx,21,0,0,0,0,0,0
WebGestor/CProyLeft.ascx.vb,142,0,0,0,0,0,8
WebGestor/CRM/CRM_BeseDatos_Mantenimiento.aspx,451,12,44,2,0,5,0
WebGestor/CRM/CRM_BeseDatos_Mantenimiento.aspx.vb,854,4,0,7,0,0,24
WebGestor/CRM/CRM_BusquedaBaseDatos.aspx,316,4,10,0,0,0,0
WebGestor/CRM/CRM_BusquedaBaseDatos.aspx.vb,261,3,0,0,0,0,7
WebGestor/CRM/CRM_Contenido_del_Correo.aspx,300,6,9,2,0,0,0
WebGestor/CRM/CRM_Contenido_del_Correo.aspx.designer.vb,79,1,2,0,0,0,0
WebGestor/CRM/CRM_Contenido_del_Correo.aspx.vb,325,2,0,0,0,0,0
WebGestor/CRM/CRM_DxLista_CuadroMando.aspx,21,0,0,0,0,5,0
WebGestor/CRM/CRM_DxLista_CuadroMando.aspx.vb,84,0,0,0,0,2,6
WebGestor/CRM/CRM_Enviar_Email.aspx,400,6,28,5,0,0,0
WebGestor/CRM/CRM_Enviar_Email.aspx.designer.vb,250,0,4,2,0,0,0
WebGestor/CRM/CRM_Enviar_Email.aspx.vb,663,1,0,4,0,0,0
WebGestor/CRM/CRM_Exportar.aspx,6,0,0,0,0,0,0
WebGestor/CRM/CRM_Exportar.aspx.vb,20,0,0,0,0,0,0
WebGestor/CRM/CRM_Lista_CuadroMando.aspx,234,4,14,0,0,0,0
WebGestor/CRM/CRM_Lista_CuadroMando.aspx.vb,434,1,0,0,0,0,0
WebGestor/CRM/CRM_Lista_Tickect_DevExpress.aspx,162,20,0,0,0,28,0
WebGestor/CRM/CRM_Lista_Tickect_DevExpress.aspx.vb,48,1,0,0,0,4,0
WebGestor/CRM/CRM_Registrar.aspx,840,24,98,0,0,0,0
WebGestor/CRM/CRM_Registrar.aspx.vb,1514,4,0,0,0,0,52
WebGestor/CRM/CRM_Relacion_Ticket.aspx,1247,60,39,0,0,0,0
WebGestor/CRM/CRM_Relacion_Ticket.aspx.vb,1137,6,0,0,0,0,6
WebGestor/CRM/CRM_Relacion_con_Procesos.aspx,107,3,10,0,0,0,0
WebGestor/CRM/CRM_Relacion_con_Procesos.aspx.designer.vb,205,1,4,0,0,0,0
WebGestor/CRM/CRM_Relacion_con_Procesos.aspx.vb,196,1,0,0,0,0,0
WebGestor/CRM/CRM_Tiempo_Estado_Ticket.aspx,1183,36,125,0,0,0,0
WebGestor/CRM/CRM_Tiempo_Estado_Ticket.aspx.designer.vb,178,1,0,0,0,0,0
WebGestor/CRM/CRM_Tiempo_Estado_Ticket.aspx.vb,1905,13,7,0,0,0,2
WebGestor/CRM/Documento_TemasAyuda.aspx,372,3,17,16,0,0,0
WebGestor/CRM/Documento_TemasAyuda.aspx.vb,334,2,0,3,0,0,2
WebGestor/CRM/PagPrincipal_CRM.master,265,0,2,3,0,0,0
WebGestor/CRM/PagPrincipal_CRM.master.vb,21,0,0,0,0,0,0
WebGestor/CallCenter/CallCenter_CargaDatos.aspx,83,0,0,1,0,0,0
WebGestor/CallCenter/CallCenter_CargaDatos.aspx.vb,88,0,0,0,0,0,0
WebGestor/CallCenter/CallCenter_DatosCliente.aspx,137,2,8,0,0,0,0
WebGestor/CallCenter/CallCenter_DatosCliente.aspx.vb,6,0,0,0,0,0,0
WebGestor/CallCenter/CallCenter_Pantalla_Operador.aspx,285,6,30,0,0,0,0
WebGestor/CallCenter/CallCenter_Pantalla_Operador.aspx.vb,283,0,0,0,0,0,0
WebGestor/CallCenter/PagPrincipal_Call.master,78,0,2,0,0,0,0
WebGestor/CallCenter/PagPrincipal_Call.master.vb,18,0,0,0,0,0,0
WebGestor/Contabilidad/Contabilidad_PCGR.aspx,388,4,41,0,0,0,0
WebGestor/Contabilidad/Contabilidad_PCGR.aspx.vb,70,1,0,0,0,0,7
WebGestor/Contabilidad/Contabilidad_Personas.aspx,273,3,58,0,0,0,0
WebGestor/Contabilidad/Contabilidad_Personas.aspx.vb,714,2,1,0,0,0,23
WebGestor/Contabilidad/Contabilidad_Personas_Detalle.aspx,74,0,0,0,0,0,0
WebGestor/Contabilidad/Contabilidad_Personas_Detalle.aspx.vb,6,0,0,0,0,0,0
WebGestor/Contabilidad/Contabilidad_Registrar_Clientes.aspx,51,0,4,0,0,0,0
WebGestor/Contabilidad/Contabilidad_Registrar_Clientes.aspx.vb,6,0,0,0,0,0,0
WebGestor/Contabilidad/Contabilidad_TablasContable.aspx,578,12,84,0,0,0,0
WebGestor/Contabilidad/Contabilidad_TablasContable.aspx.vb,984,12,0,0,0,0,28
WebGestor/Contabilidad/Contabilidad_TablasContables2.aspx,697,8,40,0,0,0,0
WebGestor/Contabilidad/Contabilidad_TablasContables2.aspx.vb,464,7,0,0,0,0,2
WebGestor/Contabilidad/Contabilidad_Voucher.aspx,246,2,14,0,0,0,0
WebGestor/Contabilidad/Contabilidad_Voucher.aspx.vb,283,2,0,0,0,0,7
WebGestor/Contabilidad/Contabilidad_Voucher_Detalle.aspx,890,6,64,0,0,0,0
WebGestor/Contabilidad/Contabilidad_Voucher_Detalle.aspx.vb,1105,4,0,0,0,0,54
WebGestor/Contabilidad/PagPrincipal_Cont.master,89,0,0,0,0,0,0
WebGestor/Contabilidad/PagPrincipal_Cont.master.vb,20,0,0,0,0,0,0
WebGestor/Contact.aspx,19,0,0,0,0,0,0
WebGestor/Contact.aspx.designer.vb,16,0,0,0,0,0,0
WebGestor/Contact.aspx.vb,7,0,0,0,0,0,0
WebGestor/Contador.ascx,16,0,0,0,0,0,0
WebGestor/Contador.ascx.vb,16,0,0,0,0,0,0
WebGestor/ControlMenu.ascx,28,0,0,0,0,0,0
WebGestor/ControlMenu.ascx.vb,123,0,0,0,0,0,6
WebGestor/ControlPersonal/PagPrincipal_CPersonal.master,101,0,0,0,0,0,0
WebGestor/ControlPersonal/PagPrincipal_CPersonal.master.vb,20,0,0,0,0,0,0
WebGestor/ControlPersonal/Permisos.aspx,135,3,16,0,0,0,0
WebGestor/ControlPersonal/Permisos.aspx.vb,131,1,0,0,0,0,0
WebGestor/ControlPersonal/Person_Control_Asistencia.aspx,301,6,12,0,0,0,0
WebGestor/ControlPersonal/Person_Control_Asistencia.aspx.vb,486,0,0,0,0,0,9
WebGestor/ControlPersonal/Person_Control_Define_Horarios.aspx,200,2,6,0,0,0,0
WebGestor/ControlPersonal/Person_Control_Define_Horarios.aspx.vb,135,1,0,0,0,0,11
WebGestor/ControlPersonal/Person_Control_EntSal.aspx,357,9,12,0,0,0,0
WebGestor/ControlPersonal/Person_Control_EntSal.aspx.vb,522,1,0,0,0,0,9
WebGestor/ControlPersonal/Person_Control_EntSal_Geo.aspx,448,0,0,3,0,0,0
WebGestor/ControlPersonal/Person_Control_EntSal_Geo.aspx.vb,6,0,0,0,0,0,0
WebGestor/ControlPersonal/Person_Control_EntSal_Ingreso_Directo.aspx,224,2,8,0,0,0,0
WebGestor/ControlPersonal/Person_Control_EntSal_Ingreso_Directo.aspx.vb,423,1,14,0,0,0,12
WebGestor/ControlPersonal/Person_Control_Integran_Asistencia.aspx,146,2,0,0,0,0,0
WebGestor/ControlPersonal/Person_Control_Integran_Asistencia.aspx.vb,90,0,0,0,0,0,2
WebGestor/ControlPersonal/Person_Record_Asistencia.aspx,192,9,4,0,0,0,0
WebGestor/ControlPersonal/Person_Record_Asistencia.aspx.vb,616,1,0,0,0,0,16
WebGestor/ControlVisitas/ControlVisitas_Puntos.aspx,225,12,36,0,0,0,0
WebGestor/ControlVisitas/ControlVisitas_Puntos.aspx.vb,770,5,9,0,0,0,36
WebGestor/ControlVisitas/ControlVisitas_Registro.aspx,655,8,70,0,0,0,0
WebGestor/ControlVisitas/ControlVisitas_Registro.aspx.vb,1033,2,0,0,0,0,64
WebGestor/ControlVisitas/PagPrincipal_ControlVisitas.master,95,0,0,0,0,0,0
WebGestor/ControlVisitas/PagPrincipal_ControlVisitas.master.vb,20,0,0,0,0,0,0
WebGestor/Default.aspx,29,0,10,0,0,2,0
WebGestor/Default.aspx.vb,159,0,0,0,0,0,3
WebGestor/Default2.aspx,108,2,0,0,0,0,0
WebGestor/Default2.aspx.vb,42,1,0,0,0,0,0
WebGestor/Default3.aspx,39,0,0,0,0,0,0
WebGestor/Default3.aspx.vb,6,0,0,0,0,0,0
WebGestor/Default4.aspx,254,2,0,0,0,0,0
WebGestor/Default4.aspx.vb,39,1,0,0,0,0,0
WebGestor/Documentacion/Documentacion_Mantenimiento.aspx,201,3,21,11,0,0,0
WebGestor/Documentacion/Documentacion_Mantenimiento.aspx.designer.vb,268,2,5,0,0,0,0
WebGestor/Documentacion/Documentacion_Mantenimiento.aspx.vb,299,1,0,5,0,0,2
WebGestor/Documentacion/PagPrincipal_Documentacion.master,102,0,2,0,0,0,0
WebGestor/Documentacion/PagPrincipal_Documentacion.master.vb,21,0,0,0,0,0,0
WebGestor/EjemploAvisos.aspx,134,0,0,0,0,0,0
WebGestor/EjemploAvisos.aspx.vb,6,0,0,0,0,0,0
WebGestor/Encuesta/Encuesta_Anonimos_Des.aspx,239,6,4,0,3,0,0
WebGestor/Encuesta/Encuesta_Anonimos_Des.aspx.vb,571,3,8,0,67,0,42
WebGestor/Encuesta/Encuesta_Des.aspx,380,10,26,0,5,0,0
WebGestor/Encuesta/Encuesta_Des.aspx.vb,901,6,28,0,122,0,46
WebGestor/Encuesta/Encuestas.aspx,112,2,0,0,1,0,0
WebGestor/Encuesta/Encuestas.aspx.vb,251,4,0,0,2,0,7
WebGestor/Encuesta/Encuestas_Anonimos.aspx,104,2,0,0,1,0,0
WebGestor/Encuesta/Encuestas_Anonimos.aspx.vb,173,4,0,0,2,0,5
WebGestor/Encuesta/Encuestas_Realizadas.aspx,209,6,0,0,0,0,0
WebGestor/Encuesta/Encuestas_Realizadas.aspx.vb,368,7,0,0,0,0,18
WebGestor/Encuesta/PagPrincipal_Encuenta.master,93,0,0,0,0,0,0
WebGestor/Encuesta/PagPrincipal_Encuenta.master.vb,20,0,0,0,0,0,0
WebGestor/Encuesta/VerResultEnc.aspx,76,2,0,0,0,0,0
WebGestor/Encuesta/VerResultEnc.aspx.vb,195,0,0,0,0,0,15
WebGestor/Encuesta/VerResultEncAno.aspx,76,2,0,0,0,0,0
WebGestor/Encuesta/VerResultEncAno.aspx.vb,195,0,0,0,0,0,18
WebGestor/EvaluacionProcesos/CapturarImagen.aspx,136,0,0,0,0,0,0
WebGestor/EvaluacionProcesos/CapturarImagen.aspx.vb,30,0,0,0,0,0,2
WebGestor/EvaluacionProcesos/EvalProcesos.aspx,409,12,52,2,16,0,0
WebGestor/EvaluacionProcesos/EvalProcesos.aspx.vb,1540,4,73,0,71,0,45
WebGestor/EvaluacionProcesos/EvalProcesos_Analisis.aspx,152,2,54,0,0,0,0
WebGestor/EvaluacionProcesos/EvalProcesos_Analisis.aspx.vb,115,0,5,0,0,0,0
WebGestor/EvaluacionProcesos/EvalProcesos_AnalisisL.aspx,472,8,47,0,0,0,0
WebGestor/EvaluacionProcesos/EvalProcesos_AnalisisL.aspx.vb,580,1,2,0,0,0,0
WebGestor/EvaluacionProcesos/EvalProcesos_Dashboard.aspx,51,0,0,0,0,10,0
WebGestor/EvaluacionProcesos/EvalProcesos_Dashboard.aspx.vb,43,0,0,0,0,4,0
WebGestor/EvaluacionProcesos/EvalProcesos_Define_Oficinas.aspx,233,4,28,0,0,0,0
WebGestor/EvaluacionProcesos/EvalProcesos_Define_Oficinas.aspx.vb,280,5,1,0,0,0,4
WebGestor/EvaluacionProcesos/EvalProcesos_Distancia_Entre2Direcciones.aspx,131,2,16,0,0,0,0
WebGestor/EvaluacionProcesos/EvalProcesos_Distancia_Entre2Direcciones.aspx.vb,135,0,1,0,0,0,0
WebGestor/EvaluacionProcesos/EvalProcesos_Generar.aspx,184,2,21,0,0,0,0
WebGestor/EvaluacionProcesos/EvalProcesos_Generar.aspx.vb,204,1,0,0,0,0,0
WebGestor/EvaluacionProcesos/EvalProcesos_Grafica.aspx,206,4,21,0,0,0,0
WebGestor/EvaluacionProcesos/EvalProcesos_Grafica.aspx.vb,603,2,2,0,3,0,0
WebGestor/EvaluacionProcesos/EvalProcesos_LisaRptaJalados.aspx,159,2,24,0,2,0,0
WebGestor/EvaluacionProcesos/EvalProcesos_LisaRptaJalados.aspx.vb,376,0,2,0,24,0,5
WebGestor/EvaluacionProcesos/EvalProcesos_PagMaster.master,37,0,0,0,0,0,0
WebGestor/EvaluacionProcesos/EvalProcesos_PagMaster.master.vb,6,0,0,0,0,0,0
WebGestor/EvaluacionProcesos/EvalProcesos_Prevencion_Ingreso.aspx,297,4,42,0,0,0,0
WebGestor/EvaluacionProcesos/EvalProcesos_Prevencion_Ingreso.aspx.vb,352,1,0,0,0,0,0
WebGestor/EvaluacionProcesos/EvalProcesos_Reclamo.aspx,201,0,41,0,2,17,0
WebGestor/EvaluacionProcesos/EvalProcesos_Reclamo.aspx.vb,131,0,0,0,8,1,4
WebGestor/EvaluacionProcesos/EvalProcesos_ReclamoLista.aspx,196,2,0,0,0,0,0
WebGestor/EvaluacionProcesos/EvalProcesos_ReclamoLista.aspx.vb,59,1,0,0,0,0,0
WebGestor/EvaluacionProcesos/EvalProcesos_Relacionar.aspx,210,8,8,0,0,0,0
WebGestor/EvaluacionProcesos/EvalProcesos_Relacionar.aspx.vb,228,0,5,0,0,0,0
WebGestor/EvaluacionProcesos/GoogleMapsWeb.aspx,101,0,6,0,0,0,0
WebGestor/EvaluacionProcesos/GoogleMapsWeb.aspx.vb,27,0,0,0,0,0,0
WebGestor/EvaluacionProcesos/GoogleMaps_Prueba.aspx,235,0,7,0,0,0,0
WebGestor/EvaluacionProcesos/GoogleMaps_Prueba.aspx.vb,65,0,0,0,0,0,3
WebGestor/EvaluacionProcesos/PagPrincipal_EvalProceso.master,94,0,2,0,0,0,0
WebGestor/EvaluacionProcesos/PagPrincipal_EvalProceso.master.vb,21,0,0,0,0,0,0
WebGestor/EvaluacionProcesos/VB.aspx,33,3,2,0,0,0,0
WebGestor/EvaluacionProcesos/VB.aspx.vb,33,2,0,0,0,0,2
WebGestor/Eventos/Eventos.aspx,385,6,54,0,0,0,0
WebGestor/Eventos/Eventos.aspx.vb,410,2,0,0,0,0,0
WebGestor/Eventos/Eventos_xParticipantes.aspx,384,3,46,0,0,0,0
WebGestor/Eventos/Eventos_xParticipantes.aspx.vb,190,1,0,0,0,0,8
WebGestor/Eventos/Permisos.aspx,135,3,16,0,0,0,0
WebGestor/Eventos/Permisos.aspx.vb,121,1,0,0,0,0,0
WebGestor/Finanzas/Finanzas_Registro.aspx,353,0,61,3,0,0,0
WebGestor/Finanzas/Finanzas_Registro.aspx.vb,43,0,0,0,0,0,0
WebGestor/Finanzas/Finanzas_Registro_IngresoEgreso.aspx,130,10,10,0,0,0,0
WebGestor/Finanzas/Finanzas_Registro_IngresoEgreso.aspx.vb,81,0,0,0,0,0,0
WebGestor/GTP/GTP_Calcular_Distancia_2Puntos.aspx,6,0,0,0,0,0,0
WebGestor/GTP/GTP_Calcular_Distancia_2Puntos.aspx.vb,6,0,0,0,0,0,0
WebGestor/GTP/GTP_Registrar_Cliente.aspx,70,0,12,0,0,0,0
WebGestor/GTP/GTP_Registrar_Cliente.aspx.vb,303,0,0,0,0,0,29
WebGestor/GTP/GTP_Relacion_Ticket.aspx,416,6,27,0,0,0,0
WebGestor/GTP/GTP_Relacion_Ticket.aspx.vb,499,3,0,0,0,0,6
WebGestor/GTP/GTP_Relacion_TiemposxEstados.aspx,433,4,21,0,0,0,0
WebGestor/GTP/GTP_Relacion_TiemposxEstados.aspx.vb,428,1,0,0,0,0,13
WebGestor/GTP/PagMaestra_GTP.master,153,0,2,0,0,0,0
WebGestor/GTP/PagMaestra_GTP.master.vb,6,0,0,0,0,0,0
WebGestor/Gestion_Personal/Agencia_Empleador_Relacion.aspx,396,16,29,0,0,0,0
WebGestor/Gestion_Personal/Agencia_Empleador_Relacion.aspx.vb,339,3,0,0,0,0,0
WebGestor/Global2.asax.vb,11,0,0,0,0,0,0
WebGestor/HomeMenu.aspx,10,0,0,0,0,0,0
WebGestor/HomeMenu.aspx.vb,6,0,0,0,0,0,0
WebGestor/Inventario/CalcularDistancia.aspx,26,2,0,0,1,0,0
WebGestor/Inventario/CalcularDistancia.aspx.vb,108,1,0,0,2,0,1
WebGestor/Inventario/Capturar_Almacenar_Foto.aspx,112,0,2,0,0,0,0
WebGestor/Inventario/Capturar_Almacenar_Foto.aspx.vb,36,0,0,0,0,0,2
WebGestor/Inventario/Catalogo_Articulo.aspx,570,6,39,4,0,0,0
WebGestor/Inventario/Catalogo_Articulo.aspx.designer.vb,673,5,15,3,0,0,0
WebGestor/Inventario/Catalogo_Articulo.aspx.vb,844,3,0,8,0,0,3
WebGestor/Inventario/Catalogo_PlacaIni_Prop.aspx,72,2,6,0,0,0,0
WebGestor/Inventario/Catalogo_PlacaIni_Prop.aspx.designer.vb,117,1,3,0,0,0,0
WebGestor/Inventario/Catalogo_PlacaIni_Prop.aspx.vb,135,1,0,0,0,0,0
WebGestor/Inventario/Garantia_ConsultaEquipo.aspx,234,0,36,0,0,0,0
WebGestor/Inventario/Garantia_ConsultaEquipo.aspx.vb,75,0,0,0,0,0,0
WebGestor/Inventario/InvReport_Recepcion.aspx,21,0,0,0,4,0,0
WebGestor/Inventario/InvReport_Recepcion.aspx.vb,38,0,0,0,4,0,1
WebGestor/Inventario/Inv_Definiciones_Tablas.aspx,937,31,76,0,0,0,0
WebGestor/Inventario/Inv_Definiciones_Tablas.aspx.designer.vb,1087,11,26,0,0,0,0
WebGestor/Inventario/Inv_Definiciones_Tablas.aspx.vb,1165,29,10,0,0,0,0
WebGestor/Inventario/Inventario.aspx,375,4,12,2,0,0,0
WebGestor/Inventario/Inventario.aspx.vb,259,1,0,2,0,0,6
WebGestor/Inventario/Inventario_.aspx,455,6,24,0,2,0,0
WebGestor/Inventario/Inventario_.aspx.vb,741,3,1,0,0,0,19
WebGestor/Inventario/Inventario_Almacen_Salida.aspx,677,21,57,0,0,0,0
WebGestor/Inventario/Inventario_Almacen_Salida.aspx.vb,2983,7,36,0,0,0,256
WebGestor/Inventario/Inventario_Articulo_Foto.aspx,580,21,16,4,0,0,0
WebGestor/Inventario/Inventario_Articulo_Foto.aspx.vb,697,6,1,7,0,0,11
WebGestor/Inventario/Inventario_Articulo_Imagen.aspx,78,3,6,0,0,0,0
WebGestor/Inventario/Inventario_Articulo_Imagen.aspx.vb,239,2,0,0,0,0,6
WebGestor/Inventario/Inventario_BienesNuevos_NoConsiderar.aspx,350,9,18,0,0,0,0
WebGestor/Inventario/Inventario_BienesNuevos_NoConsiderar.aspx.vb,453,2,2,0,0,0,8
WebGestor/Inventario/Inventario_CCosto_Salida.aspx,805,10,64,0,0,0,0
WebGestor/Inventario/Inventario_CCosto_Salida.aspx.vb,1473,5,29,0,0,0,84
WebGestor/Inventario/Inventario_CCosto_Salida_Generar.aspx,662,21,55,0,0,0,0
WebGestor/Inventario/Inventario_CCosto_Salida_Generar.aspx.vb,2132,7,40,0,0,0,114
WebGestor/Inventario/Inventario_CargaFoto_xBiene.aspx,519,18,16,4,0,0,0
WebGestor/Inventario/Inventario_CargaFoto_xBiene.aspx.vb,709,4,1,7,0,0,14
WebGestor/Inventario/Inventario_Carga_Atms.aspx,60,3,0,4,0,0,0
WebGestor/Inventario/Inventario_Carga_Atms.aspx.vb,248,0,0,6,0,0,10
WebGestor/Inventario/Inventario_Carga_DatosIniciales.aspx,38,0,4,2,0,0,0
WebGestor/Inventario/Inventario_Carga_DatosIniciales.aspx.vb,723,0,0,2,0,0,71
WebGestor/Inventario/Inventario_Carga_Individual.aspx,535,6,48,0,0,0,0
WebGestor/Inventario/Inventario_Carga_Individual.aspx.vb,896,8,46,0,0,0,49
WebGestor/Inventario/Inventario_Carga_Informacion.aspx,125,2,8,0,0,0,0
WebGestor/Inventario/Inventario_Carga_Informacion.aspx.vb,105,1,0,0,0,0,0
WebGestor/Inventario/Inventario_Carga_MovGps.aspx,240,6,13,2,0,0,0
WebGestor/Inventario/Inventario_Carga_MovGps.aspx.vb,977,1,1,2,0,0,9
WebGestor/Inventario/Inventario_Cargar_Valor_Libro.aspx,65,0,0,1,0,0,0
WebGestor/Inventario/Inventario_Cargar_Valor_Libro.aspx.vb,123,0,0,0,0,0,6
WebGestor/Inventario/Inventario_CatalogoArticulo.aspx,104,0,4,0,0,0,0
WebGestor/Inventario/Inventario_CatalogoArticulo.aspx.vb,53,0,0,0,0,0,0
WebGestor/Inventario/Inventario_Clasificacion.aspx,169,9,8,0,0,0,0
WebGestor/Inventario/Inventario_Clasificacion.aspx.vb,274,0,0,0,0,0,6
WebGestor/Inventario/Inventario_Conciliacion_Masiva.aspx,210,9,13,0,0,0,0
WebGestor/Inventario/Inventario_Conciliacion_Masiva.aspx.vb,603,1,0,0,0,0,20
WebGestor/Inventario/Inventario_Conciliados_OtrosBienes.aspx,179,6,13,0,0,0,0
WebGestor/Inventario/Inventario_Conciliados_OtrosBienes.aspx.vb,523,1,0,0,0,0,20
WebGestor/Inventario/Inventario_Datos_del_Bien.aspx,556,21,21,0,0,0,0
WebGestor/Inventario/Inventario_Datos_del_Bien.aspx.designer.vb,772,7,14,0,0,0,0
WebGestor/Inventario/Inventario_Datos_del_Bien.aspx.vb,622,4,0,0,0,0,12
WebGestor/Inventario/Inventario_Define_CentroCostos.aspx,399,4,58,0,0,0,0
WebGestor/Inventario/Inventario_Define_CentroCostos.aspx.vb,562,2,0,0,0,0,17
WebGestor/Inventario/Inventario_Definicion.aspx,117,7,8,0,0,0,0
WebGestor/Inventario/Inventario_Definicion.aspx.designer.vb,151,3,3,0,0,0,0
WebGestor/Inventario/Inventario_Definicion.aspx.vb,120,10,0,0,0,0,0
WebGestor/Inventario/Inventario_Definiciones_Tablas.aspx,160,9,21,0,0,0,0
WebGestor/Inventario/Inventario_Definiciones_Tablas.aspx.vb,426,13,4,0,0,0,0
WebGestor/Inventario/Inventario_Definir_Zonas.aspx,299,6,30,0,0,0,0
WebGestor/Inventario/Inventario_Definir_Zonas.aspx.vb,259,1,0,0,0,0,4
WebGestor/Inventario/Inventario_Descargas.aspx,6,0,0,0,0,0,0
WebGestor/Inventario/Inventario_Descargas.aspx.vb,22,0,0,0,0,0,0
WebGestor/Inventario/Inventario_Emergente.aspx,262,4,64,0,0,0,0
WebGestor/Inventario/Inventario_Emergente.aspx.vb,595,2,6,0,0,0,35
WebGestor/Inventario/Inventario_EquiposConciliados.aspx,1101,42,69,0,0,0,0
WebGestor/Inventario/Inventario_EquiposConciliados.aspx.designer.vb,961,7,27,0,0,0,0
WebGestor/Inventario/Inventario_EquiposConciliados.aspx.vb,1136,5,2,0,0,0,23
WebGestor/Inventario/Inventario_EquiposxAlmacen.aspx,391,9,20,0,0,0,0
WebGestor/Inventario/Inventario_EquiposxAlmacen.aspx.vb,517,4,0,0,0,0,9
WebGestor/Inventario/Inventario_Estadistica.aspx,85,3,2,0,0,0,0
WebGestor/Inventario/Inventario_Estadistica.aspx.vb,189,0,0,0,0,0,0
WebGestor/Inventario/Inventario_ExportarExcel.aspx,6,0,0,0,0,0,0
WebGestor/Inventario/Inventario_ExportarExcel.aspx.vb,41,0,0,0,0,0,0
WebGestor/Inventario/Inventario_Flujo_Atencion_Diaria.aspx,178,2,6,0,0,0,0
WebGestor/Inventario/Inventario_Flujo_Atencion_Diaria.aspx.vb,77,0,0,0,0,0,0
WebGestor/Inventario/Inventario_GPS.aspx,254,6,13,3,0,0,0
WebGestor/Inventario/Inventario_GPS.aspx.vb,910,1,1,2,0,0,9
WebGestor/Inventario/Inventario_Galeria_Fotos_xBien.aspx,34,2,0,0,1,0,0
WebGestor/Inventario/Inventario_Galeria_Fotos_xBien.aspx.vb,58,1,0,0,2,0,2
WebGestor/Inventario/Inventario_Garantia_Equipos.aspx,170,6,20,0,0,0,0
WebGestor/Inventario/Inventario_Garantia_Equipos.aspx.vb,144,2,0,0,0,0,0
WebGestor/Inventario/Inventario_Gastos.aspx,569,6,45,8,0,0,0
WebGestor/Inventario/Inventario_Gastos.aspx.vb,460,2,1,14,0,0,5
WebGestor/Inventario/Inventario_GenerarGuia.aspx,683,21,66,0,0,0,0
WebGestor/Inventario/Inventario_GenerarGuia.aspx.vb,1220,4,0,0,0,0,62
WebGestor/Inventario/Inventario_GenerarGuia_SinSalida.aspx,853,18,71,0,0,0,0
WebGestor/Inventario/Inventario_GenerarGuia_SinSalida.aspx.vb,1766,10,11,0,0,0,84
WebGestor/Inventario/Inventario_GenerarLista.aspx,615,8,34,0,0,0,0
WebGestor/Inventario/Inventario_GenerarLista.aspx.vb,409,6,3,0,0,0,16
WebGestor/Inventario/Inventario_Geolocalizacion_xBien.aspx,42,0,0,0,0,0,0
WebGestor/Inventario/Inventario_Geolocalizacion_xBien.aspx.vb,12,0,0,0,0,0,0
WebGestor/Inventario/Inventario_GuiaRemision_Masiva.aspx,738,21,55,2,0,0,0
WebGestor/Inventario/Inventario_GuiaRemision_Masiva.aspx.vb,876,10,7,5,0,0,45
WebGestor/Inventario/Inventario_GuiaRemision_Transporte.aspx,309,4,17,3,0,0,0
WebGestor/Inventario/Inventario_GuiaRemision_Transporte.aspx.vb,215,2,0,0,0,0,4
WebGestor/Inventario/Inventario_Guia_Transportista.aspx,419,4,17,3,0,0,0
WebGestor/Inventario/Inventario_Guia_Transportista.aspx.vb,281,3,0,0,0,0,5
WebGestor/Inventario/Inventario_Imprimir_Placas.aspx,60,0,4,5,0,0,0
WebGestor/Inventario/Inventario_Imprimir_Placas.aspx.vb,373,0,0,3,0,0,0
WebGestor/Inventario/Inventario_Informacion_Bienes.aspx,200,12,4,0,0,0,0
WebGestor/Inventario/Inventario_Informacion_Bienes.aspx.vb,103,1,0,0,0,0,1
WebGestor/Inventario/Inventario_Ingreso_Bienes_Desuso.aspx,793,18,87,2,0,0,0
WebGestor/Inventario/Inventario_Ingreso_Bienes_Desuso.aspx.vb,4292,11,0,10,0,0,261
WebGestor/Inventario/Inventario_Ingreso_Equipos.aspx,580,15,49,0,0,0,0
WebGestor/Inventario/Inventario_Ingreso_Equipos.aspx.vb,782,6,0,0,0,0,20
WebGestor/Inventario/Inventario_Ingreso_Equipos_Registrar.aspx,696,21,72,0,0,0,0
WebGestor/Inventario/Inventario_Ingreso_Equipos_Registrar.aspx.vb,1380,4,19,0,0,0,89
WebGestor/Inventario/Inventario_Ingreso_Placas.aspx,137,8,15,0,0,0,0
WebGestor/Inventario/Inventario_Ingreso_Placas.aspx.designer.vb,241,6,9,0,0,0,0
WebGestor/Inventario/Inventario_Ingreso_Placas.aspx.vb,211,24,8,0,0,0,0
WebGestor/Inventario/Inventario_Ingreso_Series.aspx,294,15,33,3,0,0,0
WebGestor/Inventario/Inventario_Ingreso_Series.aspx.vb,1123,2,7,3,0,0,89
WebGestor/Inventario/Inventario_Interface_GPS.aspx,381,12,24,2,0,0,0
WebGestor/Inventario/Inventario_Interface_GPS.aspx.vb,1722,2,0,8,0,0,38
WebGestor/Inventario/Inventario_Kardex.aspx,521,15,38,0,0,0,0
WebGestor/Inventario/Inventario_Kardex.aspx.vb,424,2,0,0,0,0,2
WebGestor/Inventario/Inventario_ListaTablaMovimientos_ParaGps.aspx,57,3,2,0,0,0,0
WebGestor/Inventario/Inventario_ListaTablaMovimientos_ParaGps.aspx.vb,37,0,0,0,0,0,0
WebGestor/Inventario/Inventario_Lista_BienesInventariado.aspx,324,12,27,0,0,0,0
WebGestor/Inventario/Inventario_Lista_BienesInventariado.aspx.vb,522,2,1,0,0,0,3
WebGestor/Inventario/Inventario_Lista_EquiposATratar.aspx,215,6,0,0,0,0,0
WebGestor/Inventario/Inventario_Lista_EquiposATratar.aspx.vb,112,4,0,0,0,0,0
WebGestor/Inventario/Inventario_Lista_Oficina_SinUbicaciones.aspx,55,3,2,0,0,0,0
WebGestor/Inventario/Inventario_Lista_Oficina_SinUbicaciones.aspx.vb,108,0,1,0,0,0,0
WebGestor/Inventario/Inventario_Monitoreo.aspx,513,15,26,0,0,0,0
WebGestor/Inventario/Inventario_Monitoreo.aspx.vb,422,2,0,0,0,0,0
WebGestor/Inventario/Inventario_Movimiento_Equipos.aspx,534,6,34,0,0,0,0
WebGestor/Inventario/Inventario_Movimiento_Equipos.aspx.vb,279,2,1,0,0,0,0
WebGestor/Inventario/Inventario_Pedido_Listado.aspx,78,3,4,2,0,0,0
WebGestor/Inventario/Inventario_Pedido_Listado.aspx.vb,238,0,0,3,0,0,13
WebGestor/Inventario/Inventario_Pedidos.aspx,374,9,25,0,0,0,0
WebGestor/Inventario/Inventario_Pedidos.aspx.vb,297,3,3,0,0,0,3
WebGestor/Inventario/Inventario_PopPud_DatosOficina.aspx,122,0,22,0,0,0,0
WebGestor/Inventario/Inventario_PopPud_DatosOficina.aspx.vb,61,0,0,0,0,0,0
WebGestor/Inventario/Inventario_Programacion.aspx,39,3,0,0,0,0,0
WebGestor/Inventario/Inventario_Programacion.aspx.vb,6,0,0,0,0,0,0
WebGestor/Inventario/Inventario_Recepcion_IngSeries.aspx,300,15,33,2,0,0,0
WebGestor/Inventario/Inventario_Recepcion_IngSeries.aspx.vb,1123,2,7,3,0,0,90
WebGestor/Inventario/Inventario_Recepcion_Listado.aspx,857,18,59,6,0,0,0
WebGestor/Inventario/Inventario_Recepcion_Listado.aspx.vb,1618,7,0,14,0,0,93
WebGestor/Inventario/Inventario_Recepcion_Registrar.aspx,846,24,73,2,0,0,0
WebGestor/Inventario/Inventario_Recepcion_Registrar.aspx.vb,1642,4,19,3,0,0,100
WebGestor/Inventario/Inventario_Regularizar_Equipos.aspx,215,9,9,0,0,0,0
WebGestor/Inventario/Inventario_Regularizar_Equipos.aspx.vb,484,3,0,0,0,0,30
WebGestor/Inventario/Inventario_Relacion_BienesInv.aspx,297,15,13,0,0,0,0
WebGestor/Inventario/Inventario_Relacion_BienesInv.aspx.vb,1966,3,1,0,0,0,7
WebGestor/Inventario/Inventario_Relacion_Equipos_Prestados.aspx,303,9,30,0,0,0,0
WebGestor/Inventario/Inventario_Relacion_Equipos_Prestados.aspx.vb,185,1,0,0,0,0,0
WebGestor/Inventario/Inventario_Relacion_GuiaInterna.aspx,478,12,16,4,0,0,0
WebGestor/Inventario/Inventario_Relacion_GuiaInterna.aspx.vb,661,4,0,8,0,0,4
WebGestor/Inventario/Inventario_Relacion_GuiaRemision.aspx,498,12,19,5,0,0,0
WebGestor/Inventario/Inventario_Relacion_GuiaRemision.aspx.vb,813,2,1,7,0,0,15
WebGestor/Inventario/Inventario_Relacion_Movimientos.aspx,298,6,24,0,0,0,0
WebGestor/Inventario/Inventario_Relacion_Movimientos.aspx.vb,309,2,5,0,0,0,5
WebGestor/Inventario/Inventario_Relacion_Salidas_Almacent.aspx,374,12,20,0,0,0,0
WebGestor/Inventario/Inventario_Relacion_Salidas_Almacent.aspx.vb,314,1,0,0,0,0,16
WebGestor/Inventario/Inventario_Relacion_Salidas_CCosto.aspx,239,9,12,0,0,0,0
WebGestor/Inventario/Inventario_Relacion_Salidas_CCosto.aspx.vb,248,1,0,0,0,0,8
WebGestor/Inventario/Inventario_Resumen.aspx,373,18,13,2,0,0,0
WebGestor/Inventario/Inventario_Resumen.aspx.vb,2252,3,1,3,0,0,7
WebGestor/Inventario/Inventario_Resumen_Estadistica.aspx,141,9,0,0,0,0,0
WebGestor/Inventario/Inventario_Resumen_Estadistica.aspx.vb,190,26,0,0,0,0,4
WebGestor/Inventario/Inventario_Resumen_Oficinas.aspx,266,3,2,0,0,0,0
WebGestor/Inventario/Inventario_Resumen_Oficinas.aspx.vb,211,0,0,0,0,0,0
WebGestor/Inventario/Inventario_SalidaIngreso_Alavez.aspx,543,9,34,2,0,0,0
WebGestor/Inventario/Inventario_SalidaIngreso_Alavez.aspx.vb,2076,7,0,6,0,0,147
WebGestor/Inventario/Inventario_SalidasEnv_xRecibir.aspx,322,12,35,2,0,0,0
WebGestor/Inventario/Inventario_SalidasEnv_xRecibir.aspx.vb,667,2,0,6,0,0,37
WebGestor/Inventario/Inventario_Stock_Articulos.aspx,384,9,9,0,0,0,0
WebGestor/Inventario/Inventario_Stock_Articulos.aspx.vb,639,7,0,0,0,0,9
WebGestor/Inventario/Inventario_Ubicacion.aspx,791,25,48,0,0,0,0
WebGestor/Inventario/Inventario_Ubicacion.aspx.designer.vb,601,5,12,0,0,0,0
WebGestor/Inventario/Inventario_Ubicacion.aspx.vb,1011,21,0,0,0,0,9
WebGestor/Inventario/Inventario_Verificacion_Nueva.aspx,1241,42,72,6,0,0,0
WebGestor/Inventario/Inventario_Verificacion_Nueva.aspx.vb,2275,6,1,8,0,0,71
WebGestor/Inventario/Inventario_Verificar.aspx,1667,50,83,10,1,0,0
WebGestor/Inventario/Inventario_Verificar.aspx.designer.vb,862,9,15,0,0,0,0
WebGestor/Inventario/Inventario_Verificar.aspx.vb,3098,8,1,12,2,0,111
WebGestor/Inventario/Inventario_Verificar_Masivo.aspx,365,18,15,2,0,0,0
WebGestor/Inventario/Inventario_Verificar_Masivo.aspx.vb,653,1,1,3,0,0,24
WebGestor/Inventario/Inventario_Verificar_SinImagen.aspx,1112,39,55,3,0,0,0
WebGestor/Inventario/Inventario_Verificar_SinImagen.aspx.vb,1931,6,1,3,0,0,50
WebGestor/Inventario/Invnetario_Relacion_EquiposConciliados.aspx,171,6,12,0,0,0,0
WebGestor/Inventario/Invnetario_Relacion_EquiposConciliados.aspx.vb,209,1,0,0,0,0,0
WebGestor/Inventario/Master_Inventario.master,94,0,2,0,0,0,0
WebGestor/Inventario/Master_Inventario.master.vb,6,0,0,0,0,0,0
WebGestor/Inventario/PagPrincipal_Inv.master,142,0,2,0,0,0,0
WebGestor/Inventario/PagPrincipal_Inv.master.vb,20,0,0,0,0,0,0
WebGestor/Inventario/TomarFoto.aspx,166,0,0,0,0,0,0
WebGestor/Inventario/TomarFoto.aspx.vb,6,0,0,0,0,0,0
WebGestor/Inventario/inventario_Regularizar_UbicacionCarga.aspx,195,6,7,0,0,0,0
WebGestor/Inventario/inventario_Regularizar_UbicacionCarga.aspx.vb,161,1,0,0,0,0,1
WebGestor/MP_Principal.master,421,0,5,0,0,0,0
WebGestor/MP_Principal.master.vb,139,0,0,0,0,0,8
WebGestor/MProyLeft.ascx,29,0,0,0,0,0,0
WebGestor/MProyLeft.ascx.vb,159,0,0,0,0,0,8
WebGestor/MProyRight.ascx,27,3,0,0,0,0,0
WebGestor/MProyRight.ascx.vb,126,15,0,0,0,0,2
WebGestor/MapaWeb.aspx,66,0,0,0,0,0,0
WebGestor/MapaWeb.aspx.vb,6,0,0,0,0,0,0
WebGestor/MasterPage_Ejemplo.master,42,0,0,0,0,0,0
WebGestor/MasterPage_Ejemplo.master.vb,6,0,0,0,0,0,0
WebGestor/Menu/Contacto.aspx,215,0,25,0,0,0,0
WebGestor/Menu/Contacto.aspx.vb,111,0,0,0,0,0,0
WebGestor/Menu/Detalle.aspx,184,2,0,0,0,0,0
WebGestor/Menu/Detalle.aspx.vb,215,1,0,0,1,0,11
WebGestor/Menu/IngresarElemento.aspx,222,0,16,1,0,0,0
WebGestor/Menu/IngresarElemento.aspx.vb,200,0,0,0,0,0,0
WebGestor/Menu/Menu.ascx.vb,92,0,0,0,0,0,2
WebGestor/Menu/MenuPrincipal.ascx,29,0,0,0,0,0,0
WebGestor/Menu/MenuPrincipal.ascx.vb,84,0,0,0,0,0,2
WebGestor/Menu/PagMenu.master,77,0,0,0,0,0,0
WebGestor/Menu/PagMenu.master.vb,39,0,0,0,0,0,0
WebGestor/Menu/Subscriptor.aspx,165,0,15,0,0,0,0
WebGestor/Menu/Subscriptor.aspx.vb,133,0,0,0,0,0,0
WebGestor/Menu/_Default.aspx,43,2,4,0,0,0,0
WebGestor/Menu/_Default.aspx.vb,479,3,0,0,2,0,21
WebGestor/Menu/menu.ascx,30,0,0,0,0,0,0
WebGestor/MenuWeb/MenuWeb_Definicion.aspx,252,10,39,0,0,0,0
WebGestor/MenuWeb/MenuWeb_Definicion.aspx.vb,684,5,31,0,0,0,0
WebGestor/MenuWeb/MenuWeb_Elementos.aspx,220,4,8,0,0,0,0
WebGestor/MenuWeb/MenuWeb_Elementos.aspx.vb,245,1,2,0,0,0,2
WebGestor/MenuWeb/MenuWeb_Registra_Auspiciador.aspx,282,2,10,1,0,0,0
WebGestor/MenuWeb/MenuWeb_Registra_Auspiciador.aspx.vb,109,1,2,0,0,0,1
WebGestor/MenuWeb/MenuWeb_Registra_Elemento.aspx,350,0,37,2,0,0,0
WebGestor/MenuWeb/MenuWeb_Registra_Elemento.aspx.vb,134,0,2,0,0,0,0
WebGestor/MenuWeb/PagPrincipal_MenuWeb.master,89,0,0,0,0,0,0
WebGestor/MenuWeb/PagPrincipal_MenuWeb.master.vb,20,0,0,0,0,0,0
WebGestor/MesaAyuda/AdminProblemas_Creacion.aspx,292,8,110,0,0,0,0
WebGestor/MesaAyuda/AdminProblemas_Creacion.aspx.vb,880,6,2,0,0,0,40
WebGestor/MesaAyuda/AdminProblemas_Creacion2.aspx,354,9,10,0,0,0,0
WebGestor/MesaAyuda/AdminProblemas_Creacion2.aspx.vb,575,8,0,0,0,0,35
WebGestor/MesaAyuda/AdminProblemas_Creacion21.aspx,353,9,10,0,0,0,0
WebGestor/MesaAyuda/AdminProblemas_Creacion21.aspx.vb,572,7,0,0,0,0,35
WebGestor/MesaAyuda/AdminProblemas_Creacion_Edicion.aspx,258,8,110,0,0,0,0
WebGestor/MesaAyuda/AdminProblemas_Creacion_Edicion.aspx.vb,863,6,2,0,0,0,39
WebGestor/MesaAyuda/AdminProblemas_DefineTablas1.aspx,210,6,23,0,0,0,0
WebGestor/MesaAyuda/AdminProblemas_DefineTablas1.aspx.vb,348,6,5,0,0,0,2
WebGestor/MesaAyuda/AdminProblemas_DefineTablas2.aspx,189,8,26,0,0,0,0
WebGestor/MesaAyuda/AdminProblemas_DefineTablas2.aspx.vb,430,8,0,0,0,0,0
WebGestor/MesaAyuda/AdminProblemas_Define_BaseDatos.aspx,283,2,22,0,0,0,0
WebGestor/MesaAyuda/AdminProblemas_Define_BaseDatos.aspx.vb,304,2,0,0,0,0,2
WebGestor/MesaAyuda/AdminProblemas_Define_Personas.aspx,211,2,24,0,0,0,0
WebGestor/MesaAyuda/AdminProblemas_Define_Personas.aspx.vb,263,2,0,0,0,0,3
WebGestor/MesaAyuda/AdminProblemas_DiferenciasTiempo.aspx,95,4,0,0,0,0,0
WebGestor/MesaAyuda/AdminProblemas_DiferenciasTiempo.aspx.vb,60,1,0,0,0,0,7
WebGestor/MesaAyuda/AdminProblemas_Lista_Enlace_TemasAyuda.aspx,149,4,0,0,0,0,0
WebGestor/MesaAyuda/AdminProblemas_Lista_Enlace_TemasAyuda.aspx.vb,118,5,0,0,0,0,0
WebGestor/MesaAyuda/AdminProblemas_Listado.aspx,280,8,110,0,0,0,0
WebGestor/MesaAyuda/AdminProblemas_Listado.aspx.vb,887,5,2,0,0,0,39
WebGestor/MesaAyuda/AdminProblemas_Registrar.aspx,1189,10,60,5,0,0,0
WebGestor/MesaAyuda/AdminProblemas_Registrar.aspx.vb,871,7,0,13,0,0,12
WebGestor/MesaAyuda/AdminProblemas_Registrar_Fecha.aspx,1216,10,62,5,0,0,0
WebGestor/MesaAyuda/AdminProblemas_Registrar_Fecha.aspx.vb,879,7,0,13,0,0,12
WebGestor/MesaAyuda/AdminProblemas_Registrar_Usuario.aspx,739,2,43,5,0,0,0
WebGestor/MesaAyuda/AdminProblemas_Registrar_Usuario.aspx.vb,669,2,0,13,0,0,12
WebGestor/MesaAyuda/AdminProblemas_Reportar.aspx,414,0,34,0,0,0,0
WebGestor/MesaAyuda/AdminProblemas_Reportar.aspx.vb,325,0,1,0,0,0,19
WebGestor/MesaAyuda/PagPrincipal_MesaAyuda.master,91,0,0,0,0,0,0
WebGestor/MesaAyuda/PagPrincipal_MesaAyuda.master.vb,20,0,0,0,0,0,0
WebGestor/My Project/Application.Designer.vb,13,0,0,0,0,0,0
WebGestor/My Project/AssemblyInfo.vb,35,0,0,0,0,0,0
WebGestor/My Project/MyExtensions/MyWebExtension.vb,73,0,0,0,0,0,0
WebGestor/My Project/Resources.Designer.vb,62,0,0,0,0,0,0
WebGestor/My Project/Settings.Designer.vb,72,0,0,0,0,0,0
WebGestor/OperadorLogistico/Inventario_Archivo_Telefonica.aspx,197,2,4,0,0,0,0
WebGestor/OperadorLogistico/Inventario_Archivo_Telefonica.aspx.vb,74,2,0,0,0,0,0
WebGestor/OperadorLogistico/Inventario_CargaAgenda.aspx,79,0,0,1,0,0,0
WebGestor/OperadorLogistico/Inventario_CargaAgenda.aspx.vb,153,0,0,0,0,0,0
WebGestor/OperadorLogistico/Inventario_GuiaArchivo.aspx,183,2,0,0,0,0,0
WebGestor/OperadorLogistico/Inventario_GuiaArchivo.aspx.vb,49,1,0,0,0,0,0
WebGestor/OperadorLogistico/Inventario_GuiaRemision.aspx,441,4,50,0,0,0,0
WebGestor/OperadorLogistico/Inventario_GuiaRemision.aspx.vb,345,2,0,0,0,0,0
WebGestor/OperadorLogistico/Inventario_GuiaRemision_Admin.aspx,453,4,50,0,0,0,0
WebGestor/OperadorLogistico/Inventario_GuiaRemision_Admin.aspx.vb,330,2,0,0,0,0,0
WebGestor/OperadorLogistico/Inventario_GuiaRemision_CargaArch.aspx,391,4,24,1,0,0,0
WebGestor/OperadorLogistico/Inventario_GuiaRemision_CargaArch.aspx.vb,131,2,0,0,0,0,0
WebGestor/OperadorLogistico/Inventario_GuiaRemision_CargaArch_Admin.aspx,408,4,26,1,0,0,0
WebGestor/OperadorLogistico/Inventario_GuiaRemision_CargaArch_Admin.aspx.vb,146,2,0,0,0,0,0
WebGestor/OperadorLogistico/Inventario_GuiaRemision_Update.aspx,427,4,50,0,0,0,0
WebGestor/OperadorLogistico/Inventario_GuiaRemision_Update.aspx.vb,314,2,0,0,0,0,0
WebGestor/OperadorLogistico/Inventario_Personas.aspx,191,2,16,0,0,0,0
WebGestor/OperadorLogistico/Inventario_Personas.aspx.vb,104,1,0,0,0,0,0
WebGestor/OperadorLogistico/Inventario_Personas_xFechaEntrega.aspx,357,6,8,0,0,0,0
WebGestor/OperadorLogistico/Inventario_Personas_xFechaEntrega.aspx.vb,137,4,0,0,0,0,0
WebGestor/OperadorLogistico/PagPrincipal_OpLogistico.master,92,0,0,0,0,0,0
WebGestor/OperadorLogistico/PagPrincipal_OpLogistico.master.vb,20,0,0,0,0,0,0
WebGestor/PagPrincipal.master,131,0,0,0,0,0,0
WebGestor/PagPrincipal.master.vb,20,0,0,0,0,0,0
WebGestor/PagPrincipal_A.master,391,0,0,3,0,0,0
WebGestor/PagPrincipal_A.master.vb,24,0,0,0,0,0,0
WebGestor/PaginaMaestra_Web.master,53,0,0,0,0,0,0
WebGestor/PaginaMaestra_Web.master.vb,12,0,0,0,0,0,0
WebGestor/PaginaPrincipal.aspx,74,0,2,0,0,0,0
WebGestor/PaginaPrincipal.aspx.vb,146,0,0,0,0,0,4
WebGestor/PersonalAgenda/Agenda_Citas.aspx,576,12,60,0,0,0,0
WebGestor/PersonalAgenda/Agenda_Citas.aspx.vb,1045,3,0,0,0,0,44
WebGestor/PersonalAgenda/Agenda_Entrevista.aspx,678,8,92,0,0,0,0
WebGestor/PersonalAgenda/Agenda_Entrevista.aspx.vb,983,3,0,0,0,0,58
WebGestor/PersonalAgenda/Agenda_Tablas.aspx,255,12,36,0,0,0,0
WebGestor/PersonalAgenda/Agenda_Tablas.aspx.vb,1206,5,39,0,0,0,45
WebGestor/PersonalAgenda/PagPrincipal_PersonalAgenda.master,112,0,2,0,0,0,0
WebGestor/PersonalAgenda/PagPrincipal_PersonalAgenda.master.vb,20,0,0,0,0,0,0
WebGestor/Salida.aspx,17,0,0,0,0,0,0
WebGestor/Salida.aspx.vb,23,0,0,0,0,0,0
WebGestor/Servicio/BaseDatos_Busqueda.aspx,125,2,10,0,0,0,0
WebGestor/Servicio/BaseDatos_Busqueda.aspx.vb,215,2,0,0,0,0,7
WebGestor/Servicio/BaseDatos_Definicion.aspx,92,2,20,0,0,0,0
WebGestor/Servicio/BaseDatos_Definicion.aspx.vb,303,2,0,0,0,0,2
WebGestor/Servicio/Gestion_Inspeccion_Desplazamiento.aspx,611,6,36,0,0,0,0
WebGestor/Servicio/Gestion_Inspeccion_Desplazamiento.aspx.vb,225,2,0,0,0,0,0
WebGestor/Servicio/Inspeccion_Centro_Costos.aspx,221,6,56,0,0,0,0
WebGestor/Servicio/Inspeccion_Centro_Costos.aspx.vb,262,3,0,0,0,0,0
WebGestor/Servicio/Inspeccion_Detalle.aspx,505,16,310,0,0,0,0
WebGestor/Servicio/Inspeccion_Detalle.aspx.vb,1913,8,16,0,0,0,0
WebGestor/Servicio/Inspeccion_Documentos_Ayuda.aspx,476,4,36,1,0,0,0
WebGestor/Servicio/Inspeccion_Documentos_Ayuda.aspx.vb,178,2,0,0,0,0,0
WebGestor/Servicio/Inspeccion_Equipo_Mantenimiento.aspx,180,4,46,0,0,0,0
WebGestor/Servicio/Inspeccion_Equipo_Mantenimiento.aspx.vb,233,3,0,0,0,0,2
WebGestor/Servicio/Inspeccion_ListaDetalleOficina.aspx,590,8,10,0,0,0,0
WebGestor/Servicio/Inspeccion_ListaDetalleOficina.aspx.vb,249,3,0,0,0,0,0
WebGestor/Servicio/Inspeccion_Lista_DatosAdicionales.aspx,805,6,54,0,0,0,0
WebGestor/Servicio/Inspeccion_Lista_DatosAdicionales.aspx.vb,450,3,0,0,0,0,0
WebGestor/Servicio/Inspeccion_Lista_DatosAdicionales_Usuarios.aspx,624,6,34,0,0,0,0
WebGestor/Servicio/Inspeccion_Lista_DatosAdicionales_Usuarios.aspx.vb,228,2,0,0,0,0,0
WebGestor/Servicio/Inspeccion_Lista_Documento.aspx,376,4,18,0,0,0,0
WebGestor/Servicio/Inspeccion_Lista_Documento.aspx.vb,129,2,0,0,0,0,0
WebGestor/Servicio/Inspeccion_Lista_OfPendiente.aspx,261,8,54,0,0,0,0
WebGestor/Servicio/Inspeccion_Lista_OfPendiente.aspx.vb,294,6,0,0,0,0,2
WebGestor/Servicio/Inspeccion_Listado.aspx,332,4,14,0,0,0,0
WebGestor/Servicio/Inspeccion_Listado.aspx.vb,117,2,0,0,0,0,0
WebGestor/Servicio/Inspeccion_RegistrarVisitas.aspx,593,6,42,0,0,0,0
WebGestor/Servicio/Inspeccion_RegistrarVisitas.aspx.vb,235,2,0,0,0,0,2
WebGestor/Servicio/Inspeccion_Reporte_ReqAd.aspx,571,6,34,0,0,0,0
WebGestor/Servicio/Inspeccion_Reporte_ReqAd.aspx.vb,425,3,0,0,0,0,0
WebGestor/Servicio/Inspeccion_Resumen.aspx,331,4,14,0,0,0,0
WebGestor/Servicio/Inspeccion_Resumen.aspx.vb,129,2,0,0,0,0,0
WebGestor/Servicio/PagPrincipal_Servicio.master,92,0,0,0,0,0,0
WebGestor/Servicio/PagPrincipal_Servicio.master.vb,20,0,0,0,0,0,0
WebGestor/ServicioIntegral/PagPrincipal_Servicio.master,89,0,0,0,0,0,0
WebGestor/ServicioIntegral/PagPrincipal_Servicio.master.vb,20,0,0,0,0,0,0
WebGestor/ServicioIntegral/SIntegral_Registrar_Servicio.aspx,372,2,34,1,0,0,0
WebGestor/ServicioIntegral/SIntegral_Registrar_Servicio.aspx.vb,176,1,0,0,0,0,0
WebGestor/ServicioIntegral/SIntegral_Servicio.aspx,113,2,28,0,0,0,0
WebGestor/ServicioIntegral/SIntegral_Servicio.aspx.vb,120,1,0,0,0,0,0
WebGestor/ServicioIntegral/SIntegral_Servicio_Detalle_.aspx,107,2,4,0,0,0,0
WebGestor/ServicioIntegral/SIntegral_Servicio_Detalle_.aspx.vb,67,0,0,0,0,0,0
WebGestor/ServicioIntegral/SIntegral_Servicio_Proveedor.aspx,200,6,12,0,0,0,0
WebGestor/ServicioIntegral/SIntegral_Servicio_Proveedor.aspx.vb,243,2,3,0,0,0,0
WebGestor/Sistema/General_Relacion_Categoria_Usuario.aspx,253,4,3,0,0,0,0
WebGestor/Sistema/General_Relacion_Categoria_Usuario.aspx.vb,143,1,3,0,0,0,0
WebGestor/Sistema/Mantenimiento_TablasEspeciales.aspx,177,4,30,0,0,0,0
WebGestor/Sistema/Mantenimiento_TablasEspeciales.aspx.vb,280,2,0,0,0,0,0
WebGestor/Sistema/Mantenimiento_TablasEspeciales_Activar.aspx,189,2,14,0,0,0,0
WebGestor/Sistema/Mantenimiento_TablasEspeciales_Activar.aspx.vb,156,1,0,0,0,0,0
WebGestor/Sistema/PagPrincipal.master,94,0,0,0,0,0,0
WebGestor/Sistema/PagPrincipal.master.vb,20,0,0,0,0,0,0
WebGestor/Sistema/Personal_Mostrar.aspx,284,3,32,4,0,0,0
WebGestor/Sistema/Personal_Mostrar.aspx.vb,582,3,2,5,0,0,12
WebGestor/Sistema/SegSistem_Exportar_Datos.aspx,6,0,0,0,0,0,0
WebGestor/Sistema/SegSistem_Exportar_Datos.aspx.vb,83,0,0,0,0,0,6
WebGestor/Sistema/SegSistema_CambioContraseña.aspx,123,0,21,0,0,0,0
WebGestor/Sistema/SegSistema_CambioContraseña.aspx.vb,50,0,0,0,0,0,2
WebGestor/Sistema/SegSistema_Mant_Modulos.aspx,192,2,10,0,0,0,0
WebGestor/Sistema/SegSistema_Mant_Modulos.aspx.vb,204,2,0,0,0,0,2
WebGestor/Sistema/SegSistema_Mant_Paginas.aspx,113,2,16,0,0,0,0
WebGestor/Sistema/SegSistema_Mant_Paginas.aspx.vb,136,2,0,0,0,0,0
WebGestor/Sistema/SegSistema_Mant_Perfiles.aspx,331,4,21,0,0,0,0
WebGestor/Sistema/SegSistema_Mant_Perfiles.aspx.vb,290,4,3,0,0,0,0
WebGestor/Sistema/SegSistema_Mant_Usuarios.aspx,447,12,44,0,0,0,0
WebGestor/Sistema/SegSistema_Mant_Usuarios.aspx.vb,658,6,0,0,0,0,12
WebGestor/Sistema/SegSistema_MensajeOk.aspx,58,0,0,0,0,0,0
WebGestor/Sistema/SegSistema_MensajeOk.aspx.vb,16,0,0,0,0,0,0
WebGestor/Sistema/SegSistema_MenuPrincipal.aspx,5,0,0,0,0,0,0
WebGestor/Sistema/SegSistema_MenuPrincipal.aspx.vb,6,0,0,0,0,0,0
WebGestor/Sistema/SegSistema_NuevoUsuario.aspx,549,0,44,0,0,0,0
WebGestor/Sistema/SegSistema_NuevoUsuario.aspx.vb,364,0,0,0,0,0,13
WebGestor/Sistema/SegSistema_OlvidoContraseña.aspx,99,0,5,0,0,0,0
WebGestor/Sistema/SegSistema_OlvidoContraseña.aspx.vb,86,0,0,0,0,0,2
WebGestor/Sistema/Tablas_Especiales_Mantenimiento.aspx,238,6,22,0,0,0,0
WebGestor/Sistema/Tablas_Especiales_Mantenimiento.aspx.vb,506,4,0,0,0,0,23
WebGestor/Site.Master,72,2,0,0,0,0,0
WebGestor/Site.Master.designer.vb,25,0,0,0,0,0,0
WebGestor/Site.Master.vb,6,0,0,0,0,0,0
WebGestor/Site.Mobile.Master,26,0,0,0,0,0,0
WebGestor/Site.Mobile.Master.designer.vb,70,0,0,0,0,0,0
WebGestor/Site.Mobile.Master.vb,8,0,0,0,0,0,0
WebGestor/TerminaSesion.aspx,50,0,0,0,0,0,0
WebGestor/TerminaSesion.aspx.vb,6,0,0,0,0,0,0
WebGestor/Ventas/Graficos.aspx,160,2,4,0,0,0,0
WebGestor/Ventas/Graficos.aspx.vb,383,1,0,0,0,0,0
WebGestor/Ventas/MasterPage.master,22,0,0,0,0,0,0
WebGestor/Ventas/MasterPage.master.vb,6,0,0,0,0,0,0
WebGestor/Ventas/PagPrincipal_Nuevo.master,102,0,2,0,0,0,0
WebGestor/Ventas/PagPrincipal_Nuevo.master.vb,21,0,0,0,0,0,0
WebGestor/Ventas/PagPrincipal_Venta.master,92,0,0,0,0,0,0
WebGestor/Ventas/PagPrincipal_Venta.master.vb,20,0,0,0,0,0,0
WebGestor/Ventas/Ventas_BusArticulos.aspx,105,0,4,0,0,0,0
WebGestor/Ventas/Ventas_BusArticulos.aspx.vb,52,0,0,0,0,0,0
WebGestor/Ventas/Ventas_Cotizar_Proveedor.aspx,248,4,6,0,0,0,0
WebGestor/Ventas/Ventas_Cotizar_Proveedor.aspx.vb,154,3,3,0,0,0,3
WebGestor/Ventas/Ventas_Delivery.aspx,571,11,60,0,0,0,0
WebGestor/Ventas/Ventas_Delivery.aspx.vb,944,4,8,0,0,0,55
WebGestor/Ventas/Ventas_Grafica.aspx,53,0,0,0,0,4,0
WebGestor/Ventas/Ventas_Grafica.aspx.vb,234,0,0,0,0,1,0
WebGestor/Ventas/Ventas_Ingresa_OrdenCompra.aspx,267,4,4,0,0,0,0
WebGestor/Ventas/Ventas_Ingresa_OrdenCompra.aspx.vb,109,3,0,0,0,0,2
WebGestor/Ventas/Ventas_Punto.aspx,330,2,20,0,0,0,0
WebGestor/Ventas/Ventas_Punto.aspx.vb,241,3,11,0,0,0,0
WebGestor/Ventas/Ventas_Punto_Cliente.aspx,139,2,16,0,0,0,0
WebGestor/Ventas/Ventas_Punto_Cliente.aspx.vb,69,1,0,0,0,0,0
WebGestor/Ventas/Ventas_Registro_Oportunidades.aspx,427,6,31,0,0,0,0
WebGestor/Ventas/Ventas_Registro_Oportunidades.aspx.vb,410,1,1,0,0,0,12
WebGestor/ViewSwitcher.ascx,5,0,0,0,0,0,0
WebGestor/ViewSwitcher.ascx.designer.vb,17,0,0,0,0,0,0
WebGestor/ViewSwitcher.ascx.vb,53,0,0,0,0,0,0
WebGestor/camara.aspx,92,2,0,3,0,0,0
WebGestor/camara.aspx.vb,124,1,0,0,0,0,2
