process_id,module_guess,page_name,verb,path_aspx,path_vb,flags
01c5c8994c7e5a4dc3b721f7f7493e333b7b9abd,WebGestor,About,LIST,WebGestor/About.aspx,WebGestor/About.aspx.vb,has_codebehind|possible_master
7712b17c939e9e87a10dd676746461b0b004d4d5,WebGestor,CasReporte_IncOficinaxComponente,REPORT,WebGestor/CAS/CasReporte_IncOficinaxComponente.aspx,WebGestor/CAS/CasReporte_IncOficinaxComponente.aspx.vb,has_codebehind|possible_master|uses_usercontrol
a525af0fbfe442a452b9112bcbf3fc5712f63b80,WebGestor,CasReporte_IncidenteTotales,REPORT,WebGestor/CAS/CasReporte_IncidenteTotales.aspx,WebGestor/CAS/CasReporte_IncidenteTotales.aspx.vb,has_codebehind|possible_master|uses_usercontrol
37567cf77e8fd490856f8927c5eb5120d257bde8,WebGestor,CasReporte_IncidentexComponente,REPORT,WebGestor/CAS/CasReporte_IncidentexComponente.aspx,WebGestor/CAS/CasReporte_IncidentexComponente.aspx.vb,has_codebehind|possible_master|uses_usercontrol
1f4778365cd0f2f842effc8af23f62a29f89ed7a,WebGestor,CasReporte_IncidentexElemento,REPORT,WebGestor/CAS/CasReporte_IncidentexElemento.aspx,WebGestor/CAS/CasReporte_IncidentexElemento.aspx.vb,has_codebehind|possible_master|uses_usercontrol
ea9abfee3377c686ad35d5f36b05208e5e10db05,WebGestor,CasReporte_ResumenBD,REPORT,WebGestor/CAS/CasReporte_ResumenBD.aspx,WebGestor/CAS/CasReporte_ResumenBD.aspx.vb,has_codebehind|possible_master|uses_usercontrol
373cff471a69475e47b5369570d18ebfc2701e85,WebGestor,Cas_BusquedaBaseDatos,LIST,WebGestor/CAS/Cas_BusquedaBaseDatos.aspx,WebGestor/CAS/Cas_BusquedaBaseDatos.aspx.vb,has_codebehind|possible_master|uses_usercontrol
50b459529e9faa240b42defd9b2e65d509b6549f,WebGestor,Cas_DefineTablas1,LIST,WebGestor/CAS/Cas_DefineTablas1.aspx,WebGestor/CAS/Cas_DefineTablas1.aspx.vb,has_codebehind|possible_master|uses_usercontrol
5332a03fe7b3b1876b61c80a767e485ec6fe502d,WebGestor,Cas_DefineTablas2,LIST,WebGestor/CAS/Cas_DefineTablas2.aspx,WebGestor/CAS/Cas_DefineTablas2.aspx.vb,has_codebehind|possible_master|uses_usercontrol
4388efbb298b603629b33ac4f638fcbb1fc688b4,WebGestor,Cas_Define_Grupo,LIST,WebGestor/CAS/Cas_Define_Grupo.aspx,WebGestor/CAS/Cas_Define_Grupo.aspx.vb,has_codebehind|possible_master|uses_usercontrol
e3d009b20e165328b455e01bc98d676dd41d86d2,WebGestor,Cas_Define_TemasAyuda,LIST,WebGestor/CAS/Cas_Define_TemasAyuda.aspx,WebGestor/CAS/Cas_Define_TemasAyuda.aspx.vb,has_codebehind|possible_master
b82523de73959ba3ea1b6530c5cfc4f599f83da0,WebGestor,Cas_Define_personas,LIST,WebGestor/CAS/Cas_Define_personas.aspx,WebGestor/CAS/Cas_Define_personas.aspx.vb,has_codebehind|possible_master|uses_usercontrol
e2e2c77174a701b3cd01c329c1a4ecf4b9f2dce5,WebGestor,Cas_Definicion_CarteraConsulta,LIST,WebGestor/CAS/Cas_Definicion_CarteraConsulta.aspx,WebGestor/CAS/Cas_Definicion_CarteraConsulta.aspx.vb,has_codebehind|possible_master|uses_usercontrol
7a23cab782bd6cca72a2dbae1541acf51ce38159,WebGestor,Cas_ImportarPersona,LIST,WebGestor/CAS/Cas_ImportarPersona.aspx,WebGestor/CAS/Cas_ImportarPersona.aspx.vb,has_codebehind|possible_master
2d0d282670b0ffafdfc28d85d1d5b65a142ee497,WebGestor,Cas_ListaAviso_xUsuario,LIST,WebGestor/CAS/Cas_ListaAviso_xUsuario.aspx,WebGestor/CAS/Cas_ListaAviso_xUsuario.aspx.vb,has_codebehind|possible_master
f4f94a0c28262c8833e726071b365ef2cc7543ae,WebGestor,Cas_ListaIncidentes_GrupoNivel2,LIST,WebGestor/CAS/Cas_ListaIncidentes_GrupoNivel2.aspx,WebGestor/CAS/Cas_ListaIncidentes_GrupoNivel2.aspx.vb,has_codebehind|possible_master|uses_usercontrol
27993162653e2f2adc6dfe503999b622a8d46825,WebGestor,Cas_ListaIncidentes_Nivel2,LIST,WebGestor/CAS/Cas_ListaIncidentes_Nivel2.aspx,WebGestor/CAS/Cas_ListaIncidentes_Nivel2.aspx.vb,has_codebehind|possible_master|uses_usercontrol
79f75147696e736ade1186881c5da671a97b72ca,WebGestor,Cas_Lista_Enlace_TemasAyuda,LIST,WebGestor/CAS/Cas_Lista_Enlace_TemasAyuda.aspx,WebGestor/CAS/Cas_Lista_Enlace_TemasAyuda.aspx.vb,has_codebehind|possible_master|uses_usercontrol
9d6dfe41509ea7ba46da084cc1ed8a43f9d8e407,WebGestor,Cas_RedireccionarIncidencia,LIST,WebGestor/CAS/Cas_RedireccionarIncidencia.aspx,WebGestor/CAS/Cas_RedireccionarIncidencia.aspx.vb,has_codebehind
c2451ca202dea15fc96b324415ad53b152c0a9f0,WebGestor,Cas_Registra_Incidentes,LIST,WebGestor/CAS/Cas_Registra_Incidentes.aspx,WebGestor/CAS/Cas_Registra_Incidentes.aspx.vb,has_codebehind|possible_master|uses_usercontrol
0657c2c166547d1081cde655f4a1236c124bac60,WebGestor,Cas_RelacionIncidentes,LIST,WebGestor/CAS/Cas_RelacionIncidentes.aspx,WebGestor/CAS/Cas_RelacionIncidentes.aspx.vb,has_codebehind|possible_master|uses_usercontrol
97359356c2c97c05aec455cf8f527fb2f4fe5137,WebGestor,Cas_Relacion_AvisoxUsuario,LIST,WebGestor/CAS/Cas_Relacion_AvisoxUsuario.aspx,WebGestor/CAS/Cas_Relacion_AvisoxUsuario.aspx.vb,has_codebehind|possible_master|uses_usercontrol
6a1695faa6752eedc78a897aa80be4fb085b0119,WebGestor,Cas_Relacion_Estadisticas,LIST,WebGestor/CAS/Cas_Relacion_Estadisticas.aspx,WebGestor/CAS/Cas_Relacion_Estadisticas.aspx.vb,has_codebehind|possible_master|uses_usercontrol
e802ad790ba77cd7da971506aed600e193b52959,WebGestor,Cas_Relacion_Reportes,REPORT,WebGestor/CAS/Cas_Relacion_Reportes.aspx,WebGestor/CAS/Cas_Relacion_Reportes.aspx.vb,has_codebehind|possible_master|uses_usercontrol
fd45518215449817887a083d5ca176b43cb66639,WebGestor,Cas_Rep_ConsultaxOficiona,LIST,WebGestor/CAS/Cas_Rep_ConsultaxOficiona.aspx,WebGestor/CAS/Cas_Rep_ConsultaxOficiona.aspx.vb,has_codebehind|possible_master|uses_usercontrol
42ab621cb72568dcd13d0e4029b0b719edb6f3bf,WebGestor,Cas_Rep_PorCargos,LIST,WebGestor/CAS/Cas_Rep_PorCargos.aspx,WebGestor/CAS/Cas_Rep_PorCargos.aspx.vb,has_codebehind|possible_master|uses_usercontrol
b17c55b885a4049e5d041f43f0c0fc77557f22d7,WebGestor,Cas_Rep_RankingTerritorial,LIST,WebGestor/CAS/Cas_Rep_RankingTerritorial.aspx,WebGestor/CAS/Cas_Rep_RankingTerritorial.aspx.vb,has_codebehind|possible_master|uses_usercontrol
70bb190c27bafb59c293027939ec4674f4482454,WebGestor,Cas_Rep_RegistroPorductoXOficina,LIST,WebGestor/CAS/Cas_Rep_RegistroPorductoXOficina.aspx,WebGestor/CAS/Cas_Rep_RegistroPorductoXOficina.aspx.vb,has_codebehind|possible_master|uses_usercontrol
07d8898899bb706b9fc729de459b87556729b5df,WebGestor,Cas_Rep_RegistroTematicasXOficina,LIST,WebGestor/CAS/Cas_Rep_RegistroTematicasXOficina.aspx,WebGestor/CAS/Cas_Rep_RegistroTematicasXOficina.aspx.vb,has_codebehind|possible_master|uses_usercontrol
322088888caa2c7ffdcd2f06e5666e779e11983b,WebGestor,Cas_Rep_RegistroTerritorioXOficina,LIST,WebGestor/CAS/Cas_Rep_RegistroTerritorioXOficina.aspx,WebGestor/CAS/Cas_Rep_RegistroTerritorioXOficina.aspx.vb,has_codebehind|possible_master|uses_usercontrol
b63fad7c6ffbd94a1d7bad1660363a586b89698b,WebGestor,CRM_BeseDatos_Mantenimiento,LIST,WebGestor/CRM/CRM_BeseDatos_Mantenimiento.aspx,WebGestor/CRM/CRM_BeseDatos_Mantenimiento.aspx.vb,has_codebehind|possible_master|uses_usercontrol
97460bc5a0fcc57ae989e9b956d5ff7a61e9761e,WebGestor,CRM_BusquedaBaseDatos,LIST,WebGestor/CRM/CRM_BusquedaBaseDatos.aspx,WebGestor/CRM/CRM_BusquedaBaseDatos.aspx.vb,has_codebehind|possible_master|uses_usercontrol
2c4ede2c5deac87595065a1c9ced5aee137c843a,WebGestor,CRM_Contenido_del_Correo,LIST,WebGestor/CRM/CRM_Contenido_del_Correo.aspx,WebGestor/CRM/CRM_Contenido_del_Correo.aspx.vb,has_codebehind|possible_master
edfd7e9ea556a0a6ed94f93e726f51e35639419c,WebGestor,CRM_DxLista_CuadroMando,LIST,WebGestor/CRM/CRM_DxLista_CuadroMando.aspx,WebGestor/CRM/CRM_DxLista_CuadroMando.aspx.vb,has_codebehind|possible_master|uses_usercontrol
58c75c05c5de3a29f91ebc2954af4e359f94c989,WebGestor,CRM_Enviar_Email,LIST,WebGestor/CRM/CRM_Enviar_Email.aspx,WebGestor/CRM/CRM_Enviar_Email.aspx.vb,has_codebehind|possible_master|uses_usercontrol
34160379316fc66f0dee92af8158a680f32ff343,WebGestor,CRM_Exportar,EXPORT,WebGestor/CRM/CRM_Exportar.aspx,WebGestor/CRM/CRM_Exportar.aspx.vb,has_codebehind|possible_master
195baa9cfeea2836516f159fdce9e5e3f9f37eee,WebGestor,CRM_Lista_CuadroMando,LIST,WebGestor/CRM/CRM_Lista_CuadroMando.aspx,WebGestor/CRM/CRM_Lista_CuadroMando.aspx.vb,has_codebehind|possible_master|uses_usercontrol
28d6ad8fd94d54a1b6dbd8c636e4b78e669d91a9,WebGestor,CRM_Lista_Tickect_DevExpress,LIST,WebGestor/CRM/CRM_Lista_Tickect_DevExpress.aspx,WebGestor/CRM/CRM_Lista_Tickect_DevExpress.aspx.vb,has_codebehind|uses_usercontrol
3ffb7b218a375c24b0106c9357f1a7ae9e3a11ff,WebGestor,CRM_Registrar,CREATE,WebGestor/CRM/CRM_Registrar.aspx,WebGestor/CRM/CRM_Registrar.aspx.vb,has_codebehind|possible_master|uses_usercontrol
a78b058723d6b260a9c925278dbc7002581c79c5,WebGestor,CRM_Relacion_Ticket,LIST,WebGestor/CRM/CRM_Relacion_Ticket.aspx,WebGestor/CRM/CRM_Relacion_Ticket.aspx.vb,has_codebehind|possible_master|uses_usercontrol
ccb7b8916c1f26e25c0a19afc4cb90d6f322ca90,WebGestor,CRM_Relacion_con_Procesos,LIST,WebGestor/CRM/CRM_Relacion_con_Procesos.aspx,WebGestor/CRM/CRM_Relacion_con_Procesos.aspx.vb,has_codebehind|possible_master
eb6d6572eafe24b2c03d5a7110f3a92bcecf8b73,WebGestor,CRM_Tiempo_Estado_Ticket,LIST,WebGestor/CRM/CRM_Tiempo_Estado_Ticket.aspx,WebGestor/CRM/CRM_Tiempo_Estado_Ticket.aspx.vb,has_codebehind|possible_master|uses_usercontrol
95124c587a2acf3ac9eb289bbf2cc5bc0e3d5700,WebGestor,Documento_TemasAyuda,LIST,WebGestor/CRM/Documento_TemasAyuda.aspx,WebGestor/CRM/Documento_TemasAyuda.aspx.vb,has_codebehind|possible_master
1c13a5f515b6751a048a7668db11efad098aee7b,WebGestor,CallCenter_CargaDatos,LIST,WebGestor/CallCenter/CallCenter_CargaDatos.aspx,WebGestor/CallCenter/CallCenter_CargaDatos.aspx.vb,has_codebehind|possible_master
42745a62d0a38a61425ab0274c67891e1aeeb42b,WebGestor,CallCenter_DatosCliente,LIST,WebGestor/CallCenter/CallCenter_DatosCliente.aspx,WebGestor/CallCenter/CallCenter_DatosCliente.aspx.vb,has_codebehind|possible_master|uses_usercontrol
ea3c7da2c81cbb38a8ebe32d55def544c0601899,WebGestor,CallCenter_Pantalla_Operador,LIST,WebGestor/CallCenter/CallCenter_Pantalla_Operador.aspx,WebGestor/CallCenter/CallCenter_Pantalla_Operador.aspx.vb,has_codebehind|possible_master
fe30ecf4da63d8e4cfdf818913d523ed6a4dbb7d,WebGestor,Contabilidad_PCGR,LIST,WebGestor/Contabilidad/Contabilidad_PCGR.aspx,WebGestor/Contabilidad/Contabilidad_PCGR.aspx.vb,has_codebehind|possible_master|uses_usercontrol
04501f0b89257851236568e2274e8bb3b2fe9f12,WebGestor,Contabilidad_Personas,LIST,WebGestor/Contabilidad/Contabilidad_Personas.aspx,WebGestor/Contabilidad/Contabilidad_Personas.aspx.vb,has_codebehind|possible_master|uses_usercontrol
fd9bf5aae7940ce8c16b9bdb03a972976491f13b,WebGestor,Contabilidad_Personas_Detalle,DETAIL,WebGestor/Contabilidad/Contabilidad_Personas_Detalle.aspx,WebGestor/Contabilidad/Contabilidad_Personas_Detalle.aspx.vb,has_codebehind|possible_master
fb81bfca709490e4219c3c3fff46d6b3f67721aa,WebGestor,Contabilidad_Registrar_Clientes,CREATE,WebGestor/Contabilidad/Contabilidad_Registrar_Clientes.aspx,WebGestor/Contabilidad/Contabilidad_Registrar_Clientes.aspx.vb,has_codebehind|uses_usercontrol
63476ad1172ece8e76d9d070d136b1da74b0024e,WebGestor,Contabilidad_TablasContable,LIST,WebGestor/Contabilidad/Contabilidad_TablasContable.aspx,WebGestor/Contabilidad/Contabilidad_TablasContable.aspx.vb,has_codebehind|possible_master|uses_usercontrol
7287b092e58d538bf617cd0d8953c922b3e170e4,WebGestor,Contabilidad_TablasContables2,LIST,WebGestor/Contabilidad/Contabilidad_TablasContables2.aspx,WebGestor/Contabilidad/Contabilidad_TablasContables2.aspx.vb,has_codebehind|possible_master|uses_usercontrol
ee8f2cd15f33e04874c891c0100439957b4125a8,WebGestor,Contabilidad_Voucher,LIST,WebGestor/Contabilidad/Contabilidad_Voucher.aspx,WebGestor/Contabilidad/Contabilidad_Voucher.aspx.vb,has_codebehind|possible_master
51c47c95bc85f1883391fc1514d47d0c5520ae4e,WebGestor,Contabilidad_Voucher_Detalle,DETAIL,WebGestor/Contabilidad/Contabilidad_Voucher_Detalle.aspx,WebGestor/Contabilidad/Contabilidad_Voucher_Detalle.aspx.vb,has_codebehind|possible_master|uses_usercontrol
2bcfeea8c17ef9270e0c3e83bacbcd05a363fac9,WebGestor,Contact,LIST,WebGestor/Contact.aspx,WebGestor/Contact.aspx.vb,has_codebehind|possible_master
0c9b8a0a414ae76652f8965c13458c5866075f84,WebGestor,Permisos,LIST,WebGestor/ControlPersonal/Permisos.aspx,WebGestor/ControlPersonal/Permisos.aspx.vb,has_codebehind|possible_master
aaa93a85fda54ee296846191bd0771273bc1ff89,WebGestor,Person_Control_Asistencia,LIST,WebGestor/ControlPersonal/Person_Control_Asistencia.aspx,WebGestor/ControlPersonal/Person_Control_Asistencia.aspx.vb,has_codebehind|possible_master
ff82140edf2c6421b51202c8a2ca20ddf3c1b1cf,WebGestor,Person_Control_Define_Horarios,LIST,WebGestor/ControlPersonal/Person_Control_Define_Horarios.aspx,WebGestor/ControlPersonal/Person_Control_Define_Horarios.aspx.vb,has_codebehind|possible_master|uses_usercontrol
840ea77409df5ea87729b1c7d824df132053990e,WebGestor,Person_Control_EntSal,LIST,WebGestor/ControlPersonal/Person_Control_EntSal.aspx,WebGestor/ControlPersonal/Person_Control_EntSal.aspx.vb,has_codebehind|possible_master|uses_usercontrol
79d19b280ed165729d2dd1b26d3f68df6339b5fd,WebGestor,Person_Control_EntSal_Geo,LIST,WebGestor/ControlPersonal/Person_Control_EntSal_Geo.aspx,WebGestor/ControlPersonal/Person_Control_EntSal_Geo.aspx.vb,has_codebehind|uses_usercontrol
9b0d1b68c217123982849dd0c5295a0a541a9d17,WebGestor,Person_Control_EntSal_Ingreso_Directo,LIST,WebGestor/ControlPersonal/Person_Control_EntSal_Ingreso_Directo.aspx,WebGestor/ControlPersonal/Person_Control_EntSal_Ingreso_Directo.aspx.vb,has_codebehind|possible_master|uses_usercontrol
c826028746dfcc96e33548e7814efc24334835ad,WebGestor,Person_Control_Integran_Asistencia,LIST,WebGestor/ControlPersonal/Person_Control_Integran_Asistencia.aspx,WebGestor/ControlPersonal/Person_Control_Integran_Asistencia.aspx.vb,has_codebehind|possible_master
2c489d5dcbb858a07249ab1b22dcfe2c744e25cb,WebGestor,Person_Record_Asistencia,LIST,WebGestor/ControlPersonal/Person_Record_Asistencia.aspx,WebGestor/ControlPersonal/Person_Record_Asistencia.aspx.vb,has_codebehind|possible_master|uses_usercontrol
87af42c23aca1df5f280a158be966461ff772a79,WebGestor,ControlVisitas_Puntos,LIST,WebGestor/ControlVisitas/ControlVisitas_Puntos.aspx,WebGestor/ControlVisitas/ControlVisitas_Puntos.aspx.vb,has_codebehind|possible_master|uses_usercontrol
226ac9b31f5a9b12ddae93789641035051e63fc9,WebGestor,ControlVisitas_Registro,LIST,WebGestor/ControlVisitas/ControlVisitas_Registro.aspx,WebGestor/ControlVisitas/ControlVisitas_Registro.aspx.vb,has_codebehind|possible_master|uses_usercontrol
0374a66372e9f52d9d78da4363452e39c1776c9a,WebGestor,Default,LIST,WebGestor/Default.aspx,WebGestor/Default.aspx.vb,has_codebehind|possible_master|uses_usercontrol
d81b16d9fdb3249419243267a4e26f728ebbd795,WebGestor,Default2,LIST,WebGestor/Default2.aspx,WebGestor/Default2.aspx.vb,has_codebehind
be7fe0f691cdfa267c1d92b7eea529efdbb10cbb,WebGestor,Default3,LIST,WebGestor/Default3.aspx,WebGestor/Default3.aspx.vb,has_codebehind
bc63ee00800ef9b3ed54d15c9d7108379fb8e43a,WebGestor,Default4,LIST,WebGestor/Default4.aspx,WebGestor/Default4.aspx.vb,has_codebehind
936afbda199c7ff813dfa45264bfbc668911f186,WebGestor,Documentacion_Mantenimiento,LIST,WebGestor/Documentacion/Documentacion_Mantenimiento.aspx,WebGestor/Documentacion/Documentacion_Mantenimiento.aspx.vb,has_codebehind|possible_master
fc19486cfcf47d48d7e95c9cf04a2cdc3906c8ec,WebGestor,EjemploAvisos,LIST,WebGestor/EjemploAvisos.aspx,WebGestor/EjemploAvisos.aspx.vb,has_codebehind
ae8e94a769a9601cef22ff0e303685d5eba768f2,WebGestor,Encuesta_Anonimos_Des,LIST,WebGestor/Encuesta/Encuesta_Anonimos_Des.aspx,WebGestor/Encuesta/Encuesta_Anonimos_Des.aspx.vb,has_codebehind|possible_master
02a7510337d8747085f687b0b1db9e3757a02cf2,WebGestor,Encuesta_Des,LIST,WebGestor/Encuesta/Encuesta_Des.aspx,WebGestor/Encuesta/Encuesta_Des.aspx.vb,has_codebehind|possible_master
6f573bc3cb0de2238838da47d3c84556d5ba0fc7,WebGestor,Encuestas,LIST,WebGestor/Encuesta/Encuestas.aspx,WebGestor/Encuesta/Encuestas.aspx.vb,has_codebehind|possible_master
901b1b30655358a1d7b88e45af3e7471b6a60802,WebGestor,Encuestas_Anonimos,LIST,WebGestor/Encuesta/Encuestas_Anonimos.aspx,WebGestor/Encuesta/Encuestas_Anonimos.aspx.vb,has_codebehind|possible_master
27ddbd13c9102e99a2622352114c9fea7e0f0be2,WebGestor,Encuestas_Realizadas,LIST,WebGestor/Encuesta/Encuestas_Realizadas.aspx,WebGestor/Encuesta/Encuestas_Realizadas.aspx.vb,has_codebehind|possible_master
f2362b803dfbdc70e36850b48f481cd588ec88a5,WebGestor,VerResultEnc,DETAIL,WebGestor/Encuesta/VerResultEnc.aspx,WebGestor/Encuesta/VerResultEnc.aspx.vb,has_codebehind|possible_master
a21f2d38432939861af0e553112733170bf33877,WebGestor,VerResultEncAno,DETAIL,WebGestor/Encuesta/VerResultEncAno.aspx,WebGestor/Encuesta/VerResultEncAno.aspx.vb,has_codebehind|possible_master
2a00c183f842c66eb54ad8d2f9ea29d516b6dece,WebGestor,CapturarImagen,LIST,WebGestor/EvaluacionProcesos/CapturarImagen.aspx,WebGestor/EvaluacionProcesos/CapturarImagen.aspx.vb,has_codebehind
b2f61956518adf1dd716e4ecbcc1bd16c59d668f,WebGestor,EvalProcesos,LIST,WebGestor/EvaluacionProcesos/EvalProcesos.aspx,WebGestor/EvaluacionProcesos/EvalProcesos.aspx.vb,has_codebehind|possible_master|uses_usercontrol
d369390f89288004ddf9e86204e488c5609018c0,WebGestor,EvalProcesos_Analisis,LIST,WebGestor/EvaluacionProcesos/EvalProcesos_Analisis.aspx,WebGestor/EvaluacionProcesos/EvalProcesos_Analisis.aspx.vb,has_codebehind|possible_master|uses_usercontrol
8e98dc6e5c58ffbad73497914cd9ed1b2cddbe58,WebGestor,EvalProcesos_AnalisisL,LIST,WebGestor/EvaluacionProcesos/EvalProcesos_AnalisisL.aspx,WebGestor/EvaluacionProcesos/EvalProcesos_AnalisisL.aspx.vb,has_codebehind|possible_master|uses_usercontrol
6ac80119d05d3acc8d2160b8d4158089b37eb16c,WebGestor,EvalProcesos_Dashboard,LIST,WebGestor/EvaluacionProcesos/EvalProcesos_Dashboard.aspx,WebGestor/EvaluacionProcesos/EvalProcesos_Dashboard.aspx.vb,has_codebehind|uses_usercontrol
fab067cc580e98ed48e7a46ced945e655de156d5,WebGestor,EvalProcesos_Define_Oficinas,LIST,WebGestor/EvaluacionProcesos/EvalProcesos_Define_Oficinas.aspx,WebGestor/EvaluacionProcesos/EvalProcesos_Define_Oficinas.aspx.vb,has_codebehind|possible_master
89104eaec2c73ab4e6724680433f77be756c3d90,WebGestor,EvalProcesos_Distancia_Entre2Direcciones,LIST,WebGestor/EvaluacionProcesos/EvalProcesos_Distancia_Entre2Direcciones.aspx,WebGestor/EvaluacionProcesos/EvalProcesos_Distancia_Entre2Direcciones.aspx.vb,has_codebehind|possible_master
d3a3e531d9ba699cf03bcf24297a11eee5013a1f,WebGestor,EvalProcesos_Generar,LIST,WebGestor/EvaluacionProcesos/EvalProcesos_Generar.aspx,WebGestor/EvaluacionProcesos/EvalProcesos_Generar.aspx.vb,has_codebehind|possible_master|uses_usercontrol
1f885591ba8adb271f65af5c01a2fabfe00179db,WebGestor,EvalProcesos_Grafica,LIST,WebGestor/EvaluacionProcesos/EvalProcesos_Grafica.aspx,WebGestor/EvaluacionProcesos/EvalProcesos_Grafica.aspx.vb,has_codebehind|possible_master|uses_usercontrol
12c6aa1090972c4574e8afa7ede16a65b122b1a4,WebGestor,EvalProcesos_LisaRptaJalados,REPORT,WebGestor/EvaluacionProcesos/EvalProcesos_LisaRptaJalados.aspx,WebGestor/EvaluacionProcesos/EvalProcesos_LisaRptaJalados.aspx.vb,has_codebehind|possible_master
a326d316e21d4d7714e00f88c3d076d2ae6aa047,WebGestor,EvalProcesos_Prevencion_Ingreso,LIST,WebGestor/EvaluacionProcesos/EvalProcesos_Prevencion_Ingreso.aspx,WebGestor/EvaluacionProcesos/EvalProcesos_Prevencion_Ingreso.aspx.vb,has_codebehind|possible_master
21efa936acfea9fa242a4d6602662a4c8bb1d980,WebGestor,EvalProcesos_Reclamo,LIST,WebGestor/EvaluacionProcesos/EvalProcesos_Reclamo.aspx,WebGestor/EvaluacionProcesos/EvalProcesos_Reclamo.aspx.vb,has_codebehind|uses_usercontrol
8b125f603a879df921768611c1714b1504211630,WebGestor,EvalProcesos_ReclamoLista,LIST,WebGestor/EvaluacionProcesos/EvalProcesos_ReclamoLista.aspx,WebGestor/EvaluacionProcesos/EvalProcesos_ReclamoLista.aspx.vb,has_codebehind|possible_master|uses_usercontrol
386587200a651ec83906010107426a10075018f9,WebGestor,EvalProcesos_Relacionar,LIST,WebGestor/EvaluacionProcesos/EvalProcesos_Relacionar.aspx,WebGestor/EvaluacionProcesos/EvalProcesos_Relacionar.aspx.vb,has_codebehind|possible_master|uses_usercontrol
bb6d39d1a2c8352169db3332163d3583430ffd45,WebGestor,GoogleMapsWeb,LIST,WebGestor/EvaluacionProcesos/GoogleMapsWeb.aspx,WebGestor/EvaluacionProcesos/GoogleMapsWeb.aspx.vb,has_codebehind
ee04ada530ffdfc5762f9924eeedcdf63061b75e,WebGestor,GoogleMaps_Prueba,LIST,WebGestor/EvaluacionProcesos/GoogleMaps_Prueba.aspx,WebGestor/EvaluacionProcesos/GoogleMaps_Prueba.aspx.vb,has_codebehind
0640563dfce636026517046863b3d2135c8e25da,WebGestor,VB,LIST,WebGestor/EvaluacionProcesos/VB.aspx,WebGestor/EvaluacionProcesos/VB.aspx.vb,has_codebehind
f79c71d8ebd8da26b3f515201cc4e970785c7008,WebGestor,Eventos,LIST,WebGestor/Eventos/Eventos.aspx,WebGestor/Eventos/Eventos.aspx.vb,has_codebehind|possible_master|uses_usercontrol
26e93af0e8329d60d4b6b9013199c10dd19f2980,WebGestor,Eventos_xParticipantes,LIST,WebGestor/Eventos/Eventos_xParticipantes.aspx,WebGestor/Eventos/Eventos_xParticipantes.aspx.vb,has_codebehind|possible_master
bee708c3ee8a17d5a02770a3d931443ff54fb439,WebGestor,Permisos,LIST,WebGestor/Eventos/Permisos.aspx,WebGestor/Eventos/Permisos.aspx.vb,has_codebehind|possible_master
ca0fb64a9fd72703fe3771fd45e30873f327dcb2,WebGestor,Finanzas_Registro,LIST,WebGestor/Finanzas/Finanzas_Registro.aspx,WebGestor/Finanzas/Finanzas_Registro.aspx.vb,has_codebehind|possible_master|uses_usercontrol
dbdfaaf003ceff912d6c3498d3f0109813df5d3e,WebGestor,Finanzas_Registro_IngresoEgreso,LIST,WebGestor/Finanzas/Finanzas_Registro_IngresoEgreso.aspx,WebGestor/Finanzas/Finanzas_Registro_IngresoEgreso.aspx.vb,has_codebehind|possible_master|uses_usercontrol
2835f47f4af0a22a43c4d6e0bcf63810f0a9ad9c,WebGestor,GTP_Calcular_Distancia_2Puntos,LIST,WebGestor/GTP/GTP_Calcular_Distancia_2Puntos.aspx,WebGestor/GTP/GTP_Calcular_Distancia_2Puntos.aspx.vb,has_codebehind|possible_master
ce25adaced5e056025f778528e25645e2d5262d3,WebGestor,GTP_Registrar_Cliente,CREATE,WebGestor/GTP/GTP_Registrar_Cliente.aspx,WebGestor/GTP/GTP_Registrar_Cliente.aspx.vb,has_codebehind|possible_master|uses_usercontrol
062c3ac1b89bf7c17e14784e9a8bb4a781ac12c0,WebGestor,GTP_Relacion_Ticket,LIST,WebGestor/GTP/GTP_Relacion_Ticket.aspx,WebGestor/GTP/GTP_Relacion_Ticket.aspx.vb,has_codebehind|possible_master|uses_usercontrol
2a4e1543980fed5ffec0f8bcd79e33be189e0281,WebGestor,GTP_Relacion_TiemposxEstados,LIST,WebGestor/GTP/GTP_Relacion_TiemposxEstados.aspx,WebGestor/GTP/GTP_Relacion_TiemposxEstados.aspx.vb,has_codebehind|possible_master|uses_usercontrol
526f9d2d13c3c6a9dfb966c62c93654d8fed45b8,WebGestor,Agencia_Empleador_Relacion,LIST,WebGestor/Gestion_Personal/Agencia_Empleador_Relacion.aspx,WebGestor/Gestion_Personal/Agencia_Empleador_Relacion.aspx.vb,has_codebehind|possible_master|uses_usercontrol
3d3e268b43a442ed01f9b699ee9df845781d0623,WebGestor,HomeMenu,LIST,WebGestor/HomeMenu.aspx,WebGestor/HomeMenu.aspx.vb,has_codebehind|possible_master
99d62ae4e4e2c42f7923f417f9fd820089032b92,WebGestor,CalcularDistancia,LIST,WebGestor/Inventario/CalcularDistancia.aspx,WebGestor/Inventario/CalcularDistancia.aspx.vb,has_codebehind|possible_master|uses_usercontrol
e63522428fc8add56f1fd3050258c13f62c2e8c0,WebGestor,Capturar_Almacenar_Foto,LIST,WebGestor/Inventario/Capturar_Almacenar_Foto.aspx,WebGestor/Inventario/Capturar_Almacenar_Foto.aspx.vb,has_codebehind
fffa37b4681eca6ff5ad9d53c379561b7cf97fa8,WebGestor,Catalogo_Articulo,LIST,WebGestor/Inventario/Catalogo_Articulo.aspx,WebGestor/Inventario/Catalogo_Articulo.aspx.vb,has_codebehind|possible_master
dede3d5bf265eea8864621f1063b6c24e2c1c018,WebGestor,Catalogo_PlacaIni_Prop,LIST,WebGestor/Inventario/Catalogo_PlacaIni_Prop.aspx,WebGestor/Inventario/Catalogo_PlacaIni_Prop.aspx.vb,has_codebehind|possible_master
5b0b1f2efd73296a90a47c528aec9b5ba951969d,WebGestor,Garantia_ConsultaEquipo,LIST,WebGestor/Inventario/Garantia_ConsultaEquipo.aspx,WebGestor/Inventario/Garantia_ConsultaEquipo.aspx.vb,has_codebehind|possible_master
7541b989e8759e25fa238d4fbf3e3644a4cf4535,WebGestor,InvReport_Recepcion,REPORT,WebGestor/Inventario/InvReport_Recepcion.aspx,WebGestor/Inventario/InvReport_Recepcion.aspx.vb,has_codebehind|possible_master|uses_usercontrol
dc28499b02bcf1c4ce57392215d9debb3ff363d7,WebGestor,Inv_Definiciones_Tablas,LIST,WebGestor/Inventario/Inv_Definiciones_Tablas.aspx,WebGestor/Inventario/Inv_Definiciones_Tablas.aspx.vb,has_codebehind|possible_master|uses_usercontrol
078a81738899a1205adca142c589119bf8f5c53f,WebGestor,Inventario,LIST,WebGestor/Inventario/Inventario.aspx,WebGestor/Inventario/Inventario.aspx.vb,has_codebehind|uses_usercontrol
223593d66468915efeecf910e66ba361c4827bd0,WebGestor,Inventario_,LIST,WebGestor/Inventario/Inventario_.aspx,WebGestor/Inventario/Inventario_.aspx.vb,has_codebehind|possible_master|uses_usercontrol
72eb93d364bdec0cf8e0e5abf08394925ad65617,WebGestor,Inventario_Almacen_Salida,LIST,WebGestor/Inventario/Inventario_Almacen_Salida.aspx,WebGestor/Inventario/Inventario_Almacen_Salida.aspx.vb,has_codebehind|possible_master|uses_usercontrol
1a0b1d2aa3234319c4196fdd6743b9f4fba4025a,WebGestor,Inventario_Articulo_Foto,LIST,WebGestor/Inventario/Inventario_Articulo_Foto.aspx,WebGestor/Inventario/Inventario_Articulo_Foto.aspx.vb,has_codebehind|possible_master
fea3cd0d6ff4ba669f9803ef6e6428a8e42ae8b3,WebGestor,Inventario_Articulo_Imagen,LIST,WebGestor/Inventario/Inventario_Articulo_Imagen.aspx,WebGestor/Inventario/Inventario_Articulo_Imagen.aspx.vb,has_codebehind|possible_master
ca9c8f3e56b4bf3bf37a0e386d03dab39fede699,WebGestor,Inventario_BienesNuevos_NoConsiderar,CREATE,WebGestor/Inventario/Inventario_BienesNuevos_NoConsiderar.aspx,WebGestor/Inventario/Inventario_BienesNuevos_NoConsiderar.aspx.vb,has_codebehind|possible_master
71246092de401def9bd7c3e3dbf2c037328fb2a9,WebGestor,Inventario_CCosto_Salida,LIST,WebGestor/Inventario/Inventario_CCosto_Salida.aspx,WebGestor/Inventario/Inventario_CCosto_Salida.aspx.vb,has_codebehind|possible_master
f7011a4e208606e587dcaedb23bc95f32d3facc1,WebGestor,Inventario_CCosto_Salida_Generar,LIST,WebGestor/Inventario/Inventario_CCosto_Salida_Generar.aspx,WebGestor/Inventario/Inventario_CCosto_Salida_Generar.aspx.vb,has_codebehind|possible_master|uses_usercontrol
dce5b48c982b84a522740b414197ec68ded7a79e,WebGestor,Inventario_CargaFoto_xBiene,LIST,WebGestor/Inventario/Inventario_CargaFoto_xBiene.aspx,WebGestor/Inventario/Inventario_CargaFoto_xBiene.aspx.vb,has_codebehind|possible_master
84453591a39fa65e0ec4d4541b63ba778fe25c6d,WebGestor,Inventario_Carga_Atms,LIST,WebGestor/Inventario/Inventario_Carga_Atms.aspx,WebGestor/Inventario/Inventario_Carga_Atms.aspx.vb,has_codebehind|possible_master
b6d73c2befbe6043c385a6d0fc8c5284c6838115,WebGestor,Inventario_Carga_DatosIniciales,LIST,WebGestor/Inventario/Inventario_Carga_DatosIniciales.aspx,WebGestor/Inventario/Inventario_Carga_DatosIniciales.aspx.vb,has_codebehind|possible_master
e9b151a9c143cf562e061b9e6862d18889170938,WebGestor,Inventario_Carga_Individual,LIST,WebGestor/Inventario/Inventario_Carga_Individual.aspx,WebGestor/Inventario/Inventario_Carga_Individual.aspx.vb,has_codebehind|possible_master|uses_usercontrol
4ff4f2e080641d46a8cb47f717f96e60a71ae718,WebGestor,Inventario_Carga_Informacion,LIST,WebGestor/Inventario/Inventario_Carga_Informacion.aspx,WebGestor/Inventario/Inventario_Carga_Informacion.aspx.vb,has_codebehind|possible_master|uses_usercontrol
540b9e78c7cc4c500d0eda7e1c20cf45aa1ff640,WebGestor,Inventario_Carga_MovGps,LIST,WebGestor/Inventario/Inventario_Carga_MovGps.aspx,WebGestor/Inventario/Inventario_Carga_MovGps.aspx.vb,has_codebehind|possible_master
def0f09b38d44f054906b7eff7d68fade06a7b5d,WebGestor,Inventario_Cargar_Valor_Libro,LIST,WebGestor/Inventario/Inventario_Cargar_Valor_Libro.aspx,WebGestor/Inventario/Inventario_Cargar_Valor_Libro.aspx.vb,has_codebehind|possible_master
d2578cd2472caaf0cb76d70849de16be8103c524,WebGestor,Inventario_CatalogoArticulo,LIST,WebGestor/Inventario/Inventario_CatalogoArticulo.aspx,WebGestor/Inventario/Inventario_CatalogoArticulo.aspx.vb,has_codebehind|uses_usercontrol
2e1f2d948d2e7d42ec3c6b4f6357cc4b2bec9a65,WebGestor,Inventario_Clasificacion,LIST,WebGestor/Inventario/Inventario_Clasificacion.aspx,WebGestor/Inventario/Inventario_Clasificacion.aspx.vb,has_codebehind|possible_master
7883f8f9fe5c09eb64fcf2156fa922866aa1e36e,WebGestor,Inventario_Conciliacion_Masiva,LIST,WebGestor/Inventario/Inventario_Conciliacion_Masiva.aspx,WebGestor/Inventario/Inventario_Conciliacion_Masiva.aspx.vb,has_codebehind|possible_master
5da371842f9f838df49e534bb6b3d946a8ed1ad8,WebGestor,Inventario_Conciliados_OtrosBienes,LIST,WebGestor/Inventario/Inventario_Conciliados_OtrosBienes.aspx,WebGestor/Inventario/Inventario_Conciliados_OtrosBienes.aspx.vb,has_codebehind|possible_master
6d80d4fcebd07ae8782d4229afc78171ad63669c,WebGestor,Inventario_Datos_del_Bien,LIST,WebGestor/Inventario/Inventario_Datos_del_Bien.aspx,WebGestor/Inventario/Inventario_Datos_del_Bien.aspx.vb,has_codebehind|possible_master
329f684d51e4be4800b104549bed7ac55c35ef7b,WebGestor,Inventario_Define_CentroCostos,LIST,WebGestor/Inventario/Inventario_Define_CentroCostos.aspx,WebGestor/Inventario/Inventario_Define_CentroCostos.aspx.vb,has_codebehind|possible_master|uses_usercontrol
e9c2bca8682631b5988172d1eff55acb548c9ca7,WebGestor,Inventario_Definicion,LIST,WebGestor/Inventario/Inventario_Definicion.aspx,WebGestor/Inventario/Inventario_Definicion.aspx.vb,has_codebehind|possible_master|uses_usercontrol
307967fc53e5bb2a1510beaceaf6475295c0a666,WebGestor,Inventario_Definiciones_Tablas,LIST,WebGestor/Inventario/Inventario_Definiciones_Tablas.aspx,WebGestor/Inventario/Inventario_Definiciones_Tablas.aspx.vb,has_codebehind|possible_master|uses_usercontrol
259827b03ab0823fdd4ed8de4ea5def4cc587344,WebGestor,Inventario_Definir_Zonas,LIST,WebGestor/Inventario/Inventario_Definir_Zonas.aspx,WebGestor/Inventario/Inventario_Definir_Zonas.aspx.vb,has_codebehind|possible_master
3ba068958541df7cc5cee5b491d093468e995180,WebGestor,Inventario_Descargas,LIST,WebGestor/Inventario/Inventario_Descargas.aspx,WebGestor/Inventario/Inventario_Descargas.aspx.vb,has_codebehind|possible_master
bf28f6604183749a33cf37fddf66828292aadefe,WebGestor,Inventario_Emergente,LIST,WebGestor/Inventario/Inventario_Emergente.aspx,WebGestor/Inventario/Inventario_Emergente.aspx.vb,has_codebehind|uses_usercontrol
3c10132c91f42ab0658a6f10440e5d3720e25e95,WebGestor,Inventario_EquiposConciliados,LIST,WebGestor/Inventario/Inventario_EquiposConciliados.aspx,WebGestor/Inventario/Inventario_EquiposConciliados.aspx.vb,has_codebehind|possible_master|uses_usercontrol
7f4e796141de4366f4029563560c22c7a5baa22f,WebGestor,Inventario_EquiposxAlmacen,LIST,WebGestor/Inventario/Inventario_EquiposxAlmacen.aspx,WebGestor/Inventario/Inventario_EquiposxAlmacen.aspx.vb,has_codebehind|possible_master|uses_usercontrol
fb9c8997a4eea447245e487238f1dd7e687c70ed,WebGestor,Inventario_Estadistica,LIST,WebGestor/Inventario/Inventario_Estadistica.aspx,WebGestor/Inventario/Inventario_Estadistica.aspx.vb,has_codebehind|possible_master
c68a24bd69d02d6a10b182d91ae08df40bcbbaa6,WebGestor,Inventario_ExportarExcel,EXPORT,WebGestor/Inventario/Inventario_ExportarExcel.aspx,WebGestor/Inventario/Inventario_ExportarExcel.aspx.vb,has_codebehind|possible_master
84aa252906954710b1e716351f2dc578a580d78b,WebGestor,Inventario_Flujo_Atencion_Diaria,LIST,WebGestor/Inventario/Inventario_Flujo_Atencion_Diaria.aspx,WebGestor/Inventario/Inventario_Flujo_Atencion_Diaria.aspx.vb,has_codebehind|possible_master|uses_usercontrol
ea2a6a6bbee9aff7c61820cdb67b9a401593c299,WebGestor,Inventario_GPS,LIST,WebGestor/Inventario/Inventario_GPS.aspx,WebGestor/Inventario/Inventario_GPS.aspx.vb,has_codebehind|possible_master
81ea4dd74a7bea7a685badf5989145b3a7aedb3d,WebGestor,Inventario_Galeria_Fotos_xBien,LIST,WebGestor/Inventario/Inventario_Galeria_Fotos_xBien.aspx,WebGestor/Inventario/Inventario_Galeria_Fotos_xBien.aspx.vb,has_codebehind
8f360b4af6765ef1df5fbd450b7728d6face55a3,WebGestor,Inventario_Garantia_Equipos,LIST,WebGestor/Inventario/Inventario_Garantia_Equipos.aspx,WebGestor/Inventario/Inventario_Garantia_Equipos.aspx.vb,has_codebehind|possible_master|uses_usercontrol
1781742a458c715426b730650077c863c4cfcd05,WebGestor,Inventario_Gastos,LIST,WebGestor/Inventario/Inventario_Gastos.aspx,WebGestor/Inventario/Inventario_Gastos.aspx.vb,has_codebehind|possible_master|uses_usercontrol
32527a57b1ef36e46af1bf94f3bb6133d6e1b8f6,WebGestor,Inventario_GenerarGuia,LIST,WebGestor/Inventario/Inventario_GenerarGuia.aspx,WebGestor/Inventario/Inventario_GenerarGuia.aspx.vb,has_codebehind|possible_master|uses_usercontrol
e0c3c07d9f7bc147a88aed27cc4892a99440bab4,WebGestor,Inventario_GenerarGuia_SinSalida,LIST,WebGestor/Inventario/Inventario_GenerarGuia_SinSalida.aspx,WebGestor/Inventario/Inventario_GenerarGuia_SinSalida.aspx.vb,has_codebehind|possible_master|uses_usercontrol
3ba8058df9c6ec54a9783d5c9e2ee3e6bc68d46a,WebGestor,Inventario_GenerarLista,LIST,WebGestor/Inventario/Inventario_GenerarLista.aspx,WebGestor/Inventario/Inventario_GenerarLista.aspx.vb,has_codebehind|possible_master|uses_usercontrol
d03c787dcfd73ceff4892e533e37a4c6cc5ba27a,WebGestor,Inventario_Geolocalizacion_xBien,LIST,WebGestor/Inventario/Inventario_Geolocalizacion_xBien.aspx,WebGestor/Inventario/Inventario_Geolocalizacion_xBien.aspx.vb,has_codebehind|possible_master
8e2f52be0209d1f5062296b9d8f6c0237b83d828,WebGestor,Inventario_GuiaRemision_Masiva,LIST,WebGestor/Inventario/Inventario_GuiaRemision_Masiva.aspx,WebGestor/Inventario/Inventario_GuiaRemision_Masiva.aspx.vb,has_codebehind|possible_master|uses_usercontrol
af759132ddb6d29ee6ad1ab5b4abf6a7e2c8f913,WebGestor,Inventario_GuiaRemision_Transporte,LIST,WebGestor/Inventario/Inventario_GuiaRemision_Transporte.aspx,WebGestor/Inventario/Inventario_GuiaRemision_Transporte.aspx.vb,has_codebehind|possible_master|uses_usercontrol
dffd1702eb606ae30b1525e165f8cebe94d54042,WebGestor,Inventario_Guia_Transportista,LIST,WebGestor/Inventario/Inventario_Guia_Transportista.aspx,WebGestor/Inventario/Inventario_Guia_Transportista.aspx.vb,has_codebehind|uses_usercontrol
4ad288cfccfc5dbd118fe55daf4e9ed2779f6291,WebGestor,Inventario_Imprimir_Placas,REPORT,WebGestor/Inventario/Inventario_Imprimir_Placas.aspx,WebGestor/Inventario/Inventario_Imprimir_Placas.aspx.vb,has_codebehind|possible_master
401f01cdb78cb159c9c4759a68c36b3bbd74f665,WebGestor,Inventario_Informacion_Bienes,LIST,WebGestor/Inventario/Inventario_Informacion_Bienes.aspx,WebGestor/Inventario/Inventario_Informacion_Bienes.aspx.vb,has_codebehind|possible_master
30ae233cff884f68af83f7952e24d65af265c630,WebGestor,Inventario_Ingreso_Bienes_Desuso,LIST,WebGestor/Inventario/Inventario_Ingreso_Bienes_Desuso.aspx,WebGestor/Inventario/Inventario_Ingreso_Bienes_Desuso.aspx.vb,has_codebehind|possible_master|uses_usercontrol
bbf6c8539401fd6d15e146b8bbb7d6aa4b54db31,WebGestor,Inventario_Ingreso_Equipos,LIST,WebGestor/Inventario/Inventario_Ingreso_Equipos.aspx,WebGestor/Inventario/Inventario_Ingreso_Equipos.aspx.vb,has_codebehind|possible_master|uses_usercontrol
49f1b6b9b942a2777afc9eddecacc675099cd82e,WebGestor,Inventario_Ingreso_Equipos_Registrar,CREATE,WebGestor/Inventario/Inventario_Ingreso_Equipos_Registrar.aspx,WebGestor/Inventario/Inventario_Ingreso_Equipos_Registrar.aspx.vb,has_codebehind|possible_master|uses_usercontrol
934f57ceef1820cbfdab63c4086237af6079b7ff,WebGestor,Inventario_Ingreso_Placas,LIST,WebGestor/Inventario/Inventario_Ingreso_Placas.aspx,WebGestor/Inventario/Inventario_Ingreso_Placas.aspx.vb,has_codebehind|possible_master|uses_usercontrol
8838b27fde6e57764d3e32b2f31e196498538a7a,WebGestor,Inventario_Ingreso_Series,LIST,WebGestor/Inventario/Inventario_Ingreso_Series.aspx,WebGestor/Inventario/Inventario_Ingreso_Series.aspx.vb,has_codebehind|possible_master|uses_usercontrol
ad51c939edb12d81c1a3c225aa485501cbf41b28,WebGestor,Inventario_Interface_GPS,LIST,WebGestor/Inventario/Inventario_Interface_GPS.aspx,WebGestor/Inventario/Inventario_Interface_GPS.aspx.vb,has_codebehind|possible_master|uses_usercontrol
02a03f2beccd2bfee4de1bba2efe672aced74db3,WebGestor,Inventario_Kardex,LIST,WebGestor/Inventario/Inventario_Kardex.aspx,WebGestor/Inventario/Inventario_Kardex.aspx.vb,has_codebehind|possible_master|uses_usercontrol
5e8f05973cc954b100323792ea73242dc1d23579,WebGestor,Inventario_ListaTablaMovimientos_ParaGps,LIST,WebGestor/Inventario/Inventario_ListaTablaMovimientos_ParaGps.aspx,WebGestor/Inventario/Inventario_ListaTablaMovimientos_ParaGps.aspx.vb,has_codebehind|possible_master|uses_usercontrol
99f19e85ead8b90d9cc3bbebb0c0ba21de494968,WebGestor,Inventario_Lista_BienesInventariado,LIST,WebGestor/Inventario/Inventario_Lista_BienesInventariado.aspx,WebGestor/Inventario/Inventario_Lista_BienesInventariado.aspx.vb,has_codebehind|possible_master|uses_usercontrol
e575621c6a117a92b01de5b05c8fbd19df4209b5,WebGestor,Inventario_Lista_EquiposATratar,LIST,WebGestor/Inventario/Inventario_Lista_EquiposATratar.aspx,WebGestor/Inventario/Inventario_Lista_EquiposATratar.aspx.vb,has_codebehind|possible_master
2dd375a04b4aa29ed258367663223d47e0b6dd82,WebGestor,Inventario_Lista_Oficina_SinUbicaciones,LIST,WebGestor/Inventario/Inventario_Lista_Oficina_SinUbicaciones.aspx,WebGestor/Inventario/Inventario_Lista_Oficina_SinUbicaciones.aspx.vb,has_codebehind|possible_master
2f8ae39fef923c439a75635d7f61b64dc4f20ecd,WebGestor,Inventario_Monitoreo,LIST,WebGestor/Inventario/Inventario_Monitoreo.aspx,WebGestor/Inventario/Inventario_Monitoreo.aspx.vb,has_codebehind|possible_master|uses_usercontrol
7eeadbae1eaf29f6e088f837cce41808f4d66f3c,WebGestor,Inventario_Movimiento_Equipos,LIST,WebGestor/Inventario/Inventario_Movimiento_Equipos.aspx,WebGestor/Inventario/Inventario_Movimiento_Equipos.aspx.vb,has_codebehind|possible_master|uses_usercontrol
b84ba5b9e95efebbd5daae8a8bae2d69a8f926f5,WebGestor,Inventario_Pedido_Listado,LIST,WebGestor/Inventario/Inventario_Pedido_Listado.aspx,WebGestor/Inventario/Inventario_Pedido_Listado.aspx.vb,has_codebehind|possible_master|uses_usercontrol
ca0e430e96f9526d209f2735e4185f6ffc5519fb,WebGestor,Inventario_Pedidos,LIST,WebGestor/Inventario/Inventario_Pedidos.aspx,WebGestor/Inventario/Inventario_Pedidos.aspx.vb,has_codebehind|possible_master
f9d005b26b6fc5e16b168dd0f2e811d41518900d,WebGestor,Inventario_PopPud_DatosOficina,LIST,WebGestor/Inventario/Inventario_PopPud_DatosOficina.aspx,WebGestor/Inventario/Inventario_PopPud_DatosOficina.aspx.vb,has_codebehind
b0a16b9f026864e09a68d4691228fbee638bf9e8,WebGestor,Inventario_Programacion,LIST,WebGestor/Inventario/Inventario_Programacion.aspx,WebGestor/Inventario/Inventario_Programacion.aspx.vb,has_codebehind|possible_master
09ac4f70ea92b36e96b58a903c2542049b41a887,WebGestor,Inventario_Recepcion_IngSeries,LIST,WebGestor/Inventario/Inventario_Recepcion_IngSeries.aspx,WebGestor/Inventario/Inventario_Recepcion_IngSeries.aspx.vb,has_codebehind|possible_master|uses_usercontrol
c1a7dce1c2bf0de78e166bcc373c1d5908df3f96,WebGestor,Inventario_Recepcion_Listado,LIST,WebGestor/Inventario/Inventario_Recepcion_Listado.aspx,WebGestor/Inventario/Inventario_Recepcion_Listado.aspx.vb,has_codebehind|possible_master|uses_usercontrol
0c920753b746a6cfe563e8fbd3cf873255dddc19,WebGestor,Inventario_Recepcion_Registrar,CREATE,WebGestor/Inventario/Inventario_Recepcion_Registrar.aspx,WebGestor/Inventario/Inventario_Recepcion_Registrar.aspx.vb,has_codebehind|possible_master|uses_usercontrol
76882433778a226377288529d5c16ebeee087f1b,WebGestor,Inventario_Regularizar_Equipos,LIST,WebGestor/Inventario/Inventario_Regularizar_Equipos.aspx,WebGestor/Inventario/Inventario_Regularizar_Equipos.aspx.vb,has_codebehind|possible_master
419804da10e70b1cb1c0fa2ef7557363ebf177af,WebGestor,Inventario_Relacion_BienesInv,LIST,WebGestor/Inventario/Inventario_Relacion_BienesInv.aspx,WebGestor/Inventario/Inventario_Relacion_BienesInv.aspx.vb,has_codebehind|possible_master
c4d3b650d517d19b3433e96ff8ef4480b964e538,WebGestor,Inventario_Relacion_Equipos_Prestados,LIST,WebGestor/Inventario/Inventario_Relacion_Equipos_Prestados.aspx,WebGestor/Inventario/Inventario_Relacion_Equipos_Prestados.aspx.vb,has_codebehind|possible_master|uses_usercontrol
a7c5798d6ab96e71bbd1cc3ab4f97404cecbc97b,WebGestor,Inventario_Relacion_GuiaInterna,LIST,WebGestor/Inventario/Inventario_Relacion_GuiaInterna.aspx,WebGestor/Inventario/Inventario_Relacion_GuiaInterna.aspx.vb,has_codebehind|possible_master|uses_usercontrol
2a41119f03bea95e0fb683be806a6d5c1e3f513f,WebGestor,Inventario_Relacion_GuiaRemision,LIST,WebGestor/Inventario/Inventario_Relacion_GuiaRemision.aspx,WebGestor/Inventario/Inventario_Relacion_GuiaRemision.aspx.vb,has_codebehind|possible_master|uses_usercontrol
3d39a10518950d566806922b57d0058fc50e68d4,WebGestor,Inventario_Relacion_Movimientos,LIST,WebGestor/Inventario/Inventario_Relacion_Movimientos.aspx,WebGestor/Inventario/Inventario_Relacion_Movimientos.aspx.vb,has_codebehind|possible_master|uses_usercontrol
17eeb3b46565aaf7015082a3132e8d7271f0751e,WebGestor,Inventario_Relacion_Salidas_Almacent,LIST,WebGestor/Inventario/Inventario_Relacion_Salidas_Almacent.aspx,WebGestor/Inventario/Inventario_Relacion_Salidas_Almacent.aspx.vb,has_codebehind|possible_master|uses_usercontrol
9a0111c443a9d565a7832fc7d03fb88a488932eb,WebGestor,Inventario_Relacion_Salidas_CCosto,LIST,WebGestor/Inventario/Inventario_Relacion_Salidas_CCosto.aspx,WebGestor/Inventario/Inventario_Relacion_Salidas_CCosto.aspx.vb,has_codebehind|possible_master|uses_usercontrol
416927abfbbe6140234cd827390b4c8b41d705a2,WebGestor,Inventario_Resumen,LIST,WebGestor/Inventario/Inventario_Resumen.aspx,WebGestor/Inventario/Inventario_Resumen.aspx.vb,has_codebehind|possible_master|uses_usercontrol
826ebf3e03d0a6bb14a4d2b5923a3c0af7bc6ff8,WebGestor,Inventario_Resumen_Estadistica,LIST,WebGestor/Inventario/Inventario_Resumen_Estadistica.aspx,WebGestor/Inventario/Inventario_Resumen_Estadistica.aspx.vb,has_codebehind|possible_master
dfdedb06fbdd18cb68fa6005a97b3bc9376e2603,WebGestor,Inventario_Resumen_Oficinas,LIST,WebGestor/Inventario/Inventario_Resumen_Oficinas.aspx,WebGestor/Inventario/Inventario_Resumen_Oficinas.aspx.vb,has_codebehind|possible_master
a2136e6a83a92f022da017c4623e1fe1aa04bf5d,WebGestor,Inventario_SalidaIngreso_Alavez,LIST,WebGestor/Inventario/Inventario_SalidaIngreso_Alavez.aspx,WebGestor/Inventario/Inventario_SalidaIngreso_Alavez.aspx.vb,has_codebehind|possible_master|uses_usercontrol
738f211b134e649e17fad02570df4f3988b6d34d,WebGestor,Inventario_SalidasEnv_xRecibir,LIST,WebGestor/Inventario/Inventario_SalidasEnv_xRecibir.aspx,WebGestor/Inventario/Inventario_SalidasEnv_xRecibir.aspx.vb,has_codebehind|possible_master|uses_usercontrol
b5408242918083282a340358e610dc6283fee224,WebGestor,Inventario_Stock_Articulos,LIST,WebGestor/Inventario/Inventario_Stock_Articulos.aspx,WebGestor/Inventario/Inventario_Stock_Articulos.aspx.vb,has_codebehind|possible_master|uses_usercontrol
11bf507e1c21ae3444aff4e525ccc84127f7f265,WebGestor,Inventario_Ubicacion,LIST,WebGestor/Inventario/Inventario_Ubicacion.aspx,WebGestor/Inventario/Inventario_Ubicacion.aspx.vb,has_codebehind|possible_master|uses_usercontrol
6c26713d4bcdcaab1e5b909ab055b7c905d339c5,WebGestor,Inventario_Verificacion_Nueva,DETAIL,WebGestor/Inventario/Inventario_Verificacion_Nueva.aspx,WebGestor/Inventario/Inventario_Verificacion_Nueva.aspx.vb,has_codebehind|possible_master
b4d095af5691347cc9d5d4d7071ebb0365177890,WebGestor,Inventario_Verificar,DETAIL,WebGestor/Inventario/Inventario_Verificar.aspx,WebGestor/Inventario/Inventario_Verificar.aspx.vb,has_codebehind|possible_master
6b24904a94def5bac9d5325c540aa6ab406a06e1,WebGestor,Inventario_Verificar_Masivo,DETAIL,WebGestor/Inventario/Inventario_Verificar_Masivo.aspx,WebGestor/Inventario/Inventario_Verificar_Masivo.aspx.vb,has_codebehind|possible_master
c053765cc87d42940f0bd0b78413a03fd3eb575c,WebGestor,Inventario_Verificar_SinImagen,DETAIL,WebGestor/Inventario/Inventario_Verificar_SinImagen.aspx,WebGestor/Inventario/Inventario_Verificar_SinImagen.aspx.vb,has_codebehind|possible_master
0c3175c3a01e71a4df1c9479dfe8df51d67b149e,WebGestor,Invnetario_Relacion_EquiposConciliados,LIST,WebGestor/Inventario/Invnetario_Relacion_EquiposConciliados.aspx,WebGestor/Inventario/Invnetario_Relacion_EquiposConciliados.aspx.vb,has_codebehind|possible_master
9794b55a00f223e984ce06fa6607d9e178084573,WebGestor,TomarFoto,LIST,WebGestor/Inventario/TomarFoto.aspx,WebGestor/Inventario/TomarFoto.aspx.vb,has_codebehind
3c83deb8ea91f35ea9965a804c294967f0cdd26e,WebGestor,inventario_Regularizar_UbicacionCarga,LIST,WebGestor/Inventario/inventario_Regularizar_UbicacionCarga.aspx,WebGestor/Inventario/inventario_Regularizar_UbicacionCarga.aspx.vb,has_codebehind|possible_master
e0769a3cbac71f3615ba716d4abfb85ea261706e,WebGestor,MapaWeb,LIST,WebGestor/MapaWeb.aspx,WebGestor/MapaWeb.aspx.vb,has_codebehind
da57d8228d75299e9d31aec21af8c51472fdae1d,WebGestor,Contacto,LIST,WebGestor/Menu/Contacto.aspx,WebGestor/Menu/Contacto.aspx.vb,has_codebehind|possible_master
2a8343febf515045bd9f3cf31da9d7dd0c074b4b,WebGestor,Detalle,DETAIL,WebGestor/Menu/Detalle.aspx,WebGestor/Menu/Detalle.aspx.vb,has_codebehind|possible_master
a63e1e19752f6bbd216c7d2790a697d378b4b346,WebGestor,IngresarElemento,LIST,WebGestor/Menu/IngresarElemento.aspx,WebGestor/Menu/IngresarElemento.aspx.vb,has_codebehind|possible_master|uses_usercontrol
7b02a8d1bdccbf175dce466a5292d1a2f86671db,WebGestor,Subscriptor,LIST,WebGestor/Menu/Subscriptor.aspx,WebGestor/Menu/Subscriptor.aspx.vb,has_codebehind|possible_master
1e1bb4ef99992928612735fb43772ec872c276ed,WebGestor,_Default,LIST,WebGestor/Menu/_Default.aspx,WebGestor/Menu/_Default.aspx.vb,has_codebehind|possible_master
fee1ed9a6e4cca0327d8f3db74a1411129367669,WebGestor,MenuWeb_Definicion,LIST,WebGestor/MenuWeb/MenuWeb_Definicion.aspx,WebGestor/MenuWeb/MenuWeb_Definicion.aspx.vb,has_codebehind|possible_master|uses_usercontrol
6eacb0f72f29a0269eb1d131c7111c3569ecffa2,WebGestor,MenuWeb_Elementos,LIST,WebGestor/MenuWeb/MenuWeb_Elementos.aspx,WebGestor/MenuWeb/MenuWeb_Elementos.aspx.vb,has_codebehind|possible_master|uses_usercontrol
cca688e2f667f63d178a32462e4021dac61e495f,WebGestor,MenuWeb_Registra_Auspiciador,LIST,WebGestor/MenuWeb/MenuWeb_Registra_Auspiciador.aspx,WebGestor/MenuWeb/MenuWeb_Registra_Auspiciador.aspx.vb,has_codebehind|possible_master|uses_usercontrol
66905baca67624e888d5be4fa774a515598e2875,WebGestor,MenuWeb_Registra_Elemento,LIST,WebGestor/MenuWeb/MenuWeb_Registra_Elemento.aspx,WebGestor/MenuWeb/MenuWeb_Registra_Elemento.aspx.vb,has_codebehind|possible_master|uses_usercontrol
d72079624ce776acacec285aeb72c1bb8731c819,WebGestor,AdminProblemas_Creacion,LIST,WebGestor/MesaAyuda/AdminProblemas_Creacion.aspx,WebGestor/MesaAyuda/AdminProblemas_Creacion.aspx.vb,has_codebehind|possible_master|uses_usercontrol
764a64c6a39b03a1b6d827efff70951a679fd71a,WebGestor,AdminProblemas_Creacion2,LIST,WebGestor/MesaAyuda/AdminProblemas_Creacion2.aspx,WebGestor/MesaAyuda/AdminProblemas_Creacion2.aspx.vb,has_codebehind|possible_master|uses_usercontrol
4b55225784c411141aed85efdf8ccb0f72ce9d03,WebGestor,AdminProblemas_Creacion21,LIST,WebGestor/MesaAyuda/AdminProblemas_Creacion21.aspx,WebGestor/MesaAyuda/AdminProblemas_Creacion21.aspx.vb,has_codebehind|possible_master|uses_usercontrol
8db5e607b447a5aaa74d7ae4b7cc9be394f99c6e,WebGestor,AdminProblemas_Creacion_Edicion,LIST,WebGestor/MesaAyuda/AdminProblemas_Creacion_Edicion.aspx,WebGestor/MesaAyuda/AdminProblemas_Creacion_Edicion.aspx.vb,has_codebehind|possible_master|uses_usercontrol
d746b9f60d9cb25a2cd23fa0d0b3f26e9947b6a6,WebGestor,AdminProblemas_DefineTablas1,LIST,WebGestor/MesaAyuda/AdminProblemas_DefineTablas1.aspx,WebGestor/MesaAyuda/AdminProblemas_DefineTablas1.aspx.vb,has_codebehind|possible_master|uses_usercontrol
aa90106309f98a12b527e6b67d31a3350a536535,WebGestor,AdminProblemas_DefineTablas2,LIST,WebGestor/MesaAyuda/AdminProblemas_DefineTablas2.aspx,WebGestor/MesaAyuda/AdminProblemas_DefineTablas2.aspx.vb,has_codebehind|possible_master|uses_usercontrol
0912ce604210694fd64cf52e6d7c4c6483c74a59,WebGestor,AdminProblemas_Define_BaseDatos,LIST,WebGestor/MesaAyuda/AdminProblemas_Define_BaseDatos.aspx,WebGestor/MesaAyuda/AdminProblemas_Define_BaseDatos.aspx.vb,has_codebehind|possible_master|uses_usercontrol
12e658852fef87a0f4487f4cb9a0a12622cee787,WebGestor,AdminProblemas_Define_Personas,LIST,WebGestor/MesaAyuda/AdminProblemas_Define_Personas.aspx,WebGestor/MesaAyuda/AdminProblemas_Define_Personas.aspx.vb,has_codebehind|possible_master|uses_usercontrol
13816752a603393ca08c0c18d82930c74f2ba142,WebGestor,AdminProblemas_DiferenciasTiempo,LIST,WebGestor/MesaAyuda/AdminProblemas_DiferenciasTiempo.aspx,WebGestor/MesaAyuda/AdminProblemas_DiferenciasTiempo.aspx.vb,has_codebehind|possible_master
6527037d8a03a842f912b40d09f97e708e2fd2eb,WebGestor,AdminProblemas_Lista_Enlace_TemasAyuda,LIST,WebGestor/MesaAyuda/AdminProblemas_Lista_Enlace_TemasAyuda.aspx,WebGestor/MesaAyuda/AdminProblemas_Lista_Enlace_TemasAyuda.aspx.vb,has_codebehind|possible_master|uses_usercontrol
e14149c0c4b4ad1b938347c852ef44aaae5b9d51,WebGestor,AdminProblemas_Listado,LIST,WebGestor/MesaAyuda/AdminProblemas_Listado.aspx,WebGestor/MesaAyuda/AdminProblemas_Listado.aspx.vb,has_codebehind|possible_master|uses_usercontrol
311e179b7a0268a8e29ab2f8c94c09a60e8f4c9f,WebGestor,AdminProblemas_Registrar,CREATE,WebGestor/MesaAyuda/AdminProblemas_Registrar.aspx,WebGestor/MesaAyuda/AdminProblemas_Registrar.aspx.vb,has_codebehind|possible_master|uses_usercontrol
6fc6bc75255c6947ea85b801cb263c62c566df36,WebGestor,AdminProblemas_Registrar_Fecha,CREATE,WebGestor/MesaAyuda/AdminProblemas_Registrar_Fecha.aspx,WebGestor/MesaAyuda/AdminProblemas_Registrar_Fecha.aspx.vb,has_codebehind|possible_master|uses_usercontrol
85416ec7209e777192a9b69906763d3a73aaff24,WebGestor,AdminProblemas_Registrar_Usuario,CREATE,WebGestor/MesaAyuda/AdminProblemas_Registrar_Usuario.aspx,WebGestor/MesaAyuda/AdminProblemas_Registrar_Usuario.aspx.vb,has_codebehind|possible_master|uses_usercontrol
0b8e57420e0d78f2fe01ff2ad5434da913f56216,WebGestor,AdminProblemas_Reportar,REPORT,WebGestor/MesaAyuda/AdminProblemas_Reportar.aspx,WebGestor/MesaAyuda/AdminProblemas_Reportar.aspx.vb,has_codebehind|possible_master
e55f7e3eef95c152c67482d1c5aa64ca8e9fd499,WebGestor,Inventario_Archivo_Telefonica,LIST,WebGestor/OperadorLogistico/Inventario_Archivo_Telefonica.aspx,WebGestor/OperadorLogistico/Inventario_Archivo_Telefonica.aspx.vb,has_codebehind|possible_master|uses_usercontrol
0826b6234732507b0d6d1a528c944c92f937b245,WebGestor,Inventario_CargaAgenda,LIST,WebGestor/OperadorLogistico/Inventario_CargaAgenda.aspx,WebGestor/OperadorLogistico/Inventario_CargaAgenda.aspx.vb,has_codebehind|possible_master
39378de93051e5127775588173a6c036b51ad15c,WebGestor,Inventario_GuiaArchivo,LIST,WebGestor/OperadorLogistico/Inventario_GuiaArchivo.aspx,WebGestor/OperadorLogistico/Inventario_GuiaArchivo.aspx.vb,has_codebehind|possible_master
c411da89ecee15be2e95b6806665e04a92050588,WebGestor,Inventario_GuiaRemision,LIST,WebGestor/OperadorLogistico/Inventario_GuiaRemision.aspx,WebGestor/OperadorLogistico/Inventario_GuiaRemision.aspx.vb,has_codebehind|possible_master|uses_usercontrol
2eddb09a84b6e040958b8a1f048be228c874f454,WebGestor,Inventario_GuiaRemision_Admin,LIST,WebGestor/OperadorLogistico/Inventario_GuiaRemision_Admin.aspx,WebGestor/OperadorLogistico/Inventario_GuiaRemision_Admin.aspx.vb,has_codebehind|possible_master|uses_usercontrol
3e6c91524e3c71af22e41f61ac2574ef1e70d4bf,WebGestor,Inventario_GuiaRemision_CargaArch,LIST,WebGestor/OperadorLogistico/Inventario_GuiaRemision_CargaArch.aspx,WebGestor/OperadorLogistico/Inventario_GuiaRemision_CargaArch.aspx.vb,has_codebehind|possible_master
84a2ee0e3d2226c46dfdd36e7ddbb95278a43dcd,WebGestor,Inventario_GuiaRemision_CargaArch_Admin,LIST,WebGestor/OperadorLogistico/Inventario_GuiaRemision_CargaArch_Admin.aspx,WebGestor/OperadorLogistico/Inventario_GuiaRemision_CargaArch_Admin.aspx.vb,has_codebehind|possible_master
50c2311226bc8dbd99004f218d0790d15890a6d6,WebGestor,Inventario_GuiaRemision_Update,EDIT,WebGestor/OperadorLogistico/Inventario_GuiaRemision_Update.aspx,WebGestor/OperadorLogistico/Inventario_GuiaRemision_Update.aspx.vb,has_codebehind|possible_master|uses_usercontrol
8eeaf950550165f83a39540ea7f5d4f07e228e75,WebGestor,Inventario_Personas,LIST,WebGestor/OperadorLogistico/Inventario_Personas.aspx,WebGestor/OperadorLogistico/Inventario_Personas.aspx.vb,has_codebehind|possible_master|uses_usercontrol
b1156d85041216ce68f62e32c450d61d96713e2e,WebGestor,Inventario_Personas_xFechaEntrega,LIST,WebGestor/OperadorLogistico/Inventario_Personas_xFechaEntrega.aspx,WebGestor/OperadorLogistico/Inventario_Personas_xFechaEntrega.aspx.vb,has_codebehind|possible_master|uses_usercontrol
8ee5c29a03745cde3a011eb6e85d6bf9ae598d0d,WebGestor,PaginaPrincipal,LIST,WebGestor/PaginaPrincipal.aspx,WebGestor/PaginaPrincipal.aspx.vb,has_codebehind|possible_master
8f04d8742e8debe98ad0a2696b94abb387419339,WebGestor,Agenda_Citas,LIST,WebGestor/PersonalAgenda/Agenda_Citas.aspx,WebGestor/PersonalAgenda/Agenda_Citas.aspx.vb,has_codebehind|possible_master|uses_usercontrol
6fd618ee878310ddecbe1440d6e4f6d6893684de,WebGestor,Agenda_Entrevista,LIST,WebGestor/PersonalAgenda/Agenda_Entrevista.aspx,WebGestor/PersonalAgenda/Agenda_Entrevista.aspx.vb,has_codebehind|possible_master|uses_usercontrol
7c0097f9715b6d317fa4bb2f0dbdb762a0fc13f4,WebGestor,Agenda_Tablas,LIST,WebGestor/PersonalAgenda/Agenda_Tablas.aspx,WebGestor/PersonalAgenda/Agenda_Tablas.aspx.vb,has_codebehind|possible_master|uses_usercontrol
d4393fabbbf5f99d4643e6023c4e69dafb2de683,WebGestor,Salida,LIST,WebGestor/Salida.aspx,WebGestor/Salida.aspx.vb,has_codebehind
04fcac3296894323f232f38ebded17fba9f83fee,WebGestor,BaseDatos_Busqueda,LIST,WebGestor/Servicio/BaseDatos_Busqueda.aspx,WebGestor/Servicio/BaseDatos_Busqueda.aspx.vb,has_codebehind|possible_master|uses_usercontrol
c11f3bcb5cfa78e254996fb6aa88dc458c7364b9,WebGestor,BaseDatos_Definicion,LIST,WebGestor/Servicio/BaseDatos_Definicion.aspx,WebGestor/Servicio/BaseDatos_Definicion.aspx.vb,has_codebehind|possible_master|uses_usercontrol
8ed75342c519e04ab304619613876f4b32dc6ab7,WebGestor,Gestion_Inspeccion_Desplazamiento,LIST,WebGestor/Servicio/Gestion_Inspeccion_Desplazamiento.aspx,WebGestor/Servicio/Gestion_Inspeccion_Desplazamiento.aspx.vb,has_codebehind|possible_master|uses_usercontrol
6873fa583d143c70386e5e65552e82e4abb22e02,WebGestor,Inspeccion_Centro_Costos,LIST,WebGestor/Servicio/Inspeccion_Centro_Costos.aspx,WebGestor/Servicio/Inspeccion_Centro_Costos.aspx.vb,has_codebehind|possible_master|uses_usercontrol
84b3119d62e21d1e747137f4188bc306cdc794e7,WebGestor,Inspeccion_Detalle,DETAIL,WebGestor/Servicio/Inspeccion_Detalle.aspx,WebGestor/Servicio/Inspeccion_Detalle.aspx.vb,has_codebehind|possible_master|uses_usercontrol
83bda1c24fcdea5197f5a1b60f16e41dcac900a0,WebGestor,Inspeccion_Documentos_Ayuda,LIST,WebGestor/Servicio/Inspeccion_Documentos_Ayuda.aspx,WebGestor/Servicio/Inspeccion_Documentos_Ayuda.aspx.vb,has_codebehind|possible_master|uses_usercontrol
fdf4b3e70395b2295d1ec14b561870ebc421e6d6,WebGestor,Inspeccion_Equipo_Mantenimiento,LIST,WebGestor/Servicio/Inspeccion_Equipo_Mantenimiento.aspx,WebGestor/Servicio/Inspeccion_Equipo_Mantenimiento.aspx.vb,has_codebehind|possible_master|uses_usercontrol
ff2fb693cba5b889124723845ae7eab16f576934,WebGestor,Inspeccion_ListaDetalleOficina,DETAIL,WebGestor/Servicio/Inspeccion_ListaDetalleOficina.aspx,WebGestor/Servicio/Inspeccion_ListaDetalleOficina.aspx.vb,has_codebehind|possible_master|uses_usercontrol
eef8e24d013e8a9eb6f161a53a9ac189121cfe30,WebGestor,Inspeccion_Lista_DatosAdicionales,LIST,WebGestor/Servicio/Inspeccion_Lista_DatosAdicionales.aspx,WebGestor/Servicio/Inspeccion_Lista_DatosAdicionales.aspx.vb,has_codebehind|possible_master|uses_usercontrol
4e38bb7744780fd71155110b5aec6461cfd94802,WebGestor,Inspeccion_Lista_DatosAdicionales_Usuarios,LIST,WebGestor/Servicio/Inspeccion_Lista_DatosAdicionales_Usuarios.aspx,WebGestor/Servicio/Inspeccion_Lista_DatosAdicionales_Usuarios.aspx.vb,has_codebehind|possible_master|uses_usercontrol
692c3ffd1dab3618cf36231d138b9b42c4b086ea,WebGestor,Inspeccion_Lista_Documento,LIST,WebGestor/Servicio/Inspeccion_Lista_Documento.aspx,WebGestor/Servicio/Inspeccion_Lista_Documento.aspx.vb,has_codebehind|possible_master|uses_usercontrol
3c53ec669e6c7d50e7dd6544affae9e2cdbd23de,WebGestor,Inspeccion_Lista_OfPendiente,LIST,WebGestor/Servicio/Inspeccion_Lista_OfPendiente.aspx,WebGestor/Servicio/Inspeccion_Lista_OfPendiente.aspx.vb,has_codebehind|possible_master|uses_usercontrol
cfe399b5f4b4d37511e0f8c98b86230efc37abb7,WebGestor,Inspeccion_Listado,LIST,WebGestor/Servicio/Inspeccion_Listado.aspx,WebGestor/Servicio/Inspeccion_Listado.aspx.vb,has_codebehind|possible_master|uses_usercontrol
3f4cf14afbcb8b72e99d4bc89a03d8855639535f,WebGestor,Inspeccion_RegistrarVisitas,CREATE,WebGestor/Servicio/Inspeccion_RegistrarVisitas.aspx,WebGestor/Servicio/Inspeccion_RegistrarVisitas.aspx.vb,has_codebehind|possible_master|uses_usercontrol
8bcf3646dfbdf7e4d5977a475e40ea46b2465867,WebGestor,Inspeccion_Reporte_ReqAd,REPORT,WebGestor/Servicio/Inspeccion_Reporte_ReqAd.aspx,WebGestor/Servicio/Inspeccion_Reporte_ReqAd.aspx.vb,has_codebehind|possible_master|uses_usercontrol
49bc0e4b6af65225320679c4468b1220b23fb99b,WebGestor,Inspeccion_Resumen,LIST,WebGestor/Servicio/Inspeccion_Resumen.aspx,WebGestor/Servicio/Inspeccion_Resumen.aspx.vb,has_codebehind|possible_master|uses_usercontrol
42017320a93f7679580aaac838a998222a120cfc,WebGestor,SIntegral_Registrar_Servicio,CREATE,WebGestor/ServicioIntegral/SIntegral_Registrar_Servicio.aspx,WebGestor/ServicioIntegral/SIntegral_Registrar_Servicio.aspx.vb,has_codebehind|possible_master|uses_usercontrol
cb51fb852d273c749f66c5c43ce9b619eb1fd909,WebGestor,SIntegral_Servicio,LIST,WebGestor/ServicioIntegral/SIntegral_Servicio.aspx,WebGestor/ServicioIntegral/SIntegral_Servicio.aspx.vb,has_codebehind|possible_master|uses_usercontrol
7ee392def5d65a7299dced207ea6ee305266fb6a,WebGestor,SIntegral_Servicio_Detalle_,DETAIL,WebGestor/ServicioIntegral/SIntegral_Servicio_Detalle_.aspx,WebGestor/ServicioIntegral/SIntegral_Servicio_Detalle_.aspx.vb,has_codebehind|possible_master|uses_usercontrol
66a79dd7d979c32fcb8f1ca927f65a18d0e1d59b,WebGestor,SIntegral_Servicio_Proveedor,LIST,WebGestor/ServicioIntegral/SIntegral_Servicio_Proveedor.aspx,WebGestor/ServicioIntegral/SIntegral_Servicio_Proveedor.aspx.vb,has_codebehind|possible_master|uses_usercontrol
a925e5fcda248b129e50f5f710f164db21457e35,WebGestor,General_Relacion_Categoria_Usuario,LIST,WebGestor/Sistema/General_Relacion_Categoria_Usuario.aspx,WebGestor/Sistema/General_Relacion_Categoria_Usuario.aspx.vb,has_codebehind|possible_master
d9120dd37367a7e3140d839d67e9a8828b3e9010,WebGestor,Mantenimiento_TablasEspeciales,LIST,WebGestor/Sistema/Mantenimiento_TablasEspeciales.aspx,WebGestor/Sistema/Mantenimiento_TablasEspeciales.aspx.vb,has_codebehind|possible_master|uses_usercontrol
14ab15a718de2ccb49ca49aeb3fff9526f2dd25e,WebGestor,Mantenimiento_TablasEspeciales_Activar,LIST,WebGestor/Sistema/Mantenimiento_TablasEspeciales_Activar.aspx,WebGestor/Sistema/Mantenimiento_TablasEspeciales_Activar.aspx.vb,has_codebehind|possible_master
64f7bc4bb16bf7e271b640a679fb8e0f39838ead,WebGestor,Personal_Mostrar,LIST,WebGestor/Sistema/Personal_Mostrar.aspx,WebGestor/Sistema/Personal_Mostrar.aspx.vb,has_codebehind|possible_master|uses_usercontrol
4f4bce6b9ea3d3ac76196cd12040a49ce967d745,WebGestor,SegSistem_Exportar_Datos,EXPORT,WebGestor/Sistema/SegSistem_Exportar_Datos.aspx,WebGestor/Sistema/SegSistem_Exportar_Datos.aspx.vb,has_codebehind|possible_master
e5ae144f2debb28246985c03466fea9b4eb7b95a,WebGestor,SegSistema_CambioContraseña,LIST,WebGestor/Sistema/SegSistema_CambioContraseña.aspx,WebGestor/Sistema/SegSistema_CambioContraseña.aspx.vb,has_codebehind|possible_master
003c5ef310ff465014dbef45d5c4cf8c504cf6ed,WebGestor,SegSistema_Mant_Modulos,LIST,WebGestor/Sistema/SegSistema_Mant_Modulos.aspx,WebGestor/Sistema/SegSistema_Mant_Modulos.aspx.vb,has_codebehind|possible_master
d3973547d99599c6668bd6c51c7de41ba919b9d4,WebGestor,SegSistema_Mant_Paginas,LIST,WebGestor/Sistema/SegSistema_Mant_Paginas.aspx,WebGestor/Sistema/SegSistema_Mant_Paginas.aspx.vb,has_codebehind|possible_master|uses_usercontrol
0d29d9caf01976f48945b4d704f240fe2f0f5a35,WebGestor,SegSistema_Mant_Perfiles,LIST,WebGestor/Sistema/SegSistema_Mant_Perfiles.aspx,WebGestor/Sistema/SegSistema_Mant_Perfiles.aspx.vb,has_codebehind|possible_master|uses_usercontrol
b296c626f06b71254290482000d55f6d1b12b67d,WebGestor,SegSistema_Mant_Usuarios,LIST,WebGestor/Sistema/SegSistema_Mant_Usuarios.aspx,WebGestor/Sistema/SegSistema_Mant_Usuarios.aspx.vb,has_codebehind|possible_master|uses_usercontrol
3a260ce9d766aac5825b487a4374a0358da9c6d7,WebGestor,SegSistema_MensajeOk,LIST,WebGestor/Sistema/SegSistema_MensajeOk.aspx,WebGestor/Sistema/SegSistema_MensajeOk.aspx.vb,has_codebehind|possible_master
9c3fbab00e045224770c0fa86cde1529df256f22,WebGestor,SegSistema_MenuPrincipal,LIST,WebGestor/Sistema/SegSistema_MenuPrincipal.aspx,WebGestor/Sistema/SegSistema_MenuPrincipal.aspx.vb,has_codebehind|possible_master
70211e99046f8b07a6378dc8eafff96115311bef,WebGestor,SegSistema_NuevoUsuario,CREATE,WebGestor/Sistema/SegSistema_NuevoUsuario.aspx,WebGestor/Sistema/SegSistema_NuevoUsuario.aspx.vb,has_codebehind|possible_master|uses_usercontrol
a343d40ed7e65f50df196593ce8cc53017dc33ac,WebGestor,SegSistema_OlvidoContraseña,LIST,WebGestor/Sistema/SegSistema_OlvidoContraseña.aspx,WebGestor/Sistema/SegSistema_OlvidoContraseña.aspx.vb,has_codebehind|possible_master
65c316473cac33a1f5f63603df51b1db1ca733e4,WebGestor,Tablas_Especiales_Mantenimiento,LIST,WebGestor/Sistema/Tablas_Especiales_Mantenimiento.aspx,WebGestor/Sistema/Tablas_Especiales_Mantenimiento.aspx.vb,has_codebehind|possible_master|uses_usercontrol
b91f7d2b730a1add8f9c4cd58db0b4a91867e5d0,WebGestor,TerminaSesion,LIST,WebGestor/TerminaSesion.aspx,WebGestor/TerminaSesion.aspx.vb,has_codebehind|possible_master
e5532424e9650b51752bb1af4075c9ec55376599,WebGestor,Graficos,LIST,WebGestor/Ventas/Graficos.aspx,WebGestor/Ventas/Graficos.aspx.vb,has_codebehind|possible_master|uses_usercontrol
20e5af81be61760e56dd13c7b8e4c0fe5fb140b4,WebGestor,Ventas_BusArticulos,LIST,WebGestor/Ventas/Ventas_BusArticulos.aspx,WebGestor/Ventas/Ventas_BusArticulos.aspx.vb,has_codebehind|uses_usercontrol
ae747f0f74d6506da4d98f2a808d5751f9dfc6bc,WebGestor,Ventas_Cotizar_Proveedor,LIST,WebGestor/Ventas/Ventas_Cotizar_Proveedor.aspx,WebGestor/Ventas/Ventas_Cotizar_Proveedor.aspx.vb,has_codebehind|possible_master
d4247a28c0068f62e6dad67b5713e2c6f863ed5e,WebGestor,Ventas_Delivery,DETAIL,WebGestor/Ventas/Ventas_Delivery.aspx,WebGestor/Ventas/Ventas_Delivery.aspx.vb,has_codebehind|possible_master|uses_usercontrol
1f5478ed6a66d42c822905a1209fc0d9ae3b8678,WebGestor,Ventas_Grafica,LIST,WebGestor/Ventas/Ventas_Grafica.aspx,WebGestor/Ventas/Ventas_Grafica.aspx.vb,has_codebehind|possible_master|uses_usercontrol
9bd6e72b30982a6ea5751ee68544a6eefe4a8c7c,WebGestor,Ventas_Ingresa_OrdenCompra,LIST,WebGestor/Ventas/Ventas_Ingresa_OrdenCompra.aspx,WebGestor/Ventas/Ventas_Ingresa_OrdenCompra.aspx.vb,has_codebehind|possible_master
d63db6736c9e18bebfc8a7925d0f66f8586e8b6f,WebGestor,Ventas_Punto,LIST,WebGestor/Ventas/Ventas_Punto.aspx,WebGestor/Ventas/Ventas_Punto.aspx.vb,has_codebehind|possible_master|uses_usercontrol
ee25ec603122d0b2f8cbda06dc4ff62ecf0cbde9,WebGestor,Ventas_Punto_Cliente,LIST,WebGestor/Ventas/Ventas_Punto_Cliente.aspx,WebGestor/Ventas/Ventas_Punto_Cliente.aspx.vb,has_codebehind|uses_usercontrol
a2b3e9ed21e2a28f10ab91ea261b9d2852c003f4,WebGestor,Ventas_Registro_Oportunidades,LIST,WebGestor/Ventas/Ventas_Registro_Oportunidades.aspx,WebGestor/Ventas/Ventas_Registro_Oportunidades.aspx.vb,has_codebehind|possible_master|uses_usercontrol
31b3b0d7d7f759cf4d01c947a5deafb2434de4a5,WebGestor,camara,LIST,WebGestor/camara.aspx,WebGestor/camara.aspx.vb,has_codebehind
