path_rel,endpoint_type,has_codebehind,codebehind_path,loc,size_bytes,sha1
WebGestor/About.aspx,page,yes,WebGestor/About.aspx.vb,7,376,4df17892701f1272df1ae47eedb942930800b715
WebGestor/CallCenter/CallCenter_CargaDatos.aspx,page,yes,WebGestor/CallCenter/CallCenter_CargaDatos.aspx.vb,82,4640,9bc26c158f9eb403de73c99b60a1eded3eb8cd8e
WebGestor/CallCenter/CallCenter_DatosCliente.aspx,page,yes,WebGestor/CallCenter/CallCenter_DatosCliente.aspx.vb,136,8792,289e7a1f69fd2fbf3960be603ada11908ca13143
WebGestor/CallCenter/CallCenter_Pantalla_Operador.aspx,page,yes,WebGestor/CallCenter/CallCenter_Pantalla_Operador.aspx.vb,284,21140,0a09978fdc431cf5b9e78decc664066af968dd6c
WebGestor/camara.aspx,page,yes,WebGestor/camara.aspx.vb,92,3711,0328a53367814ebbe8917e33790a3943e6e7b6f1
WebGestor/camara_.ashx,handler,no,,45,1643,12edc0c4e029ef9ad6d7298a7d0c36816186b17c
WebGestor/camaraUpload.ashx,handler,no,,30,1000,7a76f0283bdac0f43f90d2bb7d140b9c0d17457d
WebGestor/CAS/Cas_BusquedaBaseDatos.aspx,page,yes,WebGestor/CAS/Cas_BusquedaBaseDatos.aspx.vb,308,17048,c18c480287ded33939e742c21ffe3c2a523d7735
WebGestor/CAS/Cas_Define_Grupo.aspx,page,yes,WebGestor/CAS/Cas_Define_Grupo.aspx.vb,409,46561,caf3404e38e8c554dac777a05055f58cfb34ac1f
WebGestor/CAS/Cas_Define_personas.aspx,page,yes,WebGestor/CAS/Cas_Define_personas.aspx.vb,210,19041,2a094e469fc6d5aa21fa03574ed059ed9b8061ec
WebGestor/CAS/Cas_Define_TemasAyuda.aspx,page,yes,WebGestor/CAS/Cas_Define_TemasAyuda.aspx.vb,307,18178,77e5dd9a664d405e34b2691f358bdd65b1fb8a17
WebGestor/CAS/Cas_DefineTablas1.aspx,page,yes,WebGestor/CAS/Cas_DefineTablas1.aspx.vb,738,84913,896664877a2f18244ad965882b81292463b5b0f7
WebGestor/CAS/Cas_DefineTablas2.aspx,page,yes,WebGestor/CAS/Cas_DefineTablas2.aspx.vb,187,30355,de8e215c02160433c0869e615db011ceab01586d
WebGestor/CAS/Cas_Definicion_CarteraConsulta.aspx,page,yes,WebGestor/CAS/Cas_Definicion_CarteraConsulta.aspx.vb,438,34361,ca0b2df6a2318f17fde03a87e6b9de61926e2d84
WebGestor/CAS/Cas_ImportarPersona.aspx,page,yes,WebGestor/CAS/Cas_ImportarPersona.aspx.vb,83,5039,75eed9f37d796e7fdaf41e84da27bd4d8d037eeb
WebGestor/CAS/Cas_Lista_Enlace_TemasAyuda.aspx,page,yes,WebGestor/CAS/Cas_Lista_Enlace_TemasAyuda.aspx.vb,145,10401,7e2aa54908b6e7f7f3ecac0d353e7589584e0bf8
WebGestor/CAS/Cas_ListaAviso_xUsuario.aspx,page,yes,WebGestor/CAS/Cas_ListaAviso_xUsuario.aspx.vb,199,12864,92b4f5e30a128050debc652b435a14cd806dc28a
WebGestor/CAS/Cas_ListaIncidentes_GrupoNivel2.aspx,page,yes,WebGestor/CAS/Cas_ListaIncidentes_GrupoNivel2.aspx.vb,582,61365,4e41fd145e301b5d11e6634d8eba0a60d7b4fd23
WebGestor/CAS/Cas_ListaIncidentes_Nivel2.aspx,page,yes,WebGestor/CAS/Cas_ListaIncidentes_Nivel2.aspx.vb,591,60584,95eea2fb383a7652d1dbca90dc6b8e7c2a2aaf27
WebGestor/CAS/Cas_RedireccionarIncidencia.aspx,page,yes,WebGestor/CAS/Cas_RedireccionarIncidencia.aspx.vb,225,11849,1352aeba933bc1925f825c52db21a562839b8f12
WebGestor/CAS/Cas_Registra_Incidentes.aspx,page,yes,WebGestor/CAS/Cas_Registra_Incidentes.aspx.vb,1140,79786,32f1801c2716698be56ff4a171eccf12aedb3c1b
WebGestor/CAS/Cas_Relacion_AvisoxUsuario.aspx,page,yes,WebGestor/CAS/Cas_Relacion_AvisoxUsuario.aspx.vb,175,8417,561168778a03b7f6c8b9d86b0ecf4ed2492ce99b
WebGestor/CAS/Cas_Relacion_Estadisticas.aspx,page,yes,WebGestor/CAS/Cas_Relacion_Estadisticas.aspx.vb,163,9668,4dccc2a28eec44cab8ec7fcc20abc8b6f97a43a8
WebGestor/CAS/Cas_Relacion_Reportes.aspx,page,yes,WebGestor/CAS/Cas_Relacion_Reportes.aspx.vb,172,11191,d2d9793060f32400ad5f2469646b63925f2e7b05
WebGestor/CAS/Cas_RelacionIncidentes.aspx,page,yes,WebGestor/CAS/Cas_RelacionIncidentes.aspx.vb,396,37157,8e493c1e23baa3140b9bfc7bd829f44f26faa463
WebGestor/CAS/Cas_Rep_ConsultaxOficiona.aspx,page,yes,WebGestor/CAS/Cas_Rep_ConsultaxOficiona.aspx.vb,48,2356,02d6ec86ae14c326ed5a1ecd122faefc6c1e24f4
WebGestor/CAS/Cas_Rep_PorCargos.aspx,page,yes,WebGestor/CAS/Cas_Rep_PorCargos.aspx.vb,66,3498,cfedb0f2a16f8108a40e1ce5381d78679cee0a58
WebGestor/CAS/Cas_Rep_RankingTerritorial.aspx,page,yes,WebGestor/CAS/Cas_Rep_RankingTerritorial.aspx.vb,65,3249,fa400adeadb190a54c00f54e7c445c3f5b45df0b
WebGestor/CAS/Cas_Rep_RegistroPorductoXOficina.aspx,page,yes,WebGestor/CAS/Cas_Rep_RegistroPorductoXOficina.aspx.vb,54,2316,c9ce85e3ef59b815b87e9b8e77ff10918e57a0ef
WebGestor/CAS/Cas_Rep_RegistroTematicasXOficina.aspx,page,yes,WebGestor/CAS/Cas_Rep_RegistroTematicasXOficina.aspx.vb,58,2778,292d6e98f4ff25563dfc3f601eb9d0a6aabebc28
WebGestor/CAS/Cas_Rep_RegistroTerritorioXOficina.aspx,page,yes,WebGestor/CAS/Cas_Rep_RegistroTerritorioXOficina.aspx.vb,51,2330,57bfa084906ffbcca5be1ec77b60b15ae3218827
WebGestor/CAS/CasReporte_IncidenteTotales.aspx,page,yes,WebGestor/CAS/CasReporte_IncidenteTotales.aspx.vb,81,4442,a405f2223b94eb6169290517dd04d0510708bd7e
WebGestor/CAS/CasReporte_IncidentexComponente.aspx,page,yes,WebGestor/CAS/CasReporte_IncidentexComponente.aspx.vb,80,4446,7ffda768433d8f3e8098c63e8806a8b3da15ef77
WebGestor/CAS/CasReporte_IncidentexElemento.aspx,page,yes,WebGestor/CAS/CasReporte_IncidentexElemento.aspx.vb,76,4182,6c1be75b4a13676101e0c100a7be194d43a84fa9
WebGestor/CAS/CasReporte_IncOficinaxComponente.aspx,page,yes,WebGestor/CAS/CasReporte_IncOficinaxComponente.aspx.vb,65,3748,22ea5d96544021cac619070359748a37a1a11ce4
WebGestor/CAS/CasReporte_ResumenBD.aspx,page,yes,WebGestor/CAS/CasReporte_ResumenBD.aspx.vb,80,4409,0fd46ea869e2e274a63344d8cd78c043e81fcac1
WebGestor/Contabilidad/Contabilidad_PCGR.aspx,page,yes,WebGestor/Contabilidad/Contabilidad_PCGR.aspx.vb,387,36338,dd65e687e0dfc4c46fe87db53c818a23c7b461fb
WebGestor/Contabilidad/Contabilidad_Personas.aspx,page,yes,WebGestor/Contabilidad/Contabilidad_Personas.aspx.vb,272,19613,33accc41e0a51c5195c26532bc3ab4bafceabf0e
WebGestor/Contabilidad/Contabilidad_Personas_Detalle.aspx,page,yes,WebGestor/Contabilidad/Contabilidad_Personas_Detalle.aspx.vb,73,3926,d1d52a06f898948dc4a0f52046ee5566709eb326
WebGestor/Contabilidad/Contabilidad_Registrar_Clientes.aspx,page,yes,WebGestor/Contabilidad/Contabilidad_Registrar_Clientes.aspx.vb,50,2913,eb849c19ca33954a5f6ab984f1d1cf55f9c3a57f
WebGestor/Contabilidad/Contabilidad_TablasContable.aspx,page,yes,WebGestor/Contabilidad/Contabilidad_TablasContable.aspx.vb,577,56240,13db9fcf96bb2afac9b0c41e1c0f45c07f510c98
WebGestor/Contabilidad/Contabilidad_TablasContables2.aspx,page,yes,WebGestor/Contabilidad/Contabilidad_TablasContables2.aspx.vb,696,64806,d128930fc09f71744cc582927724b957d6e53ca9
WebGestor/Contabilidad/Contabilidad_Voucher.aspx,page,yes,WebGestor/Contabilidad/Contabilidad_Voucher.aspx.vb,245,15374,f24739a0c927be53e3691bfa1848d10ff5a1b99f
WebGestor/Contabilidad/Contabilidad_Voucher_Detalle.aspx,page,yes,WebGestor/Contabilidad/Contabilidad_Voucher_Detalle.aspx.vb,889,54651,929b410a3120e3e9278a2004a70cd991a977f7fa
WebGestor/Contact.aspx,page,yes,WebGestor/Contact.aspx.vb,18,701,803ead138a8f6511e4f3e239c3aeca6e64d4afb4
WebGestor/ControlPersonal/Permisos.aspx,page,yes,WebGestor/ControlPersonal/Permisos.aspx.vb,134,8807,adce22ac82ec0017b3abe1a3903286e8db9e8102
WebGestor/ControlPersonal/Person_Control_Asistencia.aspx,page,yes,WebGestor/ControlPersonal/Person_Control_Asistencia.aspx.vb,300,16589,dc5a1e5f854ffc9507b367d90f4e8fdc005c6050
WebGestor/ControlPersonal/Person_Control_Define_Horarios.aspx,page,yes,WebGestor/ControlPersonal/Person_Control_Define_Horarios.aspx.vb,199,12891,624a0876ff51e9f815e25c73fbea9d2e6b408103
WebGestor/ControlPersonal/Person_Control_EntSal.aspx,page,yes,WebGestor/ControlPersonal/Person_Control_EntSal.aspx.vb,356,20607,b9249104fdf112fa6c72b9f391245ec1b0c0009f
WebGestor/ControlPersonal/Person_Control_EntSal_Geo.aspx,page,yes,WebGestor/ControlPersonal/Person_Control_EntSal_Geo.aspx.vb,447,16549,bb78954b58ff4791d0974e13b7bfad0f7931f8ef
WebGestor/ControlPersonal/Person_Control_EntSal_Ingreso_Directo.aspx,page,yes,WebGestor/ControlPersonal/Person_Control_EntSal_Ingreso_Directo.aspx.vb,223,13176,8a893ac555ab7c763da6747061d6c569d82ef56e
WebGestor/ControlPersonal/Person_Control_Integran_Asistencia.aspx,page,yes,WebGestor/ControlPersonal/Person_Control_Integran_Asistencia.aspx.vb,145,8324,43c164a8ab4948848061c61a5097e1567faca60f
WebGestor/ControlPersonal/Person_Fotos.ashx,handler,no,,48,1593,654af84f18712a3b19637460f0305044602482c9
WebGestor/ControlPersonal/Person_Record_Asistencia.aspx,page,yes,WebGestor/ControlPersonal/Person_Record_Asistencia.aspx.vb,191,13008,55f0e62413c375ecbfb373fab01aeef07deaf3e8
WebGestor/ControlVisitas/ControlVisitas_Puntos.aspx,page,yes,WebGestor/ControlVisitas/ControlVisitas_Puntos.aspx.vb,224,32390,54fc33fe30a12c9615d61282ebd6b044133453e8
WebGestor/ControlVisitas/ControlVisitas_Registro.aspx,page,yes,WebGestor/ControlVisitas/ControlVisitas_Registro.aspx.vb,654,51900,578d73720b7198f5e2b540c5d52bda23a81a64a2
WebGestor/CRM/CRM_BeseDatos_Mantenimiento.aspx,page,yes,WebGestor/CRM/CRM_BeseDatos_Mantenimiento.aspx.vb,450,34864,34cc22b04f894279ec68f34b0b8280d030e881fd
WebGestor/CRM/CRM_BusquedaBaseDatos.aspx,page,yes,WebGestor/CRM/CRM_BusquedaBaseDatos.aspx.vb,315,23566,e4964bd642d402e89258570050dc08ee1a1f2d02
WebGestor/CRM/CRM_Contenido_del_Correo.aspx,page,yes,WebGestor/CRM/CRM_Contenido_del_Correo.aspx.vb,299,19454,da133cf82e2ab9ba65421fcd2548521b995efbf0
WebGestor/CRM/CRM_DxLista_CuadroMando.aspx,page,yes,WebGestor/CRM/CRM_DxLista_CuadroMando.aspx.vb,20,1192,3a836e027aabba4f48c4fcc3224bad217016aa42
WebGestor/CRM/CRM_Enviar_Email.aspx,page,yes,WebGestor/CRM/CRM_Enviar_Email.aspx.vb,399,25335,24e5cf9adcba8c6e5fd387a64bcd3c8b3c91ccca
WebGestor/CRM/CRM_Exportar.aspx,page,yes,WebGestor/CRM/CRM_Exportar.aspx.vb,5,266,72f9ae9ee18a128a2199561d9811783042e1930b
WebGestor/CRM/CRM_Lista_CuadroMando.aspx,page,yes,WebGestor/CRM/CRM_Lista_CuadroMando.aspx.vb,233,16742,6186b602d701192fb1cac99f363cf4a835dc43b7
WebGestor/CRM/CRM_Lista_Tickect_DevExpress.aspx,page,yes,WebGestor/CRM/CRM_Lista_Tickect_DevExpress.aspx.vb,161,9915,d25034c838e5d4fa9c2dd7f426ee7dc94858cb7b
WebGestor/CRM/CRM_Registrar.aspx,page,yes,WebGestor/CRM/CRM_Registrar.aspx.vb,839,69594,6f2c4ee7006a97925f7ea8c1f6248ef6f579c98f
WebGestor/CRM/CRM_Relacion_con_Procesos.aspx,page,yes,WebGestor/CRM/CRM_Relacion_con_Procesos.aspx.vb,106,6611,0f9ac42a0252b65da3da30f271d4285ce58aec1f
WebGestor/CRM/CRM_Relacion_Ticket.aspx,page,yes,WebGestor/CRM/CRM_Relacion_Ticket.aspx.vb,1246,113384,37dcc1c3a308c52100f8ca025a92efdfe96fe697
WebGestor/CRM/CRM_Tiempo_Estado_Ticket.aspx,page,yes,WebGestor/CRM/CRM_Tiempo_Estado_Ticket.aspx.vb,1182,98208,450908c56020ccc37fb5d91e20a471c13a295db2
WebGestor/CRM/CrmGuiaHandler.ashx,handler,no,,36,1395,27ecbd091bd64930d9a60448f98d7329003f4dbf
WebGestor/CRM/Documento_TemasAyuda.aspx,page,yes,WebGestor/CRM/Documento_TemasAyuda.aspx.vb,371,20840,b57047ca566e118ad25aa1c02b348f2af0d0159f
WebGestor/Default.aspx,page,yes,WebGestor/Default.aspx.vb,28,2617,cfcb20be4424a0bb1a418fbdf8c1f8b035a56ee7
WebGestor/Default2.aspx,page,yes,WebGestor/Default2.aspx.vb,107,6778,f4c7403c3f4bb8d9586b917dacc91632954b09a0
WebGestor/Default3.aspx,page,yes,WebGestor/Default3.aspx.vb,38,1561,d5efc05e9c6301d4eaf4faf4985c66d47e90cf64
WebGestor/Default4.aspx,page,yes,WebGestor/Default4.aspx.vb,253,10120,94d57c27602a263e051db8440bd30c4ba6379124
WebGestor/Documentacion/Documentacion_Mantenimiento.aspx,page,yes,WebGestor/Documentacion/Documentacion_Mantenimiento.aspx.vb,200,12274,cc5f05c923d040d1ac100b1f5995b660d232ebc5
WebGestor/EjemploAvisos.aspx,page,yes,WebGestor/EjemploAvisos.aspx.vb,134,2888,863ae49c2de769ffdabe6609de6fa6ab8e644fc1
WebGestor/Encuesta/Encuesta_Anonimos_Des.aspx,page,yes,WebGestor/Encuesta/Encuesta_Anonimos_Des.aspx.vb,238,15122,4f381baa9dbb0a80bfc543ac4cda665957b70357
WebGestor/Encuesta/Encuesta_Des.aspx,page,yes,WebGestor/Encuesta/Encuesta_Des.aspx.vb,379,23991,1d72f57b3994ff03c912def0ed1941c7506c364e
WebGestor/Encuesta/Encuestas.aspx,page,yes,WebGestor/Encuesta/Encuestas.aspx.vb,111,6928,21ffb12044d2a3602e99a694807440cb080cd214
WebGestor/Encuesta/Encuestas_Anonimos.aspx,page,yes,WebGestor/Encuesta/Encuestas_Anonimos.aspx.vb,103,6797,3a09c53f03c9640ca9f4c559a471ec7efbddcdcf
WebGestor/Encuesta/Encuestas_Realizadas.aspx,page,yes,WebGestor/Encuesta/Encuestas_Realizadas.aspx.vb,208,13795,eeb5f6852cd14ba51c6324213f1dd54564342d89
WebGestor/Encuesta/VerResultEnc.aspx,page,yes,WebGestor/Encuesta/VerResultEnc.aspx.vb,75,4388,e4c83a3c4e604cac7582c7b707fe2aa0277b7ce6
WebGestor/Encuesta/VerResultEncAno.aspx,page,yes,WebGestor/Encuesta/VerResultEncAno.aspx.vb,75,4370,1436e07ab3a69b14739beba34840b5682bc9bdc1
WebGestor/EvaluacionProcesos/CapturarImagen.aspx,page,yes,WebGestor/EvaluacionProcesos/CapturarImagen.aspx.vb,136,2192,d694eb8995ed4c1e56fa1206ad487bbf9c2a2eb6
WebGestor/EvaluacionProcesos/EvalProcesos.aspx,page,yes,WebGestor/EvaluacionProcesos/EvalProcesos.aspx.vb,408,29498,2a39ae693ab783be32a11d9b36c4913538f61942
WebGestor/EvaluacionProcesos/EvalProcesos_Analisis.aspx,page,yes,WebGestor/EvaluacionProcesos/EvalProcesos_Analisis.aspx.vb,151,11734,6528bef0143f3a71ccb3afc923234c22d2727fb0
WebGestor/EvaluacionProcesos/EvalProcesos_AnalisisL.aspx,page,yes,WebGestor/EvaluacionProcesos/EvalProcesos_AnalisisL.aspx.vb,471,51081,5a558088f71385bc5d03265c68b09a8ebd1d034c
WebGestor/EvaluacionProcesos/EvalProcesos_Dashboard.aspx,page,yes,WebGestor/EvaluacionProcesos/EvalProcesos_Dashboard.aspx.vb,50,2505,f8fe65dafc7f713a2bf0b3a5077f7adfcb27a1ee
WebGestor/EvaluacionProcesos/EvalProcesos_Define_Oficinas.aspx,page,yes,WebGestor/EvaluacionProcesos/EvalProcesos_Define_Oficinas.aspx.vb,232,14064,ecd15d82580eb67f698eb79496e8ab6981cc9c0b
WebGestor/EvaluacionProcesos/EvalProcesos_Distancia_Entre2Direcciones.aspx,page,yes,WebGestor/EvaluacionProcesos/EvalProcesos_Distancia_Entre2Direcciones.aspx.vb,130,7125,3ef220fe7a14121868b402b867f31d6e0e182a94
WebGestor/EvaluacionProcesos/EvalProcesos_Generar.aspx,page,yes,WebGestor/EvaluacionProcesos/EvalProcesos_Generar.aspx.vb,184,13439,7cd60c2f3d132de913fc53f90a431f02568d07e9
WebGestor/EvaluacionProcesos/EvalProcesos_Grafica.aspx,page,yes,WebGestor/EvaluacionProcesos/EvalProcesos_Grafica.aspx.vb,205,12140,2bafbe8a040f72700b74ce0ad87eefa61b83fe6d
WebGestor/EvaluacionProcesos/EvalProcesos_LisaRptaJalados.aspx,page,yes,WebGestor/EvaluacionProcesos/EvalProcesos_LisaRptaJalados.aspx.vb,158,10088,c46f1bf8b98b3c41d74e7289b02c70ed87a73bc2
WebGestor/EvaluacionProcesos/EvalProcesos_Prevencion_Ingreso.aspx,page,yes,WebGestor/EvaluacionProcesos/EvalProcesos_Prevencion_Ingreso.aspx.vb,296,16665,d7f236b8626a3c1ec2767a53dd2a2075a74d537b
WebGestor/EvaluacionProcesos/EvalProcesos_Reclamo.aspx,page,yes,WebGestor/EvaluacionProcesos/EvalProcesos_Reclamo.aspx.vb,200,14682,df1d0ffe69a998d8037cc5e8f9371aee6d0ac1c7
WebGestor/EvaluacionProcesos/EvalProcesos_ReclamoLista.aspx,page,yes,WebGestor/EvaluacionProcesos/EvalProcesos_ReclamoLista.aspx.vb,195,13278,353ae0e43a88547d9c0a85664bf7f8c93ae4ad6c
WebGestor/EvaluacionProcesos/EvalProcesos_Relacionar.aspx,page,yes,WebGestor/EvaluacionProcesos/EvalProcesos_Relacionar.aspx.vb,209,14487,721a4d99e3aa6c6b46576a5a9a66517b4188163f
WebGestor/EvaluacionProcesos/GoogleMaps_Prueba.aspx,page,yes,WebGestor/EvaluacionProcesos/GoogleMaps_Prueba.aspx.vb,234,10531,11ca30fcbb0152a2f5caccfda77d1af7720d49f5
WebGestor/EvaluacionProcesos/GoogleMapsWeb.aspx,page,yes,WebGestor/EvaluacionProcesos/GoogleMapsWeb.aspx.vb,100,5897,95cfcea4b2f5cf0b0b13a60deb6f3802189a33a3
WebGestor/EvaluacionProcesos/VB.aspx,page,yes,WebGestor/EvaluacionProcesos/VB.aspx.vb,32,1214,00e1e5de05103a0d2687de7bc8404e25606341fb
WebGestor/Eventos/Eventos.aspx,page,yes,WebGestor/Eventos/Eventos.aspx.vb,384,30341,5ea261765cc0169f5574332566a4f2693a0e5acb
WebGestor/Eventos/Eventos_xParticipantes.aspx,page,yes,WebGestor/Eventos/Eventos_xParticipantes.aspx.vb,383,22752,51b5e281194bc50d2e3505151edd4e5bf5292c42
WebGestor/Eventos/Permisos.aspx,page,yes,WebGestor/Eventos/Permisos.aspx.vb,134,8807,adce22ac82ec0017b3abe1a3903286e8db9e8102
WebGestor/Finanzas/Finanzas_Registro.aspx,page,yes,WebGestor/Finanzas/Finanzas_Registro.aspx.vb,352,17673,74f30be934523c8fa5ebf806b4a850fdfb524130
WebGestor/Finanzas/Finanzas_Registro_IngresoEgreso.aspx,page,yes,WebGestor/Finanzas/Finanzas_Registro_IngresoEgreso.aspx.vb,129,6902,bf8191c63f883d8b85b3bb59a9aecf698126558f
WebGestor/Gestion_Personal/Agencia_Empleador_Relacion.aspx,page,yes,WebGestor/Gestion_Personal/Agencia_Empleador_Relacion.aspx.vb,395,26980,7ed7d1016e0a9cd520ffc8911fc8009d2cbac9ea
WebGestor/GTP/GTP_Calcular_Distancia_2Puntos.aspx,page,yes,WebGestor/GTP/GTP_Calcular_Distancia_2Puntos.aspx.vb,5,300,bd7c642e699beae1c37d2ec70827b1e50513bee5
WebGestor/GTP/GTP_Registrar_Cliente.aspx,page,yes,WebGestor/GTP/GTP_Registrar_Cliente.aspx.vb,69,3642,6f12d45ec91c6b31c3463901cdfaec535442d153
WebGestor/GTP/GTP_Relacion_Ticket.aspx,page,yes,WebGestor/GTP/GTP_Relacion_Ticket.aspx.vb,415,32209,747d09c722db3e16ea34abcd059f26bc8fffb7bc
WebGestor/GTP/GTP_Relacion_TiemposxEstados.aspx,page,yes,WebGestor/GTP/GTP_Relacion_TiemposxEstados.aspx.vb,432,39357,121852aed9845074de7e60d7fb5c60d1b0729029
WebGestor/HomeMenu.aspx,page,yes,WebGestor/HomeMenu.aspx.vb,9,344,3fd9da4ec69f8016a435450db2caaf9f55e3ab89
WebGestor/Inventario/CalcularDistancia.aspx,page,yes,WebGestor/Inventario/CalcularDistancia.aspx.vb,25,1272,523bbd83608fc6925ac1b32390c6a2adb1ebc128
WebGestor/Inventario/Capturar_Almacenar_Foto.aspx,page,yes,WebGestor/Inventario/Capturar_Almacenar_Foto.aspx.vb,111,4888,0e0c39ab5f98f2eb7e9d317c21d66ae1afac61bb
WebGestor/Inventario/Catalogo_Articulo.aspx,page,yes,WebGestor/Inventario/Catalogo_Articulo.aspx.vb,569,38921,3cf27e4f9fec62e22f1a9700b77c8216c6031579
WebGestor/Inventario/Catalogo_PlacaIni_Prop.aspx,page,yes,WebGestor/Inventario/Catalogo_PlacaIni_Prop.aspx.vb,71,2503,5864c59de456700065b796783fb89bfc500a4e27
WebGestor/Inventario/Foto_.ashx,handler,no,,45,1656,51f79068c461915f01805cde5dba7566ce82cffe
WebGestor/Inventario/fotoUpload.ashx,handler,no,,32,969,57f668de7c8fa8349e98e5560e591c30d1eb2360
WebGestor/Inventario/Garantia_ConsultaEquipo.aspx,page,yes,WebGestor/Inventario/Garantia_ConsultaEquipo.aspx.vb,233,17413,81c6f443bd07941e695442141d6cc35564ce4c01
WebGestor/Inventario/GuiaHandler.ashx,handler,no,,39,1441,fbb07bb42bd069ca190204ff75fa3c9cb6ba7d8d
WebGestor/Inventario/ImagenGasto.ashx,handler,no,,39,1432,ce6beb34a5b2c1a8353434ea68bf5bd9b7997c9b
WebGestor/Inventario/ImagenHandler.ashx,handler,no,,40,1433,585f94da341c9f87686de964a30b545e479bac0b
WebGestor/Inventario/Inv_Definiciones_Tablas.aspx,page,yes,WebGestor/Inventario/Inv_Definiciones_Tablas.aspx.vb,936,70752,693dea2ea1ccd9d332abb5db0dee9b24eb779319
WebGestor/Inventario/Inventario.aspx,page,yes,WebGestor/Inventario/Inventario.aspx.vb,374,26907,34fcd7fbdfed0532774feb5360b734d8cc4511e0
WebGestor/Inventario/Inventario_.aspx,page,yes,WebGestor/Inventario/Inventario_.aspx.vb,454,37698,e809bd20e9a6e79714750e779f5dc533b669d16e
WebGestor/Inventario/Inventario_Almacen_Salida.aspx,page,yes,WebGestor/Inventario/Inventario_Almacen_Salida.aspx.vb,676,51730,5f0947ebda27457ec5be18a020f11b88f1f3d14a
WebGestor/Inventario/Inventario_Articulo_Foto.aspx,page,yes,WebGestor/Inventario/Inventario_Articulo_Foto.aspx.vb,579,41434,da0897b1271b50411ef13c17ccd4e0c886af70e7
WebGestor/Inventario/Inventario_Articulo_Imagen.aspx,page,yes,WebGestor/Inventario/Inventario_Articulo_Imagen.aspx.vb,77,5266,e811bd96c09344abe06120193dbe23cb88a431cb
WebGestor/Inventario/Inventario_BienesNuevos_NoConsiderar.aspx,page,yes,WebGestor/Inventario/Inventario_BienesNuevos_NoConsiderar.aspx.vb,349,25261,56c8287b0568660c11d118be5df5badd62690027
WebGestor/Inventario/Inventario_Carga_Atms.aspx,page,yes,WebGestor/Inventario/Inventario_Carga_Atms.aspx.vb,59,3421,2fd6199db284967033684ac5e925f5995403fcb6
WebGestor/Inventario/Inventario_Carga_DatosIniciales.aspx,page,yes,WebGestor/Inventario/Inventario_Carga_DatosIniciales.aspx.vb,37,1680,ff35a252ab404b05183626a191dbe7d47d05829a
WebGestor/Inventario/Inventario_Carga_Individual.aspx,page,yes,WebGestor/Inventario/Inventario_Carga_Individual.aspx.vb,534,41401,c68e7b4643700c2dd5819cee575b3d52910b1348
WebGestor/Inventario/Inventario_Carga_Informacion.aspx,page,yes,WebGestor/Inventario/Inventario_Carga_Informacion.aspx.vb,124,7921,be25fe409b4decb01701a92e0cfd6ceb195ea9ad
WebGestor/Inventario/Inventario_Carga_MovGps.aspx,page,yes,WebGestor/Inventario/Inventario_Carga_MovGps.aspx.vb,239,16028,bfa1cd20ff2764b70b5b093d123cff2fde520bcb
WebGestor/Inventario/Inventario_CargaFoto_xBiene.aspx,page,yes,WebGestor/Inventario/Inventario_CargaFoto_xBiene.aspx.vb,518,35967,cd69c66c50c824371ffb8248ffd6bfb9b873a7a3
WebGestor/Inventario/Inventario_Cargar_Valor_Libro.aspx,page,yes,WebGestor/Inventario/Inventario_Cargar_Valor_Libro.aspx.vb,64,4103,e1e52f66e20390bb67a66fc4fd0d6e5f92a24a03
WebGestor/Inventario/Inventario_CatalogoArticulo.aspx,page,yes,WebGestor/Inventario/Inventario_CatalogoArticulo.aspx.vb,103,6662,0f0cbb16556b182709e97726bd43402b1e5e552b
WebGestor/Inventario/Inventario_CCosto_Salida.aspx,page,yes,WebGestor/Inventario/Inventario_CCosto_Salida.aspx.vb,804,57108,4ff993ca7ad91102ae8c9ef263bfee4513adda15
WebGestor/Inventario/Inventario_CCosto_Salida_Generar.aspx,page,yes,WebGestor/Inventario/Inventario_CCosto_Salida_Generar.aspx.vb,661,51099,d8ab7f3c354852b74220e1faf60886e574340b38
WebGestor/Inventario/Inventario_Clasificacion.aspx,page,yes,WebGestor/Inventario/Inventario_Clasificacion.aspx.vb,168,11918,ad6bec3a5c83f2f567457ce880772d9b61fa17bf
WebGestor/Inventario/Inventario_Conciliacion_Masiva.aspx,page,yes,WebGestor/Inventario/Inventario_Conciliacion_Masiva.aspx.vb,209,15318,6bbf2473ddd18c7c30a0b8706eaee734617099bd
WebGestor/Inventario/Inventario_Conciliados_OtrosBienes.aspx,page,yes,WebGestor/Inventario/Inventario_Conciliados_OtrosBienes.aspx.vb,178,12487,72393a201a9ddf10ee77ef32bb19d810628a8f57
WebGestor/Inventario/Inventario_Datos_del_Bien.aspx,page,yes,WebGestor/Inventario/Inventario_Datos_del_Bien.aspx.vb,555,47219,3e7363465a8baf0e64cdf23f1f56142d5841152c
WebGestor/Inventario/Inventario_Define_CentroCostos.aspx,page,yes,WebGestor/Inventario/Inventario_Define_CentroCostos.aspx.vb,398,31571,78e239ee873584afdf36b59405cd04a32ff076c6
WebGestor/Inventario/Inventario_Definicion.aspx,page,yes,WebGestor/Inventario/Inventario_Definicion.aspx.vb,116,7108,43d5fd601c2b6c3ff6d316d47b3e3f1ad61b1a07
WebGestor/Inventario/Inventario_Definiciones_Tablas.aspx,page,yes,WebGestor/Inventario/Inventario_Definiciones_Tablas.aspx.vb,159,10848,8da32e61603c27e266cb1699b3390fe5bbf36798
WebGestor/Inventario/Inventario_Definir_Zonas.aspx,page,yes,WebGestor/Inventario/Inventario_Definir_Zonas.aspx.vb,298,22897,31a2bb7695e57323bbe7b2ad3879122228307236
WebGestor/Inventario/Inventario_Descargas.aspx,page,yes,WebGestor/Inventario/Inventario_Descargas.aspx.vb,5,289,ebc4f82950446de907f5575daedf22209320dfad
WebGestor/Inventario/Inventario_Emergente.aspx,page,yes,WebGestor/Inventario/Inventario_Emergente.aspx.vb,261,21033,b7de8651ded0344756a1c1cbd530de1e78311302
WebGestor/Inventario/Inventario_EquiposConciliados.aspx,page,yes,WebGestor/Inventario/Inventario_EquiposConciliados.aspx.vb,1100,108033,4a57be7c64d0ac44b57b89268ff185c4b8560631
WebGestor/Inventario/Inventario_EquiposxAlmacen.aspx,page,yes,WebGestor/Inventario/Inventario_EquiposxAlmacen.aspx.vb,390,28690,f97bc0a54214197cc55e1495468075d2b0515dcf
WebGestor/Inventario/Inventario_Estadistica.aspx,page,yes,WebGestor/Inventario/Inventario_Estadistica.aspx.vb,84,5807,f973e6036d21c7633342cc5fcfc3ef44330090a9
WebGestor/Inventario/Inventario_ExportarExcel.aspx,page,yes,WebGestor/Inventario/Inventario_ExportarExcel.aspx.vb,5,297,c1629a2fbb55be005cd40c5024e7ef6c453bf992
WebGestor/Inventario/Inventario_Flujo_Atencion_Diaria.aspx,page,yes,WebGestor/Inventario/Inventario_Flujo_Atencion_Diaria.aspx.vb,177,11749,daecca2d872486f682c33d7b316f340f221ecfd8
WebGestor/Inventario/Inventario_Galeria_Fotos_xBien.aspx,page,yes,WebGestor/Inventario/Inventario_Galeria_Fotos_xBien.aspx.vb,33,1568,b13fcb92125d0c79c9e6af20399f8ce0d72c3804
WebGestor/Inventario/Inventario_Garantia_Equipos.aspx,page,yes,WebGestor/Inventario/Inventario_Garantia_Equipos.aspx.vb,169,19602,eec4ee3ed344f6141ebf97257a1040649edfd4ac
WebGestor/Inventario/Inventario_Gastos.aspx,page,yes,WebGestor/Inventario/Inventario_Gastos.aspx.vb,568,37952,2463fdf5ed4892a9c4c6d2e79614e393bbb60a96
WebGestor/Inventario/Inventario_GenerarGuia.aspx,page,yes,WebGestor/Inventario/Inventario_GenerarGuia.aspx.vb,682,50097,52dc27160e258aef57b97aa4f1890b46ee17fd6b
WebGestor/Inventario/Inventario_GenerarGuia_SinSalida.aspx,page,yes,WebGestor/Inventario/Inventario_GenerarGuia_SinSalida.aspx.vb,852,64139,3ba88d2a50981ecc96a6436dce601f38442e9cac
WebGestor/Inventario/Inventario_GenerarLista.aspx,page,yes,WebGestor/Inventario/Inventario_GenerarLista.aspx.vb,614,44177,8b1c67c49c103f1c15900ec1643543756a365970
WebGestor/Inventario/Inventario_Geolocalizacion_xBien.aspx,page,yes,WebGestor/Inventario/Inventario_Geolocalizacion_xBien.aspx.vb,41,1764,1b4342e30e9b2920a0ae79564221d21ed6e9c0d3
WebGestor/Inventario/Inventario_GPS.aspx,page,yes,WebGestor/Inventario/Inventario_GPS.aspx.vb,253,16313,96c87aae73674c58c9e1b38061cf19108136d55a
WebGestor/Inventario/Inventario_Guia_Transportista.aspx,page,yes,WebGestor/Inventario/Inventario_Guia_Transportista.aspx.vb,418,32708,c444bf5b729b5807a070196220bf923e0be0d3c1
WebGestor/Inventario/Inventario_GuiaRemision_Masiva.aspx,page,yes,WebGestor/Inventario/Inventario_GuiaRemision_Masiva.aspx.vb,737,54799,63dc175c1ef19db4f4d89cfe6fc0c578cb08e516
WebGestor/Inventario/Inventario_GuiaRemision_Transporte.aspx,page,yes,WebGestor/Inventario/Inventario_GuiaRemision_Transporte.aspx.vb,308,21391,6acd9e22362fdf9b4e5f97e50c45605ccb8f5686
WebGestor/Inventario/Inventario_Imprimir_Placas.aspx,page,yes,WebGestor/Inventario/Inventario_Imprimir_Placas.aspx.vb,59,2927,123c27344977347c0b4a2b53ea01d79a015b7897
WebGestor/Inventario/Inventario_Informacion_Bienes.aspx,page,yes,WebGestor/Inventario/Inventario_Informacion_Bienes.aspx.vb,199,16049,ab774aa7861b0cbfefddf5097f3388ada0601145
WebGestor/Inventario/Inventario_Ingreso_Bienes_Desuso.aspx,page,yes,WebGestor/Inventario/Inventario_Ingreso_Bienes_Desuso.aspx.vb,792,61907,b42253f64bc9d28872f50b83021e6a9ff9ea1ef6
WebGestor/Inventario/Inventario_Ingreso_Equipos.aspx,page,yes,WebGestor/Inventario/Inventario_Ingreso_Equipos.aspx.vb,579,43248,6ae9c8b6dbd733bedfb8700323d38ccbc22a4b59
WebGestor/Inventario/Inventario_Ingreso_Equipos_Registrar.aspx,page,yes,WebGestor/Inventario/Inventario_Ingreso_Equipos_Registrar.aspx.vb,695,57618,6b040b4dd18a3aad93925f859a7d9c14abf07cd7
WebGestor/Inventario/Inventario_Ingreso_Placas.aspx,page,yes,WebGestor/Inventario/Inventario_Ingreso_Placas.aspx.vb,137,9544,f97fcd6c183e5aeb6b96e53162b292289e33d837
WebGestor/Inventario/Inventario_Ingreso_Series.aspx,page,yes,WebGestor/Inventario/Inventario_Ingreso_Series.aspx.vb,293,27707,e8a15846ac3e2580db5300e4a9ee92849e488158
WebGestor/Inventario/Inventario_Interface_GPS.aspx,page,yes,WebGestor/Inventario/Inventario_Interface_GPS.aspx.vb,380,25682,5fe738f2e4f73c542ac7c49972a8c0cd0c1924ef
WebGestor/Inventario/Inventario_Kardex.aspx,page,yes,WebGestor/Inventario/Inventario_Kardex.aspx.vb,520,45599,34f076a465b072154287340046738ff3a7764d9d
WebGestor/Inventario/Inventario_Lista_BienesInventariado.aspx,page,yes,WebGestor/Inventario/Inventario_Lista_BienesInventariado.aspx.vb,323,23644,c2f0e783ba9636015d0dd98eac83ae5af0dee786
WebGestor/Inventario/Inventario_Lista_EquiposATratar.aspx,page,yes,WebGestor/Inventario/Inventario_Lista_EquiposATratar.aspx.vb,214,15617,f62e0c87f1fabddbf55ca35662fd57157bf92f8b
WebGestor/Inventario/Inventario_Lista_Oficina_SinUbicaciones.aspx,page,yes,WebGestor/Inventario/Inventario_Lista_Oficina_SinUbicaciones.aspx.vb,54,2734,dde581b0a0687971d8ea9f3776ea75db6158166c
WebGestor/Inventario/Inventario_ListaTablaMovimientos_ParaGps.aspx,page,yes,WebGestor/Inventario/Inventario_ListaTablaMovimientos_ParaGps.aspx.vb,56,3412,f1798083f72e8cd9954aa84231ad8a5c4ffc0779
WebGestor/Inventario/Inventario_Monitoreo.aspx,page,yes,WebGestor/Inventario/Inventario_Monitoreo.aspx.vb,512,34147,7d4a69161109a94c12b1ab0953e80302e5f3ba47
WebGestor/Inventario/Inventario_Movimiento_Equipos.aspx,page,yes,WebGestor/Inventario/Inventario_Movimiento_Equipos.aspx.vb,533,39739,e8595f004d0dfa0164216c56012f85cb61e50af3
WebGestor/Inventario/Inventario_Pedido_Listado.aspx,page,yes,WebGestor/Inventario/Inventario_Pedido_Listado.aspx.vb,77,5851,0e328b7bd250f11bf54916a0ec78e9f46bcb01ef
WebGestor/Inventario/Inventario_Pedidos.aspx,page,yes,WebGestor/Inventario/Inventario_Pedidos.aspx.vb,373,27668,c53f13bfb8e5848196c28c0aee8f8c2ca3a5d58d
WebGestor/Inventario/Inventario_PopPud_DatosOficina.aspx,page,yes,WebGestor/Inventario/Inventario_PopPud_DatosOficina.aspx.vb,121,7777,b37fba27657fa8cab71b6e902d4d367ccbbecf01
WebGestor/Inventario/Inventario_Programacion.aspx,page,yes,WebGestor/Inventario/Inventario_Programacion.aspx.vb,38,1583,bee5446ea270e63d0b980771dac8c936f104a2b1
WebGestor/Inventario/Inventario_Recepcion_IngSeries.aspx,page,yes,WebGestor/Inventario/Inventario_Recepcion_IngSeries.aspx.vb,299,27905,6adf8043156af49b84ecbf8e2f9ace92c947c9a1
WebGestor/Inventario/Inventario_Recepcion_Listado.aspx,page,yes,WebGestor/Inventario/Inventario_Recepcion_Listado.aspx.vb,856,59999,d32ffa9ec46ce3232dab2daf6d961fbcf1b06050
WebGestor/Inventario/Inventario_Recepcion_Registrar.aspx,page,yes,WebGestor/Inventario/Inventario_Recepcion_Registrar.aspx.vb,845,70723,a7837b3a27ef197b7f5ea3c75c705b7dc24bf874
WebGestor/Inventario/Inventario_Regularizar_Equipos.aspx,page,yes,WebGestor/Inventario/Inventario_Regularizar_Equipos.aspx.vb,214,15211,213c8883b806c599eccea6e666cc0434d887fae0
WebGestor/Inventario/inventario_Regularizar_UbicacionCarga.aspx,page,yes,WebGestor/Inventario/inventario_Regularizar_UbicacionCarga.aspx.vb,194,12215,ecb632b746a01db358361267966a9ee7212e693d
WebGestor/Inventario/Inventario_Relacion_BienesInv.aspx,page,yes,WebGestor/Inventario/Inventario_Relacion_BienesInv.aspx.vb,296,21581,1b9c663698c7be92443d73d9b971569ee23d34e3
WebGestor/Inventario/Inventario_Relacion_Equipos_Prestados.aspx,page,yes,WebGestor/Inventario/Inventario_Relacion_Equipos_Prestados.aspx.vb,302,24801,db5012c2b63b3adf33a0de60695ea018c0d76470
WebGestor/Inventario/Inventario_Relacion_GuiaInterna.aspx,page,yes,WebGestor/Inventario/Inventario_Relacion_GuiaInterna.aspx.vb,477,31255,2d7664fbcfbe4c530f74704bb53f43f3149a8bb6
WebGestor/Inventario/Inventario_Relacion_GuiaRemision.aspx,page,yes,WebGestor/Inventario/Inventario_Relacion_GuiaRemision.aspx.vb,497,32996,1f6e3ac0a5aeb674f2972d32330cc820a6127f34
WebGestor/Inventario/Inventario_Relacion_Movimientos.aspx,page,yes,WebGestor/Inventario/Inventario_Relacion_Movimientos.aspx.vb,297,20990,8c369510109246b63b5f9ab46ec84ba1ee812ed2
WebGestor/Inventario/Inventario_Relacion_Salidas_Almacent.aspx,page,yes,WebGestor/Inventario/Inventario_Relacion_Salidas_Almacent.aspx.vb,373,28660,5cf27295c9273cff3ebb52ca47df63d841d8dcf1
WebGestor/Inventario/Inventario_Relacion_Salidas_CCosto.aspx,page,yes,WebGestor/Inventario/Inventario_Relacion_Salidas_CCosto.aspx.vb,238,16722,ab42e28899293165f93b78bcdc9305dd5d127f7f
WebGestor/Inventario/Inventario_Resumen.aspx,page,yes,WebGestor/Inventario/Inventario_Resumen.aspx.vb,372,25344,3a4371bbfc0cbccae1191c4900596e598461abf7
WebGestor/Inventario/Inventario_Resumen_Estadistica.aspx,page,yes,WebGestor/Inventario/Inventario_Resumen_Estadistica.aspx.vb,140,10257,73d4cb64ef794a143035ab748c266f23d776f33f
WebGestor/Inventario/Inventario_Resumen_Oficinas.aspx,page,yes,WebGestor/Inventario/Inventario_Resumen_Oficinas.aspx.vb,265,16047,95d5957d946d117f65d8e2b3e1531fc8c5962603
WebGestor/Inventario/Inventario_SalidaIngreso_Alavez.aspx,page,yes,WebGestor/Inventario/Inventario_SalidaIngreso_Alavez.aspx.vb,542,40858,8636e4094a41f320cf15f6233d113066c588129a
WebGestor/Inventario/Inventario_SalidasEnv_xRecibir.aspx,page,yes,WebGestor/Inventario/Inventario_SalidasEnv_xRecibir.aspx.vb,321,27728,cd151c4539ab27c9f6b9945e0d691dbb42836c9b
WebGestor/Inventario/Inventario_Stock_Articulos.aspx,page,yes,WebGestor/Inventario/Inventario_Stock_Articulos.aspx.vb,383,28095,05f3126dc54c56c84a6bd3cbcc27d4d95490e0de
WebGestor/Inventario/Inventario_Ubicacion.aspx,page,yes,WebGestor/Inventario/Inventario_Ubicacion.aspx.vb,790,58198,39923743ddc11076ea655ddc3bb9eaf0559a8094
WebGestor/Inventario/Inventario_Verificacion_Nueva.aspx,page,yes,WebGestor/Inventario/Inventario_Verificacion_Nueva.aspx.vb,1240,93456,5a1ffe6e9b8e136f0e500725b6f7de1403995280
WebGestor/Inventario/Inventario_Verificar.aspx,page,yes,WebGestor/Inventario/Inventario_Verificar.aspx.vb,1666,125785,cb5e4cf206166ae1d7f67d5ac5a4da885fc0cefa
WebGestor/Inventario/Inventario_Verificar_Masivo.aspx,page,yes,WebGestor/Inventario/Inventario_Verificar_Masivo.aspx.vb,364,27306,6c38d027a89041898193939367c5726e74f337aa
WebGestor/Inventario/Inventario_Verificar_SinImagen.aspx,page,yes,WebGestor/Inventario/Inventario_Verificar_SinImagen.aspx.vb,1111,83307,186788a1bc881c874be56f1234df0d19544fadf9
WebGestor/Inventario/Invnetario_Relacion_EquiposConciliados.aspx,page,yes,WebGestor/Inventario/Invnetario_Relacion_EquiposConciliados.aspx.vb,170,12031,4543ea7d4b7c56bb1eaa60ce7682d1643e8108e5
WebGestor/Inventario/InvReport_Recepcion.aspx,page,yes,WebGestor/Inventario/InvReport_Recepcion.aspx.vb,20,2190,9e1f3565e3a5ba61b73c584c520aa09c93a70ad5
WebGestor/Inventario/Manejador.ashx,handler,no,,25,1007,7bd535a06da85ff5279bdff12197ca7700fc9cb1
WebGestor/Inventario/ProductoSku.ashx,handler,no,,70,2972,c64a5be3b76b6572341f16b14706e1dd19d8e7bc
WebGestor/Inventario/RecepcionHandler.ashx,handler,no,,39,1439,3f0b2651a801846af3ce47147f0549690c6a75c8
WebGestor/Inventario/RecepGuiaHandler.ashx,handler,no,,39,1441,ee4744275564b0380697ce6544bff1cf75083927
WebGestor/Inventario/SerieImagen.ashx,handler,no,,40,1437,436aae80d7e149ba30fa0f6dded8ef2e1efe6d59
WebGestor/Inventario/TomarFoto.aspx,page,yes,WebGestor/Inventario/TomarFoto.aspx.vb,165,5293,1908833ab0c6709c8f1da8d6e8526ca30fe39b9f
WebGestor/MapaWeb.aspx,page,yes,WebGestor/MapaWeb.aspx.vb,66,2532,c3b791f556fa36e2067b81edc1bc3c62f8eac766
WebGestor/Menu/_Default.aspx,page,yes,WebGestor/Menu/_Default.aspx.vb,42,10675,68351debe4037621008927908af3f3053f55143f
WebGestor/Menu/Contacto.aspx,page,yes,WebGestor/Menu/Contacto.aspx.vb,214,13450,82cdfc9768a475d91c565071e47a1a0a416c454a
WebGestor/Menu/Detalle.aspx,page,yes,WebGestor/Menu/Detalle.aspx.vb,183,13612,e5c365ae4e5ad9f381802b5c0b8a22fd88f9f5f9
WebGestor/Menu/IngresarElemento.aspx,page,yes,WebGestor/Menu/IngresarElemento.aspx.vb,221,13213,bd96c1204c99037efbbbfad311fb0fd95490aba4
WebGestor/Menu/Subscriptor.aspx,page,yes,WebGestor/Menu/Subscriptor.aspx.vb,164,10091,a5485e96e82a367da0937e67ad393be55a65de80
WebGestor/MenuWeb/MenuWeb_Definicion.aspx,page,yes,WebGestor/MenuWeb/MenuWeb_Definicion.aspx.vb,251,34541,78c5c23c39cc5b95a0436441a6fc2a881a8a1829
WebGestor/MenuWeb/MenuWeb_Elementos.aspx,page,yes,WebGestor/MenuWeb/MenuWeb_Elementos.aspx.vb,219,12746,251e4f585525026860123a271c61cb1cdea8b38f
WebGestor/MenuWeb/MenuWeb_Registra_Auspiciador.aspx,page,yes,WebGestor/MenuWeb/MenuWeb_Registra_Auspiciador.aspx.vb,281,18433,5d600a50554c721e90d4992875ea3a70297a58b2
WebGestor/MenuWeb/MenuWeb_Registra_Elemento.aspx,page,yes,WebGestor/MenuWeb/MenuWeb_Registra_Elemento.aspx.vb,349,27134,fd9dded58994cc07c85833425660ce4dd0874f07
WebGestor/MesaAyuda/AdminProblemas_Creacion.aspx,page,yes,WebGestor/MesaAyuda/AdminProblemas_Creacion.aspx.vb,291,62946,a0b34f33fadb8fa2f71aa52aa0f70d4294537f40
WebGestor/MesaAyuda/AdminProblemas_Creacion2.aspx,page,yes,WebGestor/MesaAyuda/AdminProblemas_Creacion2.aspx.vb,353,26197,19bce5172199997388b09acd2345bf975a8b9a03
WebGestor/MesaAyuda/AdminProblemas_Creacion21.aspx,page,yes,WebGestor/MesaAyuda/AdminProblemas_Creacion21.aspx.vb,352,25336,b8462864a27c52e9e0234934dd74578bb7786514
WebGestor/MesaAyuda/AdminProblemas_Creacion_Edicion.aspx,page,yes,WebGestor/MesaAyuda/AdminProblemas_Creacion_Edicion.aspx.vb,257,65231,d89e7d784980d734fab45cadfd7a470f139cca54
WebGestor/MesaAyuda/AdminProblemas_Define_BaseDatos.aspx,page,yes,WebGestor/MesaAyuda/AdminProblemas_Define_BaseDatos.aspx.vb,282,20862,1737238d7101bd700f832dac5807eea00e51db2b
WebGestor/MesaAyuda/AdminProblemas_Define_Personas.aspx,page,yes,WebGestor/MesaAyuda/AdminProblemas_Define_Personas.aspx.vb,210,19090,4740c51f830180abe9d02facb3e4b1802a7bc9e3
WebGestor/MesaAyuda/AdminProblemas_DefineTablas1.aspx,page,yes,WebGestor/MesaAyuda/AdminProblemas_DefineTablas1.aspx.vb,209,24732,e6919bdd28c95ed23bdd45748af1e31ab91d287a
WebGestor/MesaAyuda/AdminProblemas_DefineTablas2.aspx,page,yes,WebGestor/MesaAyuda/AdminProblemas_DefineTablas2.aspx.vb,188,29379,413030ca277c21217e62e93e4af1b0f3f838a7f9
WebGestor/MesaAyuda/AdminProblemas_DiferenciasTiempo.aspx,page,yes,WebGestor/MesaAyuda/AdminProblemas_DiferenciasTiempo.aspx.vb,94,6746,7589ca3ffcae5b01c14922a1e1c9008494a9e20a
WebGestor/MesaAyuda/AdminProblemas_Lista_Enlace_TemasAyuda.aspx,page,yes,WebGestor/MesaAyuda/AdminProblemas_Lista_Enlace_TemasAyuda.aspx.vb,148,10114,366d3dbd24e7ad3dd2d593fa5ab571187949fbba
WebGestor/MesaAyuda/AdminProblemas_Listado.aspx,page,yes,WebGestor/MesaAyuda/AdminProblemas_Listado.aspx.vb,279,59725,d924a8b256d4f685de20d537a66ca903bb164851
WebGestor/MesaAyuda/AdminProblemas_Registrar.aspx,page,yes,WebGestor/MesaAyuda/AdminProblemas_Registrar.aspx.vb,1188,83777,6dc69610fa32ed5c8f9f1480c37c346dacec0faf
WebGestor/MesaAyuda/AdminProblemas_Registrar_Fecha.aspx,page,yes,WebGestor/MesaAyuda/AdminProblemas_Registrar_Fecha.aspx.vb,1215,85724,e31240ce298b0c2fa85306e724ec3398c912a174
WebGestor/MesaAyuda/AdminProblemas_Registrar_Usuario.aspx,page,yes,WebGestor/MesaAyuda/AdminProblemas_Registrar_Usuario.aspx.vb,738,48439,4ea7b2b3165cf18d03b28333a3ccca232868416b
WebGestor/MesaAyuda/AdminProblemas_Reportar.aspx,page,yes,WebGestor/MesaAyuda/AdminProblemas_Reportar.aspx.vb,413,24006,c18d44d7d2afbd3498570a62eb3819c0c93a85fb
WebGestor/OperadorLogistico/Inventario_Archivo_Telefonica.aspx,page,yes,WebGestor/OperadorLogistico/Inventario_Archivo_Telefonica.aspx.vb,196,10888,e44b59a1431e549310c2cb28a7ec86d8b406121e
WebGestor/OperadorLogistico/Inventario_CargaAgenda.aspx,page,yes,WebGestor/OperadorLogistico/Inventario_CargaAgenda.aspx.vb,78,4307,722b73ccd241719d391a633e644a721c79e19f6a
WebGestor/OperadorLogistico/Inventario_GuiaArchivo.aspx,page,yes,WebGestor/OperadorLogistico/Inventario_GuiaArchivo.aspx.vb,182,10550,c99974d105747cdf03c157521d1ea1421055fc28
WebGestor/OperadorLogistico/Inventario_GuiaRemision.aspx,page,yes,WebGestor/OperadorLogistico/Inventario_GuiaRemision.aspx.vb,440,36316,d4512324463df4398bb6cc201985cf2c7ba9678f
WebGestor/OperadorLogistico/Inventario_GuiaRemision_Admin.aspx,page,yes,WebGestor/OperadorLogistico/Inventario_GuiaRemision_Admin.aspx.vb,452,37756,5c99a30829fe79fba8c9c7aa91a632b2d7410aeb
WebGestor/OperadorLogistico/Inventario_GuiaRemision_CargaArch.aspx,page,yes,WebGestor/OperadorLogistico/Inventario_GuiaRemision_CargaArch.aspx.vb,390,29231,74a4b4ab1173b531b6e34a62233c2d6c560ce703
WebGestor/OperadorLogistico/Inventario_GuiaRemision_CargaArch_Admin.aspx,page,yes,WebGestor/OperadorLogistico/Inventario_GuiaRemision_CargaArch_Admin.aspx.vb,407,30366,dc688fc03259414cb398ea1bcbbf3ca9ca60aa9a
WebGestor/OperadorLogistico/Inventario_GuiaRemision_Update.aspx,page,yes,WebGestor/OperadorLogistico/Inventario_GuiaRemision_Update.aspx.vb,426,35938,e288c350318fa6f0cc805c8b0a172100d826eaf0
WebGestor/OperadorLogistico/Inventario_Personas.aspx,page,yes,WebGestor/OperadorLogistico/Inventario_Personas.aspx.vb,190,17532,d12b008745f159fac648ea742f700a19b8e0526a
WebGestor/OperadorLogistico/Inventario_Personas_xFechaEntrega.aspx,page,yes,WebGestor/OperadorLogistico/Inventario_Personas_xFechaEntrega.aspx.vb,356,22613,628cd5e405edb9ecef87a9db0ca2ed4ed7906a6b
WebGestor/PaginaPrincipal.aspx,page,yes,WebGestor/PaginaPrincipal.aspx.vb,73,4751,7157bf9f3f0ecd264c4c18a2e416175d55ab7509
WebGestor/PersonalAgenda/Agenda_Citas.aspx,page,yes,WebGestor/PersonalAgenda/Agenda_Citas.aspx.vb,575,64692,7fb0253c7c335e505ceba1e1eee176f284592c0d
WebGestor/PersonalAgenda/Agenda_Entrevista.aspx,page,yes,WebGestor/PersonalAgenda/Agenda_Entrevista.aspx.vb,677,78117,358a14428d521d5b1086befe50fec881a1e1e399
WebGestor/PersonalAgenda/Agenda_Tablas.aspx,page,yes,WebGestor/PersonalAgenda/Agenda_Tablas.aspx.vb,254,31821,e918a5abc6f7e59afc893d6330b42793fa9da5ae
WebGestor/refresh_session.ashx,handler,no,,28,903,3aa7a491b00f14754fdd4b71ad95509a4f79c135
WebGestor/Salida.aspx,page,yes,WebGestor/Salida.aspx.vb,16,424,624ba12d39fff6e7e6622af3e4723215fda881a7
WebGestor/Servicio/BaseDatos_Busqueda.aspx,page,yes,WebGestor/Servicio/BaseDatos_Busqueda.aspx.vb,124,13545,6f832d7bfd23ab448d537d87543689741d8cd06d
WebGestor/Servicio/BaseDatos_Definicion.aspx,page,yes,WebGestor/Servicio/BaseDatos_Definicion.aspx.vb,91,16426,3f84176482254d56ceb15420fd10b6b7a45359ae
WebGestor/Servicio/Gestion_Inspeccion_Desplazamiento.aspx,page,yes,WebGestor/Servicio/Gestion_Inspeccion_Desplazamiento.aspx.vb,610,40265,625566577a89b068ed4f3d3176fca4e06a045b1a
WebGestor/Servicio/Inspeccion_Centro_Costos.aspx,page,yes,WebGestor/Servicio/Inspeccion_Centro_Costos.aspx.vb,220,31728,931c9c5f3181a6077baeaf59d0c03f4f6452c28b
WebGestor/Servicio/Inspeccion_Detalle.aspx,page,yes,WebGestor/Servicio/Inspeccion_Detalle.aspx.vb,504,127164,f00000609b788aa35d712a0167b86887c55e2ebc
WebGestor/Servicio/Inspeccion_Documentos_Ayuda.aspx,page,yes,WebGestor/Servicio/Inspeccion_Documentos_Ayuda.aspx.vb,475,33636,6393dbda69d27f5126f806fe7c946c798ea4bc0f
WebGestor/Servicio/Inspeccion_Equipo_Mantenimiento.aspx,page,yes,WebGestor/Servicio/Inspeccion_Equipo_Mantenimiento.aspx.vb,179,27488,d3367bebb1f1bf73775e0a59273839280f63d1a2
WebGestor/Servicio/Inspeccion_Lista_DatosAdicionales.aspx,page,yes,WebGestor/Servicio/Inspeccion_Lista_DatosAdicionales.aspx.vb,804,52746,5511c463a137b5d285bbc4dc64bf7d72880b7a5a
WebGestor/Servicio/Inspeccion_Lista_DatosAdicionales_Usuarios.aspx,page,yes,WebGestor/Servicio/Inspeccion_Lista_DatosAdicionales_Usuarios.aspx.vb,623,41357,8d41e1f107dfe11e61f0e935ee8fb104c4769b32
WebGestor/Servicio/Inspeccion_Lista_Documento.aspx,page,yes,WebGestor/Servicio/Inspeccion_Lista_Documento.aspx.vb,375,23806,bbc306806a2d81b088fbb1a67bec95127c441012
WebGestor/Servicio/Inspeccion_Lista_OfPendiente.aspx,page,yes,WebGestor/Servicio/Inspeccion_Lista_OfPendiente.aspx.vb,260,35020,a7c8ea2bb7f87912764f71146ab7dafcdc5c9bda
WebGestor/Servicio/Inspeccion_ListaDetalleOficina.aspx,page,yes,WebGestor/Servicio/Inspeccion_ListaDetalleOficina.aspx.vb,589,34900,903e8ed7950b95bc371d3b6c9f46c5d9abf436f0
WebGestor/Servicio/Inspeccion_Listado.aspx,page,yes,WebGestor/Servicio/Inspeccion_Listado.aspx.vb,331,20236,e6f92dfc444f0af67f03d72870ad8cd02782e655
WebGestor/Servicio/Inspeccion_RegistrarVisitas.aspx,page,yes,WebGestor/Servicio/Inspeccion_RegistrarVisitas.aspx.vb,592,40559,a4d26af504203d578f38b28fd7e40757f842d790
WebGestor/Servicio/Inspeccion_Reporte_ReqAd.aspx,page,yes,WebGestor/Servicio/Inspeccion_Reporte_ReqAd.aspx.vb,570,36679,927e9023f3b7bd066839fa28984108c7ab92341f
WebGestor/Servicio/Inspeccion_Resumen.aspx,page,yes,WebGestor/Servicio/Inspeccion_Resumen.aspx.vb,330,20254,2422dec67540c352f17eb9c04e37e5b7169fe59c
WebGestor/ServicioIntegral/SIntegral_Registrar_Servicio.aspx,page,yes,WebGestor/ServicioIntegral/SIntegral_Registrar_Servicio.aspx.vb,371,29065,31f2808f2f6387048a97c32ec447d255de7e6949
WebGestor/ServicioIntegral/SIntegral_Servicio.aspx,page,yes,WebGestor/ServicioIntegral/SIntegral_Servicio.aspx.vb,112,17575,b44addba4587a8f2002b05ae501a71a3dec7539c
WebGestor/ServicioIntegral/SIntegral_Servicio_Detalle_.aspx,page,yes,WebGestor/ServicioIntegral/SIntegral_Servicio_Detalle_.aspx.vb,106,7741,4f83687ee7d5ae91d8166fbed702d03d2792a937
WebGestor/ServicioIntegral/SIntegral_Servicio_Proveedor.aspx,page,yes,WebGestor/ServicioIntegral/SIntegral_Servicio_Proveedor.aspx.vb,199,21551,466de0b1b1ac5d8e88f83b129bd720c3ce92052e
WebGestor/Sistema/General_Relacion_Categoria_Usuario.aspx,page,yes,WebGestor/Sistema/General_Relacion_Categoria_Usuario.aspx.vb,252,16643,803ba4973763d51a8c4e931d7aa197a9e6f17760
WebGestor/Sistema/Mantenimiento_TablasEspeciales.aspx,page,yes,WebGestor/Sistema/Mantenimiento_TablasEspeciales.aspx.vb,176,22188,0845713830fdfc1eba9f41e14a144a47c2dfb836
WebGestor/Sistema/Mantenimiento_TablasEspeciales_Activar.aspx,page,yes,WebGestor/Sistema/Mantenimiento_TablasEspeciales_Activar.aspx.vb,188,13444,07be9b5df25709d309546b19fbde63fd6ca7b4e2
WebGestor/Sistema/Personal_Mostrar.aspx,page,yes,WebGestor/Sistema/Personal_Mostrar.aspx.vb,283,17057,3c21bbc6a7f55222a539262f028f70aaa84bbb01
WebGestor/Sistema/SegSistem_Exportar_Datos.aspx,page,yes,WebGestor/Sistema/SegSistem_Exportar_Datos.aspx.vb,5,294,b65e394047c9e31cbc4833e4b88c21601cb1c24c
WebGestor/Sistema/SegSistema_CambioContraseña.aspx,page,yes,WebGestor/Sistema/SegSistema_CambioContraseña.aspx.vb,122,8452,309655016e4c8b4aebcd8d49d6db51931703e330
WebGestor/Sistema/SegSistema_Mant_Modulos.aspx,page,yes,WebGestor/Sistema/SegSistema_Mant_Modulos.aspx.vb,191,13322,786167bdfc25bd3178f7fac9a27708886771764c
WebGestor/Sistema/SegSistema_Mant_Paginas.aspx,page,yes,WebGestor/Sistema/SegSistema_Mant_Paginas.aspx.vb,112,14625,54aa77ef44574df7a66cad8c489f95c976ca8795
WebGestor/Sistema/SegSistema_Mant_Perfiles.aspx,page,yes,WebGestor/Sistema/SegSistema_Mant_Perfiles.aspx.vb,330,34251,114a4b323d41bec3dd2bb199d29a6b62a539a028
WebGestor/Sistema/SegSistema_Mant_Usuarios.aspx,page,yes,WebGestor/Sistema/SegSistema_Mant_Usuarios.aspx.vb,446,40854,cf50e9a9f59e9135d46fc82e287346bc0184bb71
WebGestor/Sistema/SegSistema_MensajeOk.aspx,page,yes,WebGestor/Sistema/SegSistema_MensajeOk.aspx.vb,57,2780,a8d713a18e1000b000a78d38bc13bb0d792e3699
WebGestor/Sistema/SegSistema_MenuPrincipal.aspx,page,yes,WebGestor/Sistema/SegSistema_MenuPrincipal.aspx.vb,4,298,b3b5ade86dc80bf1c9cb83dd626cb96b8921f8d2
WebGestor/Sistema/SegSistema_NuevoUsuario.aspx,page,yes,WebGestor/Sistema/SegSistema_NuevoUsuario.aspx.vb,548,35838,e923fdbcb68e6f37875c6120080f9ec549ad5728
WebGestor/Sistema/SegSistema_OlvidoContraseña.aspx,page,yes,WebGestor/Sistema/SegSistema_OlvidoContraseña.aspx.vb,98,5473,aa80c67322d6c6b16791bc336cf34aa21cfb0949
WebGestor/Sistema/Tablas_Especiales_Mantenimiento.aspx,page,yes,WebGestor/Sistema/Tablas_Especiales_Mantenimiento.aspx.vb,237,18830,ae6bba2884c6bb1553c27c2d0f88fe4e097f0e02
WebGestor/TerminaSesion.aspx,page,yes,WebGestor/TerminaSesion.aspx.vb,49,2548,6eb661a14664067d759a530db54ee941f80bdb23
WebGestor/Ventas/Graficos.aspx,page,yes,WebGestor/Ventas/Graficos.aspx.vb,160,8254,501990d302b8fd0a61cdfb12a794da6a325e89b5
WebGestor/Ventas/Ventas_BusArticulos.aspx,page,yes,WebGestor/Ventas/Ventas_BusArticulos.aspx.vb,104,6694,41a85fb48cd081a424de6c14d97d39ea36994c66
WebGestor/Ventas/Ventas_Cotizar_Proveedor.aspx,page,yes,WebGestor/Ventas/Ventas_Cotizar_Proveedor.aspx.vb,247,12997,d4b5fb26ca4e4f07e2125c2e9add3860644c26f3
WebGestor/Ventas/Ventas_Delivery.aspx,page,yes,WebGestor/Ventas/Ventas_Delivery.aspx.vb,570,39012,70300bc94920685be02dd4284a083c86ea49196f
WebGestor/Ventas/Ventas_Grafica.aspx,page,yes,WebGestor/Ventas/Ventas_Grafica.aspx.vb,52,2517,40610f6822f937686b7533aac3d2ab3258e7150a
WebGestor/Ventas/Ventas_Ingresa_OrdenCompra.aspx,page,yes,WebGestor/Ventas/Ventas_Ingresa_OrdenCompra.aspx.vb,266,13918,1e68faf4aa95dff474348ab566046d8ccb997255
WebGestor/Ventas/Ventas_Punto.aspx,page,yes,WebGestor/Ventas/Ventas_Punto.aspx.vb,329,20749,ca46293d13953bafc3cf246918ff15bc326727ed
WebGestor/Ventas/Ventas_Punto_Cliente.aspx,page,yes,WebGestor/Ventas/Ventas_Punto_Cliente.aspx.vb,138,10153,e0b7ba9696eb038ad4aa0c5d63e5dbb77077703c
WebGestor/Ventas/Ventas_Registro_Oportunidades.aspx,page,yes,WebGestor/Ventas/Ventas_Registro_Oportunidades.aspx.vb,426,31728,64e9bacdc65cef6014bf0687d45b597da608e669
