library,version,path_rel,minified,sha1
Bootstrap,,WebGestor/bootstrap-4.5.2-dist/bootstrap-4.5.2-dist/js/bootstrap.bundle.js,no,53bf5e095c3daa49c64f806278aa96f0acbd8a47
Bootstrap,,WebGestor/bootstrap-4.5.2-dist/bootstrap-4.5.2-dist/js/bootstrap.bundle.min.js,yes,386ea8bd17f21149c4e3a2303665fe6398e4e7d0
Bootstrap,,WebGestor/bootstrap-4.5.2-dist/bootstrap-4.5.2-dist/js/bootstrap.js,no,61544861ba070434a605df349fa27119f1651f2b
Bootstrap,,WebGestor/bootstrap-4.5.2-dist/bootstrap-4.5.2-dist/js/bootstrap.min.js,yes,0cc93b8421d89c24a889642428b363cb831de78a
Bootstrap,,WebGestor/bootstrap/js/bootstrap.js,no,542cfd539f0cad650342c8cab8baf1cdbcd5fea6
Bootstrap,,WebGestor/bootstrap/js/bootstrap.min.js,yes,27947c0c0fa837da9bdfdfc36f649c25f54bd1c0
jQuery,3.5.1.slim.min.js,WebGestor/bootstrap/js/jquery-3.5.1.slim.min.js,yes,cf8d9821552d51bb50ce572e696aba1309065800
npm.js,,WebGestor/bootstrap/js/npm.js,no,e2b7590d6ec1fdac66b01fdf66ae0879f53b1262
popper.min.js,,WebGestor/bootstrap/js/popper.min.js,yes,313789ca0e31b654784dbba8b0f83f364f8683b4
GridView.js,,WebGestor/Css_Gestor/GridView.js,no,b31edbcb274ba8ae9f7f3ee54ef8aa133ebfa386
Map.js,,WebGestor/Css_Gestor/Map.js,no,c2b2d14984be121e3325cc858f4d5cdc4ec0bf04
Scheduler.js,,WebGestor/Css_Gestor/Scheduler.js,no,cfb3b7a874d557f136443b25981dc260b26dd59e
Script.js,,WebGestor/Css_Gestor/Script.js,no,d747ed50d366ff03b11c4fcdcf40e9519feb1d93
SignInRegister.js,,WebGestor/Css_Gestor/SignInRegister.js,no,e33c1e80b07adf6dfa1f38d467df5ba4adbb5299
app.js,,WebGestor/dist/js/app.js,no,a1b97b0bbc67a97caf202c85d40afd74fda02394
app.min.js,,WebGestor/dist/js/app.min.js,yes,21e8f44cbec02aa2e2b2b8d49299ec9265acce6f
demo.js,,WebGestor/dist/js/demo.js,no,42a4a80e5923aa03a01560da98e2b2b8ecdcd9df
dashboard.js,,WebGestor/dist/js/pages/dashboard.js,no,6c82c242f83b54819d94fb6b0e13aea0316d9941
dashboard2.js,,WebGestor/dist/js/pages/dashboard2.js,no,56465a49775051d79509de65f397ad0ab440b634
Bootstrap,,WebGestor/Js/bootstrap.js,no,9b05f022da878c4ab12b19756908d0875b3f0b8f
Bootstrap,,WebGestor/Js/bootstrap.min.js,yes,791aa054a026bddc0de92bad6cf7a1c6e73713d5
Bootstrap,,WebGestor/Js/bootstrapValidator.js,no,7dacae23df82c35bf141fc5a65220dab6a6def7b
Bootstrap,,WebGestor/Js/dataTables.bootstrap.min.js,yes,96b84dcf1939df2247fa5a1573bbfc000bbf8cbd
highcharts-3d.js,,WebGestor/Js/highcharts-3d.js,no,7ef5484da7bf295cb463e07bbdaaf845f01a4e91
highcharts-3d.src.js,,WebGestor/Js/highcharts-3d.src.js,no,52727128d3f589fe2fb0a5af5917757834fd5b6e
highcharts-more.js,,WebGestor/Js/highcharts-more.js,no,01a63f9f17411875a95d99a03d52b75e6cda0659
highcharts-more.src.js,,WebGestor/Js/highcharts-more.src.js,no,9de83d254016e4396f62d1531c6ad296b5c63a95
highcharts.js,,WebGestor/Js/highcharts.js,no,4de657fafd039285926ee51deb7f109bd7286cac
highcharts.src.js,,WebGestor/Js/highcharts.src.js,no,0fde71d282ed4525558e944a6071c9ce54abcfdf
Java.js,,WebGestor/Js/Java.js,no,05c87c41caa6617f42d8744900f58acd4401ef2f
jQuery,,WebGestor/Js/jquery.dataTables.min.js,yes,bcd0bf8b78612c28aa1ec1a40c1239a1a936b1e6
jQuery,,WebGestor/Js/jquery.min.js,yes,8c40b54364ae63eeb1a94031ed7778ebd210fbfa
jQuery,,WebGestor/Js/locationpicker.jquery.js,no,473eed3f4273922bc2671da1dabdcebc6872b08c
main.js,,WebGestor/Js/main.js,no,64e357d92d06796c0eb14d560e1ab5dd1b69dbdb
Popup.js,,WebGestor/Js/Popup.js,no,334be3b2beff6a664170e2ed94af5c51d2687636
PopupArticulos.js,,WebGestor/Js/PopupArticulos.js,no,ae9fe8ecd92cb6e885f1920666eb50fb21a58fca
validacliente.js,,WebGestor/Js/validacliente.js,no,d624f81e2553af90de9eeee4352199ad4bf25de0
menu.js,,WebGestor/menu.js,no,8433c9b4e3afadbfdce27405deb38c51475fa8fb
Bootstrap,,WebGestor/plugins/bootstrap-slider/bootstrap-slider.js,no,b7db4ff7065dd9f4a5ebd10bd85950b2fa3b42a7
Bootstrap,,WebGestor/plugins/bootstrap-wysihtml5/bootstrap3-wysihtml5.all.min.js,yes,9560b52da024a9e7aadcb9d34a24c3d0d37dd739
Bootstrap,,WebGestor/plugins/bootstrap-wysihtml5/bootstrap3-wysihtml5.js,no,0b997b8c0795db4dd1b25ec09a0ee30ea7876a70
Chart.js,,WebGestor/plugins/chartjs/Chart.js,no,6b800e428fb03966dae6f168556fcec3e7bf346a
Chart.min.js,,WebGestor/plugins/chartjs/Chart.min.js,yes,0151db925644f125c1c14615ad6517f6dfc03d9c
jQuery,,WebGestor/plugins/ckeditor/adapters/jquery.js,no,f2168126c362811fe30319191d2d4089c518742c
build-config.js,,WebGestor/plugins/ckeditor/build-config.js,no,39cb7638c45b0b3d40547f3030a9b076ca0a07ab
ckeditor.js,,WebGestor/plugins/ckeditor/ckeditor.js,no,1db1e388cf50f7e6e41e5f461259ef045e285899
config.js,,WebGestor/plugins/ckeditor/config.js,no,74fb0bf553b28a4a85aec2d538c13c640acc7c53
af.js,,WebGestor/plugins/ckeditor/lang/af.js,no,0adeaea18bba2c67cf83ab88b3055e59d6a124d7
ar.js,,WebGestor/plugins/ckeditor/lang/ar.js,no,e07c4a3925595bb1218b811963147c9ca804fb84
bg.js,,WebGestor/plugins/ckeditor/lang/bg.js,no,8f00bcb2a9c362dabf0f903af6bc1564f1f45cb1
bn.js,,WebGestor/plugins/ckeditor/lang/bn.js,no,7db92d4fc9f445cacf457b136334a550d6c10963
bs.js,,WebGestor/plugins/ckeditor/lang/bs.js,no,31bc281d36a3ffbcd0b11da44c0f0655a888cc09
ca.js,,WebGestor/plugins/ckeditor/lang/ca.js,no,81961eccf513909c55a983bca74ccaa4ced50395
cs.js,,WebGestor/plugins/ckeditor/lang/cs.js,no,8a570446e6d8a5edcdb518684b70b865ae950ef7
cy.js,,WebGestor/plugins/ckeditor/lang/cy.js,no,5ac0636c4a8269e4ea0402d79110645256d7a247
da.js,,WebGestor/plugins/ckeditor/lang/da.js,no,61a88ddb684dd1b6815f439a6bab5489fe706100
de.js,,WebGestor/plugins/ckeditor/lang/de.js,no,acd14d230ed4f55116cd9e12cd8a274349e2d62a
el.js,,WebGestor/plugins/ckeditor/lang/el.js,no,481863eec430cbe2b14a652db3559987ae4fb0eb
en-au.js,,WebGestor/plugins/ckeditor/lang/en-au.js,no,68d1a7f093492ffdfe00d820a10ef767ef78acd2
en-ca.js,,WebGestor/plugins/ckeditor/lang/en-ca.js,no,a6cbf96f9f0c44b96ea521649e34612b1d703746
en-gb.js,,WebGestor/plugins/ckeditor/lang/en-gb.js,no,cc71cba59e9aa239821d94b4e586766c36cbc4ef
en.js,,WebGestor/plugins/ckeditor/lang/en.js,no,00d57340a1cf1fb28b1355ebda61d4ede258da81
eo.js,,WebGestor/plugins/ckeditor/lang/eo.js,no,c8b29cd6fc47ae02a4cd2f7595d20f3b08d154d2
es.js,,WebGestor/plugins/ckeditor/lang/es.js,no,40a09f767209ef67f2b063ece4fc34ca660e01c2
et.js,,WebGestor/plugins/ckeditor/lang/et.js,no,64e82fc99ee6ca1717eaecaa169ed9e0f835311c
eu.js,,WebGestor/plugins/ckeditor/lang/eu.js,no,2e78ba2a1b52944f3ca21e264547aee1c519572e
fa.js,,WebGestor/plugins/ckeditor/lang/fa.js,no,f7554733b456d31af30aad3eca60e3b1645dd32c
fi.js,,WebGestor/plugins/ckeditor/lang/fi.js,no,ba51efba83e287af69f532fa6c67c0ef7222e166
fo.js,,WebGestor/plugins/ckeditor/lang/fo.js,no,c2d7453cd1b1c632a1c881e04706e295a4a17957
fr-ca.js,,WebGestor/plugins/ckeditor/lang/fr-ca.js,no,30300b81735fb180d3ada760776626c39106b8ed
fr.js,,WebGestor/plugins/ckeditor/lang/fr.js,no,dc348b8d4d835c64e7189d706f6b42889a249d3e
gl.js,,WebGestor/plugins/ckeditor/lang/gl.js,no,6fb3592b51ada778bf2e93cc932cdd72ee3ca5e6
gu.js,,WebGestor/plugins/ckeditor/lang/gu.js,no,ccabb81f9e651afa4ca155e41a74d375b1fcfb63
he.js,,WebGestor/plugins/ckeditor/lang/he.js,no,cbe51a432d00d55696d12e8b02a4252eb7f8632a
hi.js,,WebGestor/plugins/ckeditor/lang/hi.js,no,74f30450b944ca5ab528c5e61306dafbc764e11f
hr.js,,WebGestor/plugins/ckeditor/lang/hr.js,no,5f4de82c325a6877fd8b5a771b2c83767576438b
hu.js,,WebGestor/plugins/ckeditor/lang/hu.js,no,216b98a51201379b0b98390793579efb9edcf5bb
id.js,,WebGestor/plugins/ckeditor/lang/id.js,no,db4f1d240bbad1e16d2ffe01dd611cd362399ddb
is.js,,WebGestor/plugins/ckeditor/lang/is.js,no,4890e3790751a6e63bcc89c6613ee17c0b668558
it.js,,WebGestor/plugins/ckeditor/lang/it.js,no,09d1bad276bc4e80419d6ffb4524461e2238c4c6
ja.js,,WebGestor/plugins/ckeditor/lang/ja.js,no,a99ec8eccd7f3f05b7ed54bf5bf82ccd1ad39720
ka.js,,WebGestor/plugins/ckeditor/lang/ka.js,no,d51971720f41b87e48c49f9a47380f45f4a93637
km.js,,WebGestor/plugins/ckeditor/lang/km.js,no,28b3066ad82a124117dcf9e5ac500e4d429bd6a3
ko.js,,WebGestor/plugins/ckeditor/lang/ko.js,no,59f4838d70b027331925ac2246ba214e821377c7
ku.js,,WebGestor/plugins/ckeditor/lang/ku.js,no,694327d5d087b7d94bcc8fb4d131bdbb255ae896
lt.js,,WebGestor/plugins/ckeditor/lang/lt.js,no,1a14c7213403f40e5087244efb87e12639829718
lv.js,,WebGestor/plugins/ckeditor/lang/lv.js,no,cda3b7e96c29c35f8cd8e019987c5d023fc5aeb1
mk.js,,WebGestor/plugins/ckeditor/lang/mk.js,no,d4a0a8efc35bed1b674304c04e5df7e3392bde5d
mn.js,,WebGestor/plugins/ckeditor/lang/mn.js,no,392d8cc8a894b7bb2fa2fc5b5e35a1085b577811
ms.js,,WebGestor/plugins/ckeditor/lang/ms.js,no,5aeaccc8ef66b0a918d2a15fced5ecba4a45fa0f
nb.js,,WebGestor/plugins/ckeditor/lang/nb.js,no,f8204721eb993ae89339e3716e3cce3af15a76fc
nl.js,,WebGestor/plugins/ckeditor/lang/nl.js,no,dcf91ca451d533e1c964b0f94ab5931bdd420c6b
no.js,,WebGestor/plugins/ckeditor/lang/no.js,no,6463967fb2e46e6faba26583128547742d0eb794
pl.js,,WebGestor/plugins/ckeditor/lang/pl.js,no,f8212e5133bbf5fd2e86a7548b1078b9b4060984
pt-br.js,,WebGestor/plugins/ckeditor/lang/pt-br.js,no,45ad8a37d8c7ca6131053f1d466e85519cd7b184
pt.js,,WebGestor/plugins/ckeditor/lang/pt.js,no,a1c7f142be4fe24ebefc9dfaf34e857bf49ec126
ro.js,,WebGestor/plugins/ckeditor/lang/ro.js,no,10617e716ce35f772ba84cdf2d83f5d9bfe5437e
ru.js,,WebGestor/plugins/ckeditor/lang/ru.js,no,b3588cd6d95bd3302f91a33f61b99dfcf498a6ee
si.js,,WebGestor/plugins/ckeditor/lang/si.js,no,723da0e0a62a03037683fef1331780061849c9f0
sk.js,,WebGestor/plugins/ckeditor/lang/sk.js,no,c306a8b1c5bfbe45cf0911a1052bb15bca965179
sl.js,,WebGestor/plugins/ckeditor/lang/sl.js,no,904fe37f4cf7b6229f2d24d12c55739cc34724a5
sq.js,,WebGestor/plugins/ckeditor/lang/sq.js,no,f10bfe156677e434c5b326c8c586eeaf94dcaa5e
sr-latn.js,,WebGestor/plugins/ckeditor/lang/sr-latn.js,no,061d1c2254e25ece82243f3199e54f8c77f9e5d3
sr.js,,WebGestor/plugins/ckeditor/lang/sr.js,no,f6146f8edd410b031a3138a9b4544efeda8d52a2
sv.js,,WebGestor/plugins/ckeditor/lang/sv.js,no,041eaa5b0b7357224436408d79b62bde0d7d61ef
th.js,,WebGestor/plugins/ckeditor/lang/th.js,no,8a3e869a574f4c60e60a57455e21c22bb6f11b50
tr.js,,WebGestor/plugins/ckeditor/lang/tr.js,no,1d01c12b7927c5313a872e36b1392b862a729dc9
ug.js,,WebGestor/plugins/ckeditor/lang/ug.js,no,697869de6cbddcf438a3031b4181632151759225
uk.js,,WebGestor/plugins/ckeditor/lang/uk.js,no,9e6ae7c34b37c1f07acfac5ecfc288322c450b49
vi.js,,WebGestor/plugins/ckeditor/lang/vi.js,no,4961ee02477f236b5eb3c110f6ded6a1cfdb22f3
zh-cn.js,,WebGestor/plugins/ckeditor/lang/zh-cn.js,no,f1a74b2e7811b2f03a070e6285b94e7e2d51f53c
zh.js,,WebGestor/plugins/ckeditor/lang/zh.js,no,4d4ed4c45fc19fb45b105fb8ca7628034ec2befb
a11yhelp.js,,WebGestor/plugins/ckeditor/plugins/a11yhelp/dialogs/a11yhelp.js,no,8ea4537c2dbd05900dc5a0e77e30dd521e73225b
ar.js,,WebGestor/plugins/ckeditor/plugins/a11yhelp/dialogs/lang/ar.js,no,526c2c7b37f36c6a531db4acca723d89ee2d5331
bg.js,,WebGestor/plugins/ckeditor/plugins/a11yhelp/dialogs/lang/bg.js,no,5763b91dd1a675b6fd48af3f9a0f0ddc4dd95b25
ca.js,,WebGestor/plugins/ckeditor/plugins/a11yhelp/dialogs/lang/ca.js,no,e6d26aa7e309e9ee5f103a1ed501a1ef7e3a11fa
cs.js,,WebGestor/plugins/ckeditor/plugins/a11yhelp/dialogs/lang/cs.js,no,c5f6bc645c19ee5343468b8db5c4d034467e4e52
cy.js,,WebGestor/plugins/ckeditor/plugins/a11yhelp/dialogs/lang/cy.js,no,f7b9cc99231c39b94562e3c82028ffab375ef9b6
da.js,,WebGestor/plugins/ckeditor/plugins/a11yhelp/dialogs/lang/da.js,no,27a3b853922eb18cda90e241214042c8c7237e92
de.js,,WebGestor/plugins/ckeditor/plugins/a11yhelp/dialogs/lang/de.js,no,585e70372dcd9429e525add8504a7584bd42de06
el.js,,WebGestor/plugins/ckeditor/plugins/a11yhelp/dialogs/lang/el.js,no,26b5a115ce9666e399b5c9d56a0469bbd632d6bc
en.js,,WebGestor/plugins/ckeditor/plugins/a11yhelp/dialogs/lang/en.js,no,4f32fbc8488993a5922d42b5708bc8bd2c85d4ed
eo.js,,WebGestor/plugins/ckeditor/plugins/a11yhelp/dialogs/lang/eo.js,no,3e199136e21063b6fb6a611640d28b0ba22877b1
es.js,,WebGestor/plugins/ckeditor/plugins/a11yhelp/dialogs/lang/es.js,no,26a942345d3cce1cf295effb21b360dca5b547cc
et.js,,WebGestor/plugins/ckeditor/plugins/a11yhelp/dialogs/lang/et.js,no,ddbac7d88615e928c6c86f2b58f607f4356d8fed
fa.js,,WebGestor/plugins/ckeditor/plugins/a11yhelp/dialogs/lang/fa.js,no,aad4458b783b2e4fa4c5dec7d234d845c77fd9f6
fi.js,,WebGestor/plugins/ckeditor/plugins/a11yhelp/dialogs/lang/fi.js,no,cc7850703411472f1f25b124befe5a1fee755357
fr-ca.js,,WebGestor/plugins/ckeditor/plugins/a11yhelp/dialogs/lang/fr-ca.js,no,7f7602a957fef004570f62583dc0129f4d180590
fr.js,,WebGestor/plugins/ckeditor/plugins/a11yhelp/dialogs/lang/fr.js,no,1ff01d3aae9be91ae853bb43d6b45440ce832c56
gl.js,,WebGestor/plugins/ckeditor/plugins/a11yhelp/dialogs/lang/gl.js,no,ca1e72de16be74d8eff936517a85074a54d8a53e
gu.js,,WebGestor/plugins/ckeditor/plugins/a11yhelp/dialogs/lang/gu.js,no,eedfdcb97d89b1e43bd839795cdf73b1cd1f38b2
he.js,,WebGestor/plugins/ckeditor/plugins/a11yhelp/dialogs/lang/he.js,no,a2fcde38c6a361185b8ae5a03cee0fad360ca074
hi.js,,WebGestor/plugins/ckeditor/plugins/a11yhelp/dialogs/lang/hi.js,no,60c71722bd9197fa3dcdee99244c8fb1c589525b
hr.js,,WebGestor/plugins/ckeditor/plugins/a11yhelp/dialogs/lang/hr.js,no,8a45b74512512e57cda35759af450f0a8b16f6f6
hu.js,,WebGestor/plugins/ckeditor/plugins/a11yhelp/dialogs/lang/hu.js,no,b113c5c40df6d883136f4286ea5084aaf5b09fd2
id.js,,WebGestor/plugins/ckeditor/plugins/a11yhelp/dialogs/lang/id.js,no,7f62eac3b0079f10505d3fcb91fb969ccddbd5ad
it.js,,WebGestor/plugins/ckeditor/plugins/a11yhelp/dialogs/lang/it.js,no,6f7285afe73410d42f866fbf25224d2513e24355
ja.js,,WebGestor/plugins/ckeditor/plugins/a11yhelp/dialogs/lang/ja.js,no,8fb5de8992369ecc1846a720eafd924510f00a46
km.js,,WebGestor/plugins/ckeditor/plugins/a11yhelp/dialogs/lang/km.js,no,a2e5ddb2fb1a5df80498d2fdf289c8ac4abc658a
ko.js,,WebGestor/plugins/ckeditor/plugins/a11yhelp/dialogs/lang/ko.js,no,56d64170c2e516fc31727f388d40ed71ee05b0b1
ku.js,,WebGestor/plugins/ckeditor/plugins/a11yhelp/dialogs/lang/ku.js,no,61e24e178b751d6dba4d715a8a6b6f227f2af082
lt.js,,WebGestor/plugins/ckeditor/plugins/a11yhelp/dialogs/lang/lt.js,no,3bbad021683c0f5355445909d1f9105a7a371c68
lv.js,,WebGestor/plugins/ckeditor/plugins/a11yhelp/dialogs/lang/lv.js,no,0d90939f0c2cca0d96d75ecf5a830a407b01e8cc
mk.js,,WebGestor/plugins/ckeditor/plugins/a11yhelp/dialogs/lang/mk.js,no,6132924ad7e8652ad4dffdb32a12904115a53f14
mn.js,,WebGestor/plugins/ckeditor/plugins/a11yhelp/dialogs/lang/mn.js,no,d77080a76f654eeeea18b1aae248adb84952113d
nb.js,,WebGestor/plugins/ckeditor/plugins/a11yhelp/dialogs/lang/nb.js,no,1a2292adaf133efc5059d8501a8d94fbf77bd03c
nl.js,,WebGestor/plugins/ckeditor/plugins/a11yhelp/dialogs/lang/nl.js,no,0b4bb9842ecfc76a3f0a7acf39cd33675dbfe6e1
no.js,,WebGestor/plugins/ckeditor/plugins/a11yhelp/dialogs/lang/no.js,no,e4fafab256a4bd01312ca55446a0a13d87be01b1
pl.js,,WebGestor/plugins/ckeditor/plugins/a11yhelp/dialogs/lang/pl.js,no,66fc494255ac152be802ea5ff73b46afd7ab9cb0
pt-br.js,,WebGestor/plugins/ckeditor/plugins/a11yhelp/dialogs/lang/pt-br.js,no,b62d594121b7dc8e5811c25862d20d3bb6f735a7
pt.js,,WebGestor/plugins/ckeditor/plugins/a11yhelp/dialogs/lang/pt.js,no,32adabf19a622139a43f69bed4a9f6a9e159a3a2
ro.js,,WebGestor/plugins/ckeditor/plugins/a11yhelp/dialogs/lang/ro.js,no,6eda2f12254c7b28331c996eaedb963e69d8383e
ru.js,,WebGestor/plugins/ckeditor/plugins/a11yhelp/dialogs/lang/ru.js,no,ae8d7f079521b6f0437149d6d2d3b86834b9ef53
si.js,,WebGestor/plugins/ckeditor/plugins/a11yhelp/dialogs/lang/si.js,no,3bd6141c10a2a41a64619a9bae481f11fc871f4e
sk.js,,WebGestor/plugins/ckeditor/plugins/a11yhelp/dialogs/lang/sk.js,no,55fa414a32d30cd4358c26bdbf2b5f1696bc2d8f
sl.js,,WebGestor/plugins/ckeditor/plugins/a11yhelp/dialogs/lang/sl.js,no,02f76f0cf431808993450e4267fcce5c663dcae5
sq.js,,WebGestor/plugins/ckeditor/plugins/a11yhelp/dialogs/lang/sq.js,no,17ba1fc6d2da9af97cdac89d7505ce5a63539ba9
sr-latn.js,,WebGestor/plugins/ckeditor/plugins/a11yhelp/dialogs/lang/sr-latn.js,no,ed54b51b6e19a52a9d790eae03c72152b9eac5d4
sr.js,,WebGestor/plugins/ckeditor/plugins/a11yhelp/dialogs/lang/sr.js,no,8657c73df28e02a3bea508a43484f995424a9dbd
sv.js,,WebGestor/plugins/ckeditor/plugins/a11yhelp/dialogs/lang/sv.js,no,44980bae12b0e8a0a5d301859271f631f8ff0141
th.js,,WebGestor/plugins/ckeditor/plugins/a11yhelp/dialogs/lang/th.js,no,cde81534f5a73e419c0cd5ac73a1e3fab5378050
tr.js,,WebGestor/plugins/ckeditor/plugins/a11yhelp/dialogs/lang/tr.js,no,0a82cdf828960a29bd129f201f2c36407c50e3f6
ug.js,,WebGestor/plugins/ckeditor/plugins/a11yhelp/dialogs/lang/ug.js,no,c26f78a03269ef4aa2aac5c66a540c46ad649f97
uk.js,,WebGestor/plugins/ckeditor/plugins/a11yhelp/dialogs/lang/uk.js,no,e44ad0ad56a7b55a8b4165a4000aa62dd4dd1c1e
vi.js,,WebGestor/plugins/ckeditor/plugins/a11yhelp/dialogs/lang/vi.js,no,ec5b0437dd65204e849dc55fdfe3b17ef1fd6d70
zh-cn.js,,WebGestor/plugins/ckeditor/plugins/a11yhelp/dialogs/lang/zh-cn.js,no,bf27aaa7b893fdcae0f8dded730c992baf7bf27e
zh.js,,WebGestor/plugins/ckeditor/plugins/a11yhelp/dialogs/lang/zh.js,no,baa5eb1f917c334f4b275a80a244998fc0ff4544
about.js,,WebGestor/plugins/ckeditor/plugins/about/dialogs/about.js,no,1d540fbb2fc34fac13e65851267eba67ac97a092
paste.js,,WebGestor/plugins/ckeditor/plugins/clipboard/dialogs/paste.js,no,264adad159efd78740c631ff50441235f623b2ea
dialogDefinition.js,,WebGestor/plugins/ckeditor/plugins/dialog/dialogDefinition.js,no,93469fe9b398670df7517f971f6d3676782114ba
image.js,,WebGestor/plugins/ckeditor/plugins/image/dialogs/image.js,no,98245c1f9cd0dce4b40aa0fd0e35ffb7672e5ee8
anchor.js,,WebGestor/plugins/ckeditor/plugins/link/dialogs/anchor.js,no,116f6c8e5bd4b8ab373805e2cf82d965443831d8
link.js,,WebGestor/plugins/ckeditor/plugins/link/dialogs/link.js,no,7cad49087bdfe488860b29f3a92d4dacc181e56c
default.js,,WebGestor/plugins/ckeditor/plugins/pastefromword/filter/default.js,no,99fd100cf037f5c760f84c0dfef394b4ad3df9bb
options.js,,WebGestor/plugins/ckeditor/plugins/scayt/dialogs/options.js,no,857a29fb9bc3aa2ab79e3883a261072abe34aa8b
ar.js,,WebGestor/plugins/ckeditor/plugins/specialchar/dialogs/lang/ar.js,no,b5b59197366554e3181f1931036ad58a9331f3a1
bg.js,,WebGestor/plugins/ckeditor/plugins/specialchar/dialogs/lang/bg.js,no,5e44d3cafec8d358bf1a7c4f99c939163b6a8008
ca.js,,WebGestor/plugins/ckeditor/plugins/specialchar/dialogs/lang/ca.js,no,e9b3cea2975194e79daa9ea6f7e4c41b465040fc
cs.js,,WebGestor/plugins/ckeditor/plugins/specialchar/dialogs/lang/cs.js,no,39c4d5f06f1a72b515ba4c98a81190eaa57ed984
cy.js,,WebGestor/plugins/ckeditor/plugins/specialchar/dialogs/lang/cy.js,no,c2a62c8d3d3f28f205d4b0c8386b04c9949a16dc
de.js,,WebGestor/plugins/ckeditor/plugins/specialchar/dialogs/lang/de.js,no,72a52882eb96978316abb7396fac09ac1cfafa47
el.js,,WebGestor/plugins/ckeditor/plugins/specialchar/dialogs/lang/el.js,no,c9c819b0770f6ee8978785564cd5477e142dc357
en.js,,WebGestor/plugins/ckeditor/plugins/specialchar/dialogs/lang/en.js,no,853ea59c48485f8159525fc5aab639569eb20a0a
eo.js,,WebGestor/plugins/ckeditor/plugins/specialchar/dialogs/lang/eo.js,no,da2ef8bf915b084b96057a18c8eb6c46228c9e35
es.js,,WebGestor/plugins/ckeditor/plugins/specialchar/dialogs/lang/es.js,no,560a55064d456f6df028c1decfc8c108d24fd932
et.js,,WebGestor/plugins/ckeditor/plugins/specialchar/dialogs/lang/et.js,no,09277e9ebb7b695446ab0facb2af9c41b38431b6
fa.js,,WebGestor/plugins/ckeditor/plugins/specialchar/dialogs/lang/fa.js,no,5c5474dfe4fee999311350254fb88a355b139313
fi.js,,WebGestor/plugins/ckeditor/plugins/specialchar/dialogs/lang/fi.js,no,882198b0286fea85c220040d94db9cda3d43c840
fr-ca.js,,WebGestor/plugins/ckeditor/plugins/specialchar/dialogs/lang/fr-ca.js,no,31c345ea11e81c2ec987870736c75b9e25d4fb44
fr.js,,WebGestor/plugins/ckeditor/plugins/specialchar/dialogs/lang/fr.js,no,a1392841eb35c35292714729e8ed181364768ad9
gl.js,,WebGestor/plugins/ckeditor/plugins/specialchar/dialogs/lang/gl.js,no,473e48abe6aea1c22430f07892a9d047cf6a3714
he.js,,WebGestor/plugins/ckeditor/plugins/specialchar/dialogs/lang/he.js,no,32b8381801579da9f4272e52c030edc815cf84fc
hr.js,,WebGestor/plugins/ckeditor/plugins/specialchar/dialogs/lang/hr.js,no,433937efd08c79c9e431d4945aa53237afdbda46
hu.js,,WebGestor/plugins/ckeditor/plugins/specialchar/dialogs/lang/hu.js,no,ef03268e60cdbb399806571a4b82452b1c54c20b
id.js,,WebGestor/plugins/ckeditor/plugins/specialchar/dialogs/lang/id.js,no,926910a276f549f45a03e00f5ed20e8a869dacd3
it.js,,WebGestor/plugins/ckeditor/plugins/specialchar/dialogs/lang/it.js,no,37779313f91821dfdf895e334837fe9d8472f4af
ja.js,,WebGestor/plugins/ckeditor/plugins/specialchar/dialogs/lang/ja.js,no,ab75734778bf638de9573407f91f00aaa2318fa7
km.js,,WebGestor/plugins/ckeditor/plugins/specialchar/dialogs/lang/km.js,no,4e9431125b5e39cb5222801cbf3a60922a47d098
ku.js,,WebGestor/plugins/ckeditor/plugins/specialchar/dialogs/lang/ku.js,no,87beb51262136622b9d4bb6450a085c26036f8fe
lv.js,,WebGestor/plugins/ckeditor/plugins/specialchar/dialogs/lang/lv.js,no,1e50b77cc64f27a4209f1ac5aacc51295fb7d391
nb.js,,WebGestor/plugins/ckeditor/plugins/specialchar/dialogs/lang/nb.js,no,4420ea760656f3020f22681aa27ba47b768efd15
nl.js,,WebGestor/plugins/ckeditor/plugins/specialchar/dialogs/lang/nl.js,no,dc0598e94e316584ea1bd2666f8299d95ea4f0ce
no.js,,WebGestor/plugins/ckeditor/plugins/specialchar/dialogs/lang/no.js,no,50fbb62bc3944d8f11456e64575022796d5ecf9a
pl.js,,WebGestor/plugins/ckeditor/plugins/specialchar/dialogs/lang/pl.js,no,cfe8b7163c61982dc006f274ca60259c247b47c2
pt-br.js,,WebGestor/plugins/ckeditor/plugins/specialchar/dialogs/lang/pt-br.js,no,81ab8ee43ae22a0ac1b984c1f234827c7c43eb2a
pt.js,,WebGestor/plugins/ckeditor/plugins/specialchar/dialogs/lang/pt.js,no,ea694f4dce122dad9624af97b2e08b20f2ff73d5
ru.js,,WebGestor/plugins/ckeditor/plugins/specialchar/dialogs/lang/ru.js,no,d94d146d6790bfdaf26710d559438cb03740664d
si.js,,WebGestor/plugins/ckeditor/plugins/specialchar/dialogs/lang/si.js,no,ae61c6bee0e7f26b14e7a42c8de83a57eeddc340
sk.js,,WebGestor/plugins/ckeditor/plugins/specialchar/dialogs/lang/sk.js,no,198c49e1ba26a075c76220c6cf346736f35544eb
sl.js,,WebGestor/plugins/ckeditor/plugins/specialchar/dialogs/lang/sl.js,no,b28c278a84ce0e4d861c0aaadaadf8617e1b544e
sq.js,,WebGestor/plugins/ckeditor/plugins/specialchar/dialogs/lang/sq.js,no,a64c0c77226251e2f887094893fcd216d1530482
sv.js,,WebGestor/plugins/ckeditor/plugins/specialchar/dialogs/lang/sv.js,no,8d2fd5976aeb67010418da77755d81aff2d96fd3
th.js,,WebGestor/plugins/ckeditor/plugins/specialchar/dialogs/lang/th.js,no,3faf14496defd058f1c520b88de85a1939036c63
tr.js,,WebGestor/plugins/ckeditor/plugins/specialchar/dialogs/lang/tr.js,no,da1bfccfe3269d828fb3fccf713a1e28b9af19d8
ug.js,,WebGestor/plugins/ckeditor/plugins/specialchar/dialogs/lang/ug.js,no,54df3333cc5d14de7c4399ae9d5aeba35b09c6bc
uk.js,,WebGestor/plugins/ckeditor/plugins/specialchar/dialogs/lang/uk.js,no,f4d1978d2b65fdf1044eb07839e944b835318d6d
vi.js,,WebGestor/plugins/ckeditor/plugins/specialchar/dialogs/lang/vi.js,no,6e2ec619003eeb90f03512a33aa7bf0635adb80f
zh-cn.js,,WebGestor/plugins/ckeditor/plugins/specialchar/dialogs/lang/zh-cn.js,no,d84c12008caa51b2ce9e85b96822cf5e1f7f5b51
zh.js,,WebGestor/plugins/ckeditor/plugins/specialchar/dialogs/lang/zh.js,no,2c63f94be6cb778c0e93abee3663ea1d141f3ce0
specialchar.js,,WebGestor/plugins/ckeditor/plugins/specialchar/dialogs/specialchar.js,no,a261ea5c907c85263cbc077729f2612b6a3a5eb5
table.js,,WebGestor/plugins/ckeditor/plugins/table/dialogs/table.js,no,b07554e860857d4297a9444e7f8941f088f0a0dd
tableCell.js,,WebGestor/plugins/ckeditor/plugins/tabletools/dialogs/tableCell.js,no,42d0f8695d4574d4e3e476ccb2d061f16653d828
wsc.js,,WebGestor/plugins/ckeditor/plugins/wsc/dialogs/wsc.js,no,8944b43c905f97ba4c6846de785f5f0e8be8ffec
wsc_ie.js,,WebGestor/plugins/ckeditor/plugins/wsc/dialogs/wsc_ie.js,no,1b6b635b04a02d1beedf788528c832480930ef1f
styles.js,,WebGestor/plugins/ckeditor/styles.js,no,6c75dc1e38de9d6e18417da84910850d6a895857
Bootstrap,,WebGestor/plugins/colorpicker/bootstrap-colorpicker.js,no,f6972311554bcea759eee3a5a06791fe20211340
Bootstrap,,WebGestor/plugins/colorpicker/bootstrap-colorpicker.min.js,yes,edafb19f8ecb0ad9c33b28707dbdcf92b18fb9ba
Bootstrap,,WebGestor/plugins/datatables/dataTables.bootstrap.js,no,154bad4eb3c006ff81dc75599b2da17781dd5a06
Bootstrap,,WebGestor/plugins/datatables/dataTables.bootstrap.min.js,yes,bd9605cccc6d77ee26c19e1dc4ab044ef178e731
DataTables,,WebGestor/plugins/datatables/extensions/AutoFill/js/dataTables.autoFill.js,no,27e81614cb27dd7076153ef22546298b7edc67f1
DataTables,,WebGestor/plugins/datatables/extensions/AutoFill/js/dataTables.autoFill.min.js,yes,bb8336d5ff1aa74ce8b4b32afb7856ed9d696f9d
DataTables,,WebGestor/plugins/datatables/extensions/ColReorder/js/dataTables.colReorder.js,no,f898da4657135c6a899cc4e6d389cac77755333a
DataTables,,WebGestor/plugins/datatables/extensions/ColReorder/js/dataTables.colReorder.min.js,yes,7c1a9a2cf8d8dc10a37b5db3c19b78a7642eb315
DataTables,,WebGestor/plugins/datatables/extensions/ColVis/js/dataTables.colVis.js,no,772c32588abad04095768ddc425d3018b67999db
DataTables,,WebGestor/plugins/datatables/extensions/ColVis/js/dataTables.colVis.min.js,yes,6f989553bc9b442296b1ac0d67634bd6df2c13f7
DataTables,,WebGestor/plugins/datatables/extensions/FixedColumns/js/dataTables.fixedColumns.js,no,d7a3b724725e465848672e083b2cf56d39eb866a
DataTables,,WebGestor/plugins/datatables/extensions/FixedColumns/js/dataTables.fixedColumns.min.js,yes,e8a089df6cb13755b368c07876152dcfdb0c767d
DataTables,,WebGestor/plugins/datatables/extensions/FixedHeader/js/dataTables.fixedHeader.js,no,c69d0d13e4745af21ae002c51f97d2b55a73fdd1
DataTables,,WebGestor/plugins/datatables/extensions/FixedHeader/js/dataTables.fixedHeader.min.js,yes,a73ca1e098a61cf52d20b8aaba3f905a213726ff
DataTables,,WebGestor/plugins/datatables/extensions/KeyTable/js/dataTables.keyTable.js,no,8937b0917270783ad65588c66f9240bcda88fbe3
DataTables,,WebGestor/plugins/datatables/extensions/KeyTable/js/dataTables.keyTable.min.js,yes,d832db17283cd2b8a3fc759bd55c50383d818291
DataTables,,WebGestor/plugins/datatables/extensions/Responsive/js/dataTables.responsive.js,no,0ec9daee7501e8a5b1688f26259d23c1612a52ef
DataTables,,WebGestor/plugins/datatables/extensions/Responsive/js/dataTables.responsive.min.js,yes,3dcca3c8addac81f6372fd7718572bc3807a61bd
DataTables,,WebGestor/plugins/datatables/extensions/Scroller/js/dataTables.scroller.js,no,f73afc599742e0842184d0f5f92ed2e9307fa465
DataTables,,WebGestor/plugins/datatables/extensions/Scroller/js/dataTables.scroller.min.js,yes,1276a4621515f0482c16c66e87c517605f7ff05e
DataTables,,WebGestor/plugins/datatables/extensions/TableTools/js/dataTables.tableTools.js,no,657b1c7419d22172d5f777bec6c1dabc1ab9b10b
DataTables,,WebGestor/plugins/datatables/extensions/TableTools/js/dataTables.tableTools.min.js,yes,be3ed02274a14829ed915eb49b336bb832f2626a
jQuery,,WebGestor/plugins/datatables/jquery.dataTables.js,no,fd9c456abaab7659ce60599cc12fb8574d3d59f8
jQuery,,WebGestor/plugins/datatables/jquery.dataTables.min.js,yes,416ef565967a30984e8f3688632db38ccacbab73
Bootstrap,,WebGestor/plugins/datepicker/bootstrap-datepicker.js,no,0d3375e841471d11edca86c3952811d02b8baf1e
Bootstrap,,WebGestor/plugins/datepicker/locales/bootstrap-datepicker.ar.js,no,3416fc2aebe14b265bda00535fe2f0ebcd213996
Bootstrap,,WebGestor/plugins/datepicker/locales/bootstrap-datepicker.az.js,no,ec44e0bbbaddd065bda0ce458c1697779b543dcd
Bootstrap,,WebGestor/plugins/datepicker/locales/bootstrap-datepicker.bg.js,no,f5078baf0cc976ab7625532595a4a5255126e36f
Bootstrap,,WebGestor/plugins/datepicker/locales/bootstrap-datepicker.ca.js,no,fa01ed0fb9229d7b8786dd8fa27f7eeb4484c7bd
Bootstrap,,WebGestor/plugins/datepicker/locales/bootstrap-datepicker.cs.js,no,ff5838f3a89b90954cf420cd6fa65894542de5d0
Bootstrap,,WebGestor/plugins/datepicker/locales/bootstrap-datepicker.cy.js,no,d222de3849c947fdeb89c6956eda3d72dbb92f5a
Bootstrap,,WebGestor/plugins/datepicker/locales/bootstrap-datepicker.da.js,no,e8fc5453d5ef334d8054318b7108e4000bde87ca
Bootstrap,,WebGestor/plugins/datepicker/locales/bootstrap-datepicker.de.js,no,69cac0319550a1befadf48b7fc83273ac000c6c0
Bootstrap,,WebGestor/plugins/datepicker/locales/bootstrap-datepicker.el.js,no,a38aa106e07a262739c2e0f684347f9a5c2f73cb
Bootstrap,,WebGestor/plugins/datepicker/locales/bootstrap-datepicker.es.js,no,6b1a84793775db56e9f17d180b8174d7a3c381ba
Bootstrap,,WebGestor/plugins/datepicker/locales/bootstrap-datepicker.et.js,no,de8d162e99dce995e7b098ca3bafcefe2a277c96
Bootstrap,,WebGestor/plugins/datepicker/locales/bootstrap-datepicker.fa.js,no,cb45067be58a506bb8ae2eb12a9e3d392e93ddbb
Bootstrap,,WebGestor/plugins/datepicker/locales/bootstrap-datepicker.fi.js,no,266d55e6e3218443fa2f7ee1400a15ae78b11d85
Bootstrap,,WebGestor/plugins/datepicker/locales/bootstrap-datepicker.fr.js,no,93684d03664ec3bbc0af67eddc0043b270b84163
Bootstrap,,WebGestor/plugins/datepicker/locales/bootstrap-datepicker.gl.js,no,5405da0119a42e96f652eea3e6f48e096e8ee2fd
Bootstrap,,WebGestor/plugins/datepicker/locales/bootstrap-datepicker.he.js,no,99407ce5abe210037a36f49b40c7a11d2718b03d
Bootstrap,,WebGestor/plugins/datepicker/locales/bootstrap-datepicker.hr.js,no,9384c0452edfb945b022498d3154a55da2902af1
Bootstrap,,WebGestor/plugins/datepicker/locales/bootstrap-datepicker.hu.js,no,ee27d00a3952645d2b568b3094542c4a48bcc4eb
Bootstrap,,WebGestor/plugins/datepicker/locales/bootstrap-datepicker.id.js,no,59a1963de822e5d151fceb3f4f499909ea60095b
Bootstrap,,WebGestor/plugins/datepicker/locales/bootstrap-datepicker.is.js,no,f540ca9eb8d0b358531562ed9ade8eebb22add12
Bootstrap,,WebGestor/plugins/datepicker/locales/bootstrap-datepicker.it.js,no,1ea03eb6aaeaf7a48ba0a91f62367488e452a31f
Bootstrap,,WebGestor/plugins/datepicker/locales/bootstrap-datepicker.ja.js,no,54818258199493e5fef24c65fee98e80492586be
Bootstrap,,WebGestor/plugins/datepicker/locales/bootstrap-datepicker.ka.js,no,8667d182dab218542e7148f8d9c6775de4425564
Bootstrap,,WebGestor/plugins/datepicker/locales/bootstrap-datepicker.kk.js,no,49318bca42ec1e396c0d6bbf4af3d82f3c82456d
Bootstrap,,WebGestor/plugins/datepicker/locales/bootstrap-datepicker.kr.js,no,21be916373d3ad946d79d010b701e68af1ad8b02
Bootstrap,,WebGestor/plugins/datepicker/locales/bootstrap-datepicker.lt.js,no,3f2f770854f6b2678f8982bc910686bac4341a27
Bootstrap,,WebGestor/plugins/datepicker/locales/bootstrap-datepicker.lv.js,no,c1f2c9b67729fed040c015b0986a4b9aca1099e4
Bootstrap,,WebGestor/plugins/datepicker/locales/bootstrap-datepicker.mk.js,no,73d298164a41143f4b0cdaa6d336515a3bc88a75
Bootstrap,,WebGestor/plugins/datepicker/locales/bootstrap-datepicker.ms.js,no,a177a2cee8af7a2788b761f2f74770dabdb1d8a7
Bootstrap,,WebGestor/plugins/datepicker/locales/bootstrap-datepicker.nb.js,no,b90d8c14d0a2fb596b2053434ac0ad7c36ef5353
Bootstrap,,WebGestor/plugins/datepicker/locales/bootstrap-datepicker.nl-BE.js,no,34934c0e0c8245ffae5762eda2da274dc5146f5b
Bootstrap,,WebGestor/plugins/datepicker/locales/bootstrap-datepicker.nl.js,no,671559ecfd24ed6e2a321686a12ff55aae98c3d6
Bootstrap,,WebGestor/plugins/datepicker/locales/bootstrap-datepicker.no.js,no,ee2ff8b16f2095307bc22fff219adb5ba9775988
Bootstrap,,WebGestor/plugins/datepicker/locales/bootstrap-datepicker.pl.js,no,70bc49589ce9fef59bc1592f2141b2547264cce2
Bootstrap,,WebGestor/plugins/datepicker/locales/bootstrap-datepicker.pt-BR.js,no,09d67dedeff4dbb98bd1772a2e5ff2ece32efcec
Bootstrap,,WebGestor/plugins/datepicker/locales/bootstrap-datepicker.pt.js,no,480b09ea20e71a00e6b0b3ca2fa36ee05e9b9338
Bootstrap,,WebGestor/plugins/datepicker/locales/bootstrap-datepicker.ro.js,no,e17125c7482306c11009e68ea4fc9d939fdc2303
Bootstrap,,WebGestor/plugins/datepicker/locales/bootstrap-datepicker.rs-latin.js,no,a446e47ffc869541f988cd3eccbd60f163e9520e
Bootstrap,,WebGestor/plugins/datepicker/locales/bootstrap-datepicker.rs.js,no,b6da348ab4aa1133e9cdfb5945dc0f8adbc1d747
Bootstrap,,WebGestor/plugins/datepicker/locales/bootstrap-datepicker.ru.js,no,9a26e0b6b9ad7c4615d4375c604996fc8c937e8d
Bootstrap,,WebGestor/plugins/datepicker/locales/bootstrap-datepicker.sk.js,no,ac3ef1c7d41b531efcf91c88bef7ff2533f1b308
Bootstrap,,WebGestor/plugins/datepicker/locales/bootstrap-datepicker.sl.js,no,3ae0d6eb97e5837528f8a25945fc6783a259671f
Bootstrap,,WebGestor/plugins/datepicker/locales/bootstrap-datepicker.sq.js,no,bace33c008f0e010ffeb74af44a91b1d136bdf51
Bootstrap,,WebGestor/plugins/datepicker/locales/bootstrap-datepicker.sv.js,no,2ae3416354069bb4b88ec470155b9a788534d044
Bootstrap,,WebGestor/plugins/datepicker/locales/bootstrap-datepicker.sw.js,no,3613b34430e45a5fee9d9618d998a700757ffbc5
Bootstrap,,WebGestor/plugins/datepicker/locales/bootstrap-datepicker.th.js,no,26142ded8e7b3e5b96906fa25bd448cd72641633
Bootstrap,,WebGestor/plugins/datepicker/locales/bootstrap-datepicker.tr.js,no,dbadcdafa621ee45268cac0cda38830f15a0ae7e
Bootstrap,,WebGestor/plugins/datepicker/locales/bootstrap-datepicker.ua.js,no,a90b108ae225b788249dd7c2cf98aaaf701bcddb
Bootstrap,,WebGestor/plugins/datepicker/locales/bootstrap-datepicker.vi.js,no,f3644ba603bab13df87b45522b96cfab48484c76
Bootstrap,,WebGestor/plugins/datepicker/locales/bootstrap-datepicker.zh-CN.js,no,2df25ea0acf74c10f7d9f2689e44e73acf66287a
Bootstrap,,WebGestor/plugins/datepicker/locales/bootstrap-datepicker.zh-TW.js,no,e7031236795c369d2245dc65164eeb3b56400c8c
daterangepicker.js,,WebGestor/plugins/daterangepicker/daterangepicker.js,no,68501db475784d818ea6a07ab26f002e29193e86
Moment.js,,WebGestor/plugins/daterangepicker/moment.js,no,a699249676eb4903f241fac9b029dcc0a72834f4
Moment.js,,WebGestor/plugins/daterangepicker/moment.min.js,yes,851e2df2acd5f0bc4ef10fcf2f50c17f7aa09c1f
fastclick.js,,WebGestor/plugins/fastclick/fastclick.js,no,06cef196733a710e77ad7e386ced6963f092dc55
fastclick.min.js,,WebGestor/plugins/fastclick/fastclick.min.js,yes,4f1721e190356cf41677d009afddff17a3fd1aec
excanvas.js,,WebGestor/plugins/flot/excanvas.js,no,a952b1d45fbf85053bb98a6ff83d317b9ad8e81e
excanvas.min.js,,WebGestor/plugins/flot/excanvas.min.js,yes,ae4ce1a2bfb06c82653633191b04a8969a946b6b
jQuery,,WebGestor/plugins/flot/jquery.colorhelpers.js,no,ec226ebaaf255d3d1ccd71668537b69f8156e9c4
jQuery,,WebGestor/plugins/flot/jquery.colorhelpers.min.js,yes,73bcc5e2f8c1dca0e53f852a08e485b777847fd5
jQuery,,WebGestor/plugins/flot/jquery.flot.canvas.js,no,4312c5f10d296cc462e12799e61f853fb05ea8b0
jQuery,,WebGestor/plugins/flot/jquery.flot.canvas.min.js,yes,9c34eadcee96dab37ba0f5ec4cfe18710ee93432
jQuery,,WebGestor/plugins/flot/jquery.flot.categories.js,no,587bbfe980bcc5f1cfa5e2094321a029ff853cba
jQuery,,WebGestor/plugins/flot/jquery.flot.categories.min.js,yes,0f8c0e6c869503efa3a239676f462e28ade43351
jQuery,,WebGestor/plugins/flot/jquery.flot.crosshair.js,no,a0c0427b95698d8ae32f897c99fa617a4bb407db
jQuery,,WebGestor/plugins/flot/jquery.flot.crosshair.min.js,yes,03c919fefeea30e2c1732e0dc010f9f00b29c7a2
jQuery,,WebGestor/plugins/flot/jquery.flot.errorbars.js,no,dce1cb2ad52131eb5191cc9f3be8e70ce0537b8f
jQuery,,WebGestor/plugins/flot/jquery.flot.errorbars.min.js,yes,0d9f0e3387cfb84e1fbadb2c85bd14e53963bacc
jQuery,,WebGestor/plugins/flot/jquery.flot.fillbetween.js,no,218bf736f39510ee84515d1eb4740d998705cc75
jQuery,,WebGestor/plugins/flot/jquery.flot.fillbetween.min.js,yes,093c52d7cf4222a05b0a2d4aeb4d1fa70084606d
jQuery,,WebGestor/plugins/flot/jquery.flot.image.js,no,c341458da2e6e1d61e2c856a78ccc116528a38ed
jQuery,,WebGestor/plugins/flot/jquery.flot.image.min.js,yes,4ad6d6d71c9a0099e73cb8996d6e7ac94efec7f5
jQuery,,WebGestor/plugins/flot/jquery.flot.js,no,cccfbf71d32e55892f49b45ae92da4c5743a422b
jQuery,,WebGestor/plugins/flot/jquery.flot.min.js,yes,a028033c7e459d2f3cd01d79264aa4a978b672b1
jQuery,,WebGestor/plugins/flot/jquery.flot.navigate.js,no,c2cf985e4a6d9c6095e923e4f9d6725dec165565
jQuery,,WebGestor/plugins/flot/jquery.flot.navigate.min.js,yes,fb2c8bfa06c33323c2656b480fefce8d23aa7d87
jQuery,,WebGestor/plugins/flot/jquery.flot.pie.js,no,549382635c71d60ee897346606cab37e395b1b7a
jQuery,,WebGestor/plugins/flot/jquery.flot.pie.min.js,yes,9cbfb4b9213ada6204fdb4d31aa02ab80cfffeae
jQuery,,WebGestor/plugins/flot/jquery.flot.resize.js,no,d4fd46d7743b0ce475439584d2dd377b30d088b8
jQuery,,WebGestor/plugins/flot/jquery.flot.resize.min.js,yes,ca530ffd99cecb0950641ea6820d55b84ca3bccc
jQuery,,WebGestor/plugins/flot/jquery.flot.selection.js,no,02d28be773b727994939842d1367aa7312dea366
jQuery,,WebGestor/plugins/flot/jquery.flot.selection.min.js,yes,47337d26eb2e6fc31bc762fbe951db0204443843
jQuery,,WebGestor/plugins/flot/jquery.flot.stack.js,no,f5a9eddb729d69c2528ce15d0bc0477b03d1f07b
jQuery,,WebGestor/plugins/flot/jquery.flot.stack.min.js,yes,5fda15047703b140a01cde4225317201b7cc44a9
jQuery,,WebGestor/plugins/flot/jquery.flot.symbol.js,no,4e0476b677f928dfd0d2dcc611bfdeb1b2396026
jQuery,,WebGestor/plugins/flot/jquery.flot.symbol.min.js,yes,6c3a8a2c231a09f20407978445a12a9869d53731
jQuery,,WebGestor/plugins/flot/jquery.flot.threshold.js,no,cfa3baac69af648e48b7087bc49efdae42497cfb
jQuery,,WebGestor/plugins/flot/jquery.flot.threshold.min.js,yes,289a70855e120685b8f56ff4b4e2d8bfa109272f
jQuery,,WebGestor/plugins/flot/jquery.flot.time.js,no,34131a3585ac57c64692079c4926ac8cd2d996ef
jQuery,,WebGestor/plugins/flot/jquery.flot.time.min.js,yes,e6234f222c0b30ef4b1774e1d08daa5a51789167
FullCalendar,,WebGestor/plugins/fullcalendar/fullcalendar.js,no,3bfefad59aadd03ec4907409727ffbd1008f8ac3
FullCalendar,,WebGestor/plugins/fullcalendar/fullcalendar.min.js,yes,1ae4a50827c98492bf23f5dc6392a4f492c737ad
icheck.js,,WebGestor/plugins/iCheck/icheck.js,no,dc24458c0072cf2bf67a72278d7b5877e320b9c1
icheck.min.js,,WebGestor/plugins/iCheck/icheck.min.js,yes,b5ae4e9efe2d42a55d0e01b2bbc43b9a518996c4
jQuery,,WebGestor/plugins/input-mask/jquery.inputmask.date.extensions.js,no,2775b2c127bcf44f3de16273dfb76415a60d4337
jQuery,,WebGestor/plugins/input-mask/jquery.inputmask.extensions.js,no,abcf110c2ef15af2fada743cae4ad4494c4853d4
jQuery,,WebGestor/plugins/input-mask/jquery.inputmask.js,no,30b0c50e10f499633f8f1a3c482bb500218c295d
jQuery,,WebGestor/plugins/input-mask/jquery.inputmask.numeric.extensions.js,no,029ce94b5b34e103d93b28eb8407fad9a61c4df5
jQuery,,WebGestor/plugins/input-mask/jquery.inputmask.phone.extensions.js,no,42c0a463dada660843637927ca2180cf096fd3a9
jQuery,,WebGestor/plugins/input-mask/jquery.inputmask.regex.extensions.js,no,40402e0680fba07e5bab41b1d91bbd20a8d9f425
Ion.RangeSlider,,WebGestor/plugins/ionslider/ion.rangeSlider.min.js,yes,d0c469ad24b3d886f8de3bb8509ef20c64def526
jQuery,2.1.4.min.js,WebGestor/plugins/jQuery/jQuery-2.1.4.min.js,yes,43dc554608df885a59ddeece1598c6ace434d747
jQuery,,WebGestor/plugins/jQueryUI/jquery-ui-1.10.3.js,no,15ba58b92a31a1d1836ff0aebbf9f2d15fa538e0
jQuery,,WebGestor/plugins/jQueryUI/jquery-ui-1.10.3.min.js,yes,0185361938a30a2a1c7837a4b92decdf0170ee19
jQuery,,WebGestor/plugins/jvectormap/jquery-jvectormap-1.2.2.min.js,yes,2d075abee9db8edcd7c2c5834f3940820b75abb4
jQuery,,WebGestor/plugins/jvectormap/jquery-jvectormap-world-mill-en.js,no,cfb12d45109ada73eb1adedfb619f47c7937bd7e
jQuery,,WebGestor/plugins/knob/jquery.knob.js,no,34ca4279ce65d67b0aa132de67718988f2445130
Morris.js,,WebGestor/plugins/morris/morris.js,no,e953ff39cc7a41e3cc7e57d97094b4895685c925
Morris.js,,WebGestor/plugins/morris/morris.min.js,yes,f40a80188a0422041f59284940c46d86c163a279
Pace,,WebGestor/plugins/pace/pace.js,no,1d6f79b5757de7cc40dcfded7cfdb067a90810d3
jQuery,,WebGestor/plugins/slimScroll/jquery.slimscroll.js,no,67d0a45015c77e0eadd2df45d09a656dce1bda8d
jQuery,,WebGestor/plugins/slimScroll/jquery.slimscroll.min.js,yes,c41ab928b9e7386545fb8228290d38d14f25c6c3
jQuery,,WebGestor/plugins/sparkline/jquery.sparkline.js,no,5bdadbf3f555341c5507059df20f67770df7f15a
jQuery,,WebGestor/plugins/sparkline/jquery.sparkline.min.js,yes,7e3cc75c9facc4ef22dc14002ee79e0976cc0130
Bootstrap,,WebGestor/plugins/timepicker/bootstrap-timepicker.js,no,bb7eb04b37fab5ebddc9de40b24824dbc43187ad
Bootstrap,,WebGestor/plugins/timepicker/bootstrap-timepicker.min.js,yes,716915a88d6facc148f44667b050c2828b72c961
Bootstrap,,WebGestor/Scripts/bootstrap.js,no,3b965a36a6b08854ad6eddedf85c5319fd392b4a
Bootstrap,,WebGestor/Scripts/bootstrap.min.js,yes,430a443d74830fe9be26efca431f448c1b3740f9
jQuery,3.3.1.intellisense.js,WebGestor/Scripts/jquery-3.3.1.intellisense.js,no,a1b6b0e965d56a7490efbdffa83d730fa513adbe
jQuery,3.3.1.js,WebGestor/Scripts/jquery-3.3.1.js,no,46a436eba01c79acdb225757ed80bf54bad6416b
jQuery,3.3.1.min.js,WebGestor/Scripts/jquery-3.3.1.min.js,yes,0dc32db4aa9c5f03f3b38c47d883dbd4fed13aae
jQuery,3.3.1.slim.js,WebGestor/Scripts/jquery-3.3.1.slim.js,no,1263f61eb65762f1af35c9b3f392ad18de4b3c33
jQuery,3.3.1.slim.min.js,WebGestor/Scripts/jquery-3.3.1.slim.min.js,yes,bc5836992c0b260496ba520fe1336d499bf06eb7
modernizr-2.8.3.js,,WebGestor/Scripts/modernizr-2.8.3.js,no,7d1cea058027485e9ccf1a92e38823acb05c0659
DetailsView.js,,WebGestor/Scripts/WebForms/DetailsView.js,no,24e41b8834e5307ce2d8408c91c78cba5d3e440d
Focus.js,,WebGestor/Scripts/WebForms/Focus.js,no,0d4130530d5cf4e83b9a27cc728945e7c3fe9a45
GridView.js,,WebGestor/Scripts/WebForms/GridView.js,no,93114c8d9b15cae92f22ba9c92eac283db38822a
Menu.js,,WebGestor/Scripts/WebForms/Menu.js,no,119577293c5f280241ac63fc2ca7377a41443601
MenuStandards.js,,WebGestor/Scripts/WebForms/MenuStandards.js,no,ffb2e9ccaea45794e817368fe51768d8accbc30c
MicrosoftAjax.js,,WebGestor/Scripts/WebForms/MSAjax/MicrosoftAjax.js,no,0a81dab50e017769b626248196e6f5c42cf757dd
MicrosoftAjaxApplicationServices.js,,WebGestor/Scripts/WebForms/MSAjax/MicrosoftAjaxApplicationServices.js,no,e0a9f60390fc108fac4b0faa1c8a0fa0774c2e16
MicrosoftAjaxComponentModel.js,,WebGestor/Scripts/WebForms/MSAjax/MicrosoftAjaxComponentModel.js,no,ee3310adc060a6d97343ec70b01265ba12fa819e
MicrosoftAjaxCore.js,,WebGestor/Scripts/WebForms/MSAjax/MicrosoftAjaxCore.js,no,7b75747b3ed4bbe21878da2b3a1324437ea71d92
MicrosoftAjaxGlobalization.js,,WebGestor/Scripts/WebForms/MSAjax/MicrosoftAjaxGlobalization.js,no,ee5b5f6ef3ef6cbfb433a48ca36d5f670be3a843
MicrosoftAjaxHistory.js,,WebGestor/Scripts/WebForms/MSAjax/MicrosoftAjaxHistory.js,no,8577858a63cc01ac7fb74ec7d7e3967e0081277f
MicrosoftAjaxNetwork.js,,WebGestor/Scripts/WebForms/MSAjax/MicrosoftAjaxNetwork.js,no,4a2b42e1155b0874c5027e81c4ffb9fc20e68d6a
MicrosoftAjaxSerialization.js,,WebGestor/Scripts/WebForms/MSAjax/MicrosoftAjaxSerialization.js,no,a4c4db9717b4aff2f027988c1ccd0da56f0b13de
MicrosoftAjaxTimer.js,,WebGestor/Scripts/WebForms/MSAjax/MicrosoftAjaxTimer.js,no,0c5f90ea28ec3d869eb3298f16de1d312f8fcba7
MicrosoftAjaxWebForms.js,,WebGestor/Scripts/WebForms/MSAjax/MicrosoftAjaxWebForms.js,no,57b4b64c2b92668679eed1bc7d97264a8c458b6b
MicrosoftAjaxWebServices.js,,WebGestor/Scripts/WebForms/MSAjax/MicrosoftAjaxWebServices.js,no,3587a0e9d7c8fe724d37a37c392deeb7ba70f8e7
SmartNav.js,,WebGestor/Scripts/WebForms/SmartNav.js,no,2294655d7bb19d9951d6c13f90096b99136e9f70
TreeView.js,,WebGestor/Scripts/WebForms/TreeView.js,no,327e58513a193eed2528ca6b14e2f3fdd82d3374
WebForms.js,,WebGestor/Scripts/WebForms/WebForms.js,no,45479425c998c41addd7f6584b7ed1180fc35bfb
WebParts.js,,WebGestor/Scripts/WebForms/WebParts.js,no,a0c6078591ffa06921dd22e1aff56d3c3d1d5320
WebUIValidation.js,,WebGestor/Scripts/WebForms/WebUIValidation.js,no,4e655fa5b33e255a6fd2e12a86506392a095cc02
jQuery,,WebGestor/WebCam_Plugin/jquery.webcam.js,no,c83a41c4246098ecc589eac43030006a362dc9e0
