process_id,base_hours,adj_crud,adj_report,adj_export,adj_devexpress,adj_upload,adj_validation,complexity_score,est_hours_total,role_mix,risk_flags
01c5c8994c7e5a4dc3b721f7f7493e333b7b9abd,8,0,0,0,0,0,0,1.5,10,"{""FE"":0.35,""BE"":0.35,""QA"":0.2,""PM"":0.1}",
7712b17c939e9e87a10dd676746461b0b004d4d5,10,0,4,0,0,0,0,1.9,16,"{""FE"":0.35,""BE"":0.35,""QA"":0.2,""PM"":0.1}",reporting
a525af0fbfe442a452b9112bcbf3fc5712f63b80,10,0,4,0,0,0,0,2.0,16,"{""FE"":0.35,""BE"":0.35,""QA"":0.2,""PM"":0.1}",reporting
37567cf77e8fd490856f8927c5eb5120d257bde8,10,0,4,0,0,0,0,2.0,16,"{""FE"":0.35,""BE"":0.35,""QA"":0.2,""PM"":0.1}",reporting
1f4778365cd0f2f842effc8af23f62a29f89ed7a,10,0,4,0,0,0,0,1.9,16,"{""FE"":0.35,""BE"":0.35,""QA"":0.2,""PM"":0.1}",reporting
ea9abfee3377c686ad35d5f36b05208e5e10db05,10,0,4,0,0,0,0,2.0,16,"{""FE"":0.35,""BE"":0.35,""QA"":0.2,""PM"":0.1}",reporting
373cff471a69475e47b5369570d18ebfc2701e85,8,0,0,0,0,0,1,4.2,13,"{""FE"":0.35,""BE"":0.35,""QA"":0.2,""PM"":0.1}",
50b459529e9faa240b42defd9b2e65d509b6549f,8,0,0,0,0,2,1,7.2,18,"{""FE"":0.35,""BE"":0.35,""QA"":0.2,""PM"":0.1}",file_uploads
5332a03fe7b3b1876b61c80a767e485ec6fe502d,8,0,0,0,0,0,1,6.0,15,"{""FE"":0.35,""BE"":0.35,""QA"":0.2,""PM"":0.1}",
4388efbb298b603629b33ac4f638fcbb1fc688b4,8,0,0,0,0,0,1,7.4,16,"{""FE"":0.35,""BE"":0.35,""QA"":0.2,""PM"":0.1}",
e3d009b20e165328b455e01bc98d676dd41d86d2,8,0,0,0,0,2,0,3.7,14,"{""FE"":0.35,""BE"":0.35,""QA"":0.2,""PM"":0.1}",file_uploads
b82523de73959ba3ea1b6530c5cfc4f599f83da0,8,0,0,0,0,0,1,3.9,13,"{""FE"":0.35,""BE"":0.35,""QA"":0.2,""PM"":0.1}",
e2e2c77174a701b3cd01c329c1a4ecf4b9f2dce5,8,0,0,0,0,2,1,5.2,16,"{""FE"":0.35,""BE"":0.35,""QA"":0.2,""PM"":0.1}",file_uploads
7a23cab782bd6cca72a2dbae1541acf51ce38159,8,0,0,0,0,2,0,2.6,13,"{""FE"":0.35,""BE"":0.35,""QA"":0.2,""PM"":0.1}",file_uploads
2d0d282670b0ffafdfc28d85d1d5b65a142ee497,8,0,0,0,0,0,1,4.6,14,"{""FE"":0.35,""BE"":0.35,""QA"":0.2,""PM"":0.1}",
f4f94a0c28262c8833e726071b365ef2cc7543ae,8,0,0,0,0,0,1,6.6,16,"{""FE"":0.35,""BE"":0.35,""QA"":0.2,""PM"":0.1}",
27993162653e2f2adc6dfe503999b622a8d46825,8,0,0,0,0,0,1,6.6,16,"{""FE"":0.35,""BE"":0.35,""QA"":0.2,""PM"":0.1}",
79f75147696e736ade1186881c5da671a97b72ca,8,0,0,0,0,0,0,4.2,12,"{""FE"":0.35,""BE"":0.35,""QA"":0.2,""PM"":0.1}",
9d6dfe41509ea7ba46da084cc1ed8a43f9d8e407,8,0,0,0,0,0,1,2.5,12,"{""FE"":0.35,""BE"":0.35,""QA"":0.2,""PM"":0.1}",
c2451ca202dea15fc96b324415ad53b152c0a9f0,8,0,0,0,0,0,1,7.8,17,"{""FE"":0.35,""BE"":0.35,""QA"":0.2,""PM"":0.1}",heavy_sql
0657c2c166547d1081cde655f4a1236c124bac60,8,0,0,0,0,0,1,4.5,13,"{""FE"":0.35,""BE"":0.35,""QA"":0.2,""PM"":0.1}",
97359356c2c97c05aec455cf8f527fb2f4fe5137,8,0,0,0,0,0,0,2.3,10,"{""FE"":0.35,""BE"":0.35,""QA"":0.2,""PM"":0.1}",
6a1695faa6752eedc78a897aa80be4fb085b0119,8,0,0,0,0,0,0,4.5,13,"{""FE"":0.35,""BE"":0.35,""QA"":0.2,""PM"":0.1}",heavy_sql
e802ad790ba77cd7da971506aed600e193b52959,10,0,0,0,0,0,1,7.9,19,"{""FE"":0.35,""BE"":0.35,""QA"":0.2,""PM"":0.1}",heavy_sql|reporting
fd45518215449817887a083d5ca176b43cb66639,8,0,4,0,0,0,0,1.7,14,"{""FE"":0.35,""BE"":0.35,""QA"":0.2,""PM"":0.1}",reporting
42ab621cb72568dcd13d0e4029b0b719edb6f3bf,8,0,4,0,0,0,0,1.9,14,"{""FE"":0.35,""BE"":0.35,""QA"":0.2,""PM"":0.1}",reporting
b17c55b885a4049e5d041f43f0c0fc77557f22d7,8,0,4,0,0,0,0,1.9,14,"{""FE"":0.35,""BE"":0.35,""QA"":0.2,""PM"":0.1}",reporting
70bb190c27bafb59c293027939ec4674f4482454,8,0,4,0,0,0,0,1.8,14,"{""FE"":0.35,""BE"":0.35,""QA"":0.2,""PM"":0.1}",reporting
07d8898899bb706b9fc729de459b87556729b5df,8,0,4,0,0,0,0,1.8,14,"{""FE"":0.35,""BE"":0.35,""QA"":0.2,""PM"":0.1}",reporting
322088888caa2c7ffdcd2f06e5666e779e11983b,8,0,4,0,0,0,0,1.8,14,"{""FE"":0.35,""BE"":0.35,""QA"":0.2,""PM"":0.1}",reporting
b63fad7c6ffbd94a1d7bad1660363a586b89698b,8,0,0,0,3,2,1,8.7,23,"{""FE"":0.35,""BE"":0.35,""QA"":0.2,""PM"":0.1}",heavy_sql|file_uploads
97460bc5a0fcc57ae989e9b956d5ff7a61e9761e,8,0,0,0,0,0,1,4.9,14,"{""FE"":0.35,""BE"":0.35,""QA"":0.2,""PM"":0.1}",
2c4ede2c5deac87595065a1c9ced5aee137c843a,8,0,0,0,0,2,1,4.6,16,"{""FE"":0.35,""BE"":0.35,""QA"":0.2,""PM"":0.1}",file_uploads
edfd7e9ea556a0a6ed94f93e726f51e35639419c,8,0,0,0,3,0,0,2.6,14,"{""FE"":0.35,""BE"":0.35,""QA"":0.2,""PM"":0.1}",
58c75c05c5de3a29f91ebc2954af4e359f94c989,8,0,0,0,0,2,1,4.5,16,"{""FE"":0.35,""BE"":0.35,""QA"":0.2,""PM"":0.1}",file_uploads
34160379316fc66f0dee92af8158a680f32ff343,4,0,0,2,0,0,0,1.4,7,"{""FE"":0.35,""BE"":0.35,""QA"":0.2,""PM"":0.1}",
195baa9cfeea2836516f159fdce9e5e3f9f37eee,8,0,0,0,0,0,1,3.8,13,"{""FE"":0.35,""BE"":0.35,""QA"":0.2,""PM"":0.1}",
28d6ad8fd94d54a1b6dbd8c636e4b78e669d91a9,8,0,0,0,3,0,0,6.5,18,"{""FE"":0.35,""BE"":0.35,""QA"":0.2,""PM"":0.1}",
3ffb7b218a375c24b0106c9357f1a7ae9e3a11ff,12,0,0,0,0,0,1,14.2,27,"{""FE"":0.35,""BE"":0.35,""QA"":0.2,""PM"":0.1}",heavy_sql
a78b058723d6b260a9c925278dbc7002581c79c5,8,0,0,0,0,0,1,17.2,26,"{""FE"":0.35,""BE"":0.35,""QA"":0.2,""PM"":0.1}",
ccb7b8916c1f26e25c0a19afc4cb90d6f322ca90,8,0,0,0,0,0,1,3.7,13,"{""FE"":0.35,""BE"":0.35,""QA"":0.2,""PM"":0.1}",
eb6d6572eafe24b2c03d5a7110f3a92bcecf8b73,8,0,0,0,0,0,1,13.7,23,"{""FE"":0.35,""BE"":0.35,""QA"":0.2,""PM"":0.1}",
95124c587a2acf3ac9eb289bbf2cc5bc0e3d5700,8,0,0,0,0,2,1,4.0,15,"{""FE"":0.35,""BE"":0.35,""QA"":0.2,""PM"":0.1}",file_uploads
1c13a5f515b6751a048a7668db11efad098aee7b,8,0,0,0,0,2,0,2.2,12,"{""FE"":0.35,""BE"":0.35,""QA"":0.2,""PM"":0.1}",file_uploads
42745a62d0a38a61425ab0274c67891e1aeeb42b,8,0,0,0,0,0,0,2.6,11,"{""FE"":0.35,""BE"":0.35,""QA"":0.2,""PM"":0.1}",
ea3c7da2c81cbb38a8ebe32d55def544c0601899,8,0,0,0,0,0,1,4.0,13,"{""FE"":0.35,""BE"":0.35,""QA"":0.2,""PM"":0.1}",
fe30ecf4da63d8e4cfdf818913d523ed6a4dbb7d,8,0,0,0,0,0,1,4.4,13,"{""FE"":0.35,""BE"":0.35,""QA"":0.2,""PM"":0.1}",
04501f0b89257851236568e2274e8bb3b2fe9f12,8,0,0,0,0,0,1,6.3,15,"{""FE"":0.35,""BE"":0.35,""QA"":0.2,""PM"":0.1}",heavy_sql
fd9bf5aae7940ce8c16b9bdb03a972976491f13b,6,0,0,0,0,0,0,1.9,8,"{""FE"":0.35,""BE"":0.35,""QA"":0.2,""PM"":0.1}",
fb81bfca709490e4219c3c3fff46d6b3f67721aa,12,0,0,0,0,0,0,1.8,14,"{""FE"":0.35,""BE"":0.35,""QA"":0.2,""PM"":0.1}",
63476ad1172ece8e76d9d070d136b1da74b0024e,8,0,0,0,0,0,1,10.8,20,"{""FE"":0.35,""BE"":0.35,""QA"":0.2,""PM"":0.1}",heavy_sql
7287b092e58d538bf617cd0d8953c922b3e170e4,8,0,0,0,0,0,1,6.3,15,"{""FE"":0.35,""BE"":0.35,""QA"":0.2,""PM"":0.1}",
ee8f2cd15f33e04874c891c0100439957b4125a8,8,0,0,0,0,0,1,4.2,13,"{""FE"":0.35,""BE"":0.35,""QA"":0.2,""PM"":0.1}",
51c47c95bc85f1883391fc1514d47d0c5520ae4e,6,0,0,0,0,0,1,10.7,18,"{""FE"":0.35,""BE"":0.35,""QA"":0.2,""PM"":0.1}",heavy_sql
2bcfeea8c17ef9270e0c3e83bacbcd05a363fac9,8,0,0,0,0,0,0,1.6,10,"{""FE"":0.35,""BE"":0.35,""QA"":0.2,""PM"":0.1}",
0c9b8a0a414ae76652f8965c13458c5866075f84,8,0,0,0,0,0,1,3.2,12,"{""FE"":0.35,""BE"":0.35,""QA"":0.2,""PM"":0.1}",
aaa93a85fda54ee296846191bd0771273bc1ff89,8,0,0,0,0,0,1,5.0,14,"{""FE"":0.35,""BE"":0.35,""QA"":0.2,""PM"":0.1}",
ff82140edf2c6421b51202c8a2ca20ddf3c1b1cf,8,0,0,0,0,0,0,4.2,12,"{""FE"":0.35,""BE"":0.35,""QA"":0.2,""PM"":0.1}",heavy_sql
840ea77409df5ea87729b1c7d824df132053990e,8,0,0,0,0,0,1,5.8,15,"{""FE"":0.35,""BE"":0.35,""QA"":0.2,""PM"":0.1}",
79d19b280ed165729d2dd1b26d3f68df6339b5fd,8,0,0,0,0,2,0,2.7,13,"{""FE"":0.35,""BE"":0.35,""QA"":0.2,""PM"":0.1}",file_uploads
9b0d1b68c217123982849dd0c5295a0a541a9d17,8,0,0,0,0,0,1,4.6,14,"{""FE"":0.35,""BE"":0.35,""QA"":0.2,""PM"":0.1}",heavy_sql
c826028746dfcc96e33548e7814efc24334835ad,8,0,0,0,0,0,0,3.0,11,"{""FE"":0.35,""BE"":0.35,""QA"":0.2,""PM"":0.1}",
2c489d5dcbb858a07249ab1b22dcfe2c744e25cb,8,0,0,0,0,0,0,6.5,15,"{""FE"":0.35,""BE"":0.35,""QA"":0.2,""PM"":0.1}",heavy_sql
87af42c23aca1df5f280a158be966461ff772a79,8,0,0,0,0,0,1,10.0,19,"{""FE"":0.35,""BE"":0.35,""QA"":0.2,""PM"":0.1}",heavy_sql
226ac9b31f5a9b12ddae93789641035051e63fc9,8,0,0,0,0,0,1,11.6,21,"{""FE"":0.35,""BE"":0.35,""QA"":0.2,""PM"":0.1}",heavy_sql
0374a66372e9f52d9d78da4363452e39c1776c9a,8,0,0,0,3,0,1,2.6,15,"{""FE"":0.35,""BE"":0.35,""QA"":0.2,""PM"":0.1}",
d81b16d9fdb3249419243267a4e26f728ebbd795,8,0,0,0,0,0,0,2.8,11,"{""FE"":0.35,""BE"":0.35,""QA"":0.2,""PM"":0.1}",
be7fe0f691cdfa267c1d92b7eea529efdbb10cbb,8,0,0,0,0,0,0,1.7,10,"{""FE"":0.35,""BE"":0.35,""QA"":0.2,""PM"":0.1}",
bc63ee00800ef9b3ed54d15c9d7108379fb8e43a,8,0,0,0,0,0,0,3.1,11,"{""FE"":0.35,""BE"":0.35,""QA"":0.2,""PM"":0.1}",
936afbda199c7ff813dfa45264bfbc668911f186,8,0,0,0,0,2,1,4.3,15,"{""FE"":0.35,""BE"":0.35,""QA"":0.2,""PM"":0.1}",file_uploads
fc19486cfcf47d48d7e95c9cf04a2cdc3906c8ec,8,0,0,0,0,0,0,2.1,10,"{""FE"":0.35,""BE"":0.35,""QA"":0.2,""PM"":0.1}",
ae8e94a769a9601cef22ff0e303685d5eba768f2,8,0,4,0,0,0,1,8.9,22,"{""FE"":0.35,""BE"":0.35,""QA"":0.2,""PM"":0.1}",heavy_sql|reporting
02a7510337d8747085f687b0b1db9e3757a02cf2,8,0,4,0,0,0,1,10.9,24,"{""FE"":0.35,""BE"":0.35,""QA"":0.2,""PM"":0.1}",heavy_sql|reporting
6f573bc3cb0de2238838da47d3c84556d5ba0fc7,8,0,4,0,0,0,0,4.5,16,"{""FE"":0.35,""BE"":0.35,""QA"":0.2,""PM"":0.1}",reporting
901b1b30655358a1d7b88e45af3e7471b6a60802,8,0,4,0,0,0,0,4.1,16,"{""FE"":0.35,""BE"":0.35,""QA"":0.2,""PM"":0.1}",reporting
27ddbd13c9102e99a2622352114c9fea7e0f0be2,8,0,0,0,0,0,0,7.2,15,"{""FE"":0.35,""BE"":0.35,""QA"":0.2,""PM"":0.1}",heavy_sql
f2362b803dfbdc70e36850b48f481cd588ec88a5,6,0,0,0,0,0,0,4.3,10,"{""FE"":0.35,""BE"":0.35,""QA"":0.2,""PM"":0.1}",heavy_sql
a21f2d38432939861af0e553112733170bf33877,6,0,0,0,0,0,0,4.6,11,"{""FE"":0.35,""BE"":0.35,""QA"":0.2,""PM"":0.1}",heavy_sql
2a00c183f842c66eb54ad8d2f9ea29d516b6dece,8,0,0,0,0,0,0,2.4,10,"{""FE"":0.35,""BE"":0.35,""QA"":0.2,""PM"":0.1}",
b2f61956518adf1dd716e4ecbcc1bd16c59d668f,8,0,4,0,0,2,1,11.0,26,"{""FE"":0.35,""BE"":0.35,""QA"":0.2,""PM"":0.1}",heavy_sql|reporting|file_uploads
d369390f89288004ddf9e86204e488c5609018c0,8,0,0,0,0,0,1,2.8,12,"{""FE"":0.35,""BE"":0.35,""QA"":0.2,""PM"":0.1}",
8e98dc6e5c58ffbad73497914cd9ed1b2cddbe58,8,0,0,0,0,0,1,4.8,14,"{""FE"":0.35,""BE"":0.35,""QA"":0.2,""PM"":0.1}",
6ac80119d05d3acc8d2160b8d4158089b37eb16c,8,0,0,0,3,0,0,2.0,13,"{""FE"":0.35,""BE"":0.35,""QA"":0.2,""PM"":0.1}",
fab067cc580e98ed48e7a46ced945e655de156d5,8,0,0,0,0,0,1,4.9,14,"{""FE"":0.35,""BE"":0.35,""QA"":0.2,""PM"":0.1}",
89104eaec2c73ab4e6724680433f77be756c3d90,8,0,0,0,0,0,1,2.8,12,"{""FE"":0.35,""BE"":0.35,""QA"":0.2,""PM"":0.1}",
d3a3e531d9ba699cf03bcf24297a11eee5013a1f,8,0,0,0,0,0,1,3.2,12,"{""FE"":0.35,""BE"":0.35,""QA"":0.2,""PM"":0.1}",
1f885591ba8adb271f65af5c01a2fabfe00179db,8,0,4,0,0,0,1,4.1,17,"{""FE"":0.35,""BE"":0.35,""QA"":0.2,""PM"":0.1}",reporting
12c6aa1090972c4574e8afa7ede16a65b122b1a4,10,0,4,0,0,0,1,3.6,19,"{""FE"":0.35,""BE"":0.35,""QA"":0.2,""PM"":0.1}",reporting
a326d316e21d4d7714e00f88c3d076d2ae6aa047,8,0,0,0,0,0,1,3.8,13,"{""FE"":0.35,""BE"":0.35,""QA"":0.2,""PM"":0.1}",
21efa936acfea9fa242a4d6602662a4c8bb1d980,8,0,4,0,3,0,1,2.9,19,"{""FE"":0.35,""BE"":0.35,""QA"":0.2,""PM"":0.1}",reporting
8b125f603a879df921768611c1714b1504211630,8,0,0,0,0,0,0,3.0,11,"{""FE"":0.35,""BE"":0.35,""QA"":0.2,""PM"":0.1}",
386587200a651ec83906010107426a10075018f9,8,0,0,0,0,0,1,4.2,13,"{""FE"":0.35,""BE"":0.35,""QA"":0.2,""PM"":0.1}",
bb6d39d1a2c8352169db3332163d3583430ffd45,8,0,0,0,0,0,0,2.1,10,"{""FE"":0.35,""BE"":0.35,""QA"":0.2,""PM"":0.1}",
ee04ada530ffdfc5762f9924eeedcdf63061b75e,8,0,0,0,0,0,0,2.8,11,"{""FE"":0.35,""BE"":0.35,""QA"":0.2,""PM"":0.1}",
0640563dfce636026517046863b3d2135c8e25da,8,0,0,0,0,0,0,3.0,11,"{""FE"":0.35,""BE"":0.35,""QA"":0.2,""PM"":0.1}",
f79c71d8ebd8da26b3f515201cc4e970785c7008,8,0,0,0,0,0,1,4.5,14,"{""FE"":0.35,""BE"":0.35,""QA"":0.2,""PM"":0.1}",
26e93af0e8329d60d4b6b9013199c10dd19f2980,8,0,0,0,0,0,1,4.4,13,"{""FE"":0.35,""BE"":0.35,""QA"":0.2,""PM"":0.1}",
bee708c3ee8a17d5a02770a3d931443ff54fb439,8,0,0,0,0,0,1,3.2,12,"{""FE"":0.35,""BE"":0.35,""QA"":0.2,""PM"":0.1}",
ca0fb64a9fd72703fe3771fd45e30873f327dcb2,8,0,0,0,0,2,1,2.6,14,"{""FE"":0.35,""BE"":0.35,""QA"":0.2,""PM"":0.1}",file_uploads
dbdfaaf003ceff912d6c3498d3f0109813df5d3e,8,0,0,0,0,0,1,4.3,13,"{""FE"":0.35,""BE"":0.35,""QA"":0.2,""PM"":0.1}",
2835f47f4af0a22a43c4d6e0bcf63810f0a9ad9c,8,0,0,0,0,0,0,1.1,9,"{""FE"":0.35,""BE"":0.35,""QA"":0.2,""PM"":0.1}",
ce25adaced5e056025f778528e25645e2d5262d3,12,0,0,0,0,0,1,5.5,18,"{""FE"":0.35,""BE"":0.35,""QA"":0.2,""PM"":0.1}",heavy_sql
062c3ac1b89bf7c17e14784e9a8bb4a781ac12c0,8,0,0,0,0,0,1,5.4,14,"{""FE"":0.35,""BE"":0.35,""QA"":0.2,""PM"":0.1}",
2a4e1543980fed5ffec0f8bcd79e33be189e0281,8,0,0,0,0,0,1,5.2,14,"{""FE"":0.35,""BE"":0.35,""QA"":0.2,""PM"":0.1}",heavy_sql
526f9d2d13c3c6a9dfb966c62c93654d8fed45b8,8,0,0,0,0,0,1,6.7,16,"{""FE"":0.35,""BE"":0.35,""QA"":0.2,""PM"":0.1}",
3d3e268b43a442ed01f9b699ee9df845781d0623,8,0,0,0,0,0,0,1.2,9,"{""FE"":0.35,""BE"":0.35,""QA"":0.2,""PM"":0.1}",
99d62ae4e4e2c42f7923f417f9fd820089032b92,8,0,4,0,0,0,0,2.8,15,"{""FE"":0.35,""BE"":0.35,""QA"":0.2,""PM"":0.1}",reporting
e63522428fc8add56f1fd3050258c13f62c2e8c0,8,0,0,0,0,0,0,2.4,10,"{""FE"":0.35,""BE"":0.35,""QA"":0.2,""PM"":0.1}",
fffa37b4681eca6ff5ad9d53c379561b7cf97fa8,8,0,0,0,0,2,1,6.4,17,"{""FE"":0.35,""BE"":0.35,""QA"":0.2,""PM"":0.1}",file_uploads
dede3d5bf265eea8864621f1063b6c24e2c1c018,8,0,0,0,0,0,1,3.3,12,"{""FE"":0.35,""BE"":0.35,""QA"":0.2,""PM"":0.1}",
5b0b1f2efd73296a90a47c528aec9b5ba951969d,8,0,0,0,0,0,1,2.5,11,"{""FE"":0.35,""BE"":0.35,""QA"":0.2,""PM"":0.1}",
7541b989e8759e25fa238d4fbf3e3644a4cf4535,10,0,4,0,0,0,0,1.9,16,"{""FE"":0.35,""BE"":0.35,""QA"":0.2,""PM"":0.1}",reporting
dc28499b02bcf1c4ce57392215d9debb3ff363d7,8,0,0,0,0,0,1,17.7,27,"{""FE"":0.35,""BE"":0.35,""QA"":0.2,""PM"":0.1}",
078a81738899a1205adca142c589119bf8f5c53f,8,0,0,0,0,2,1,4.4,15,"{""FE"":0.35,""BE"":0.35,""QA"":0.2,""PM"":0.1}",file_uploads
223593d66468915efeecf910e66ba361c4827bd0,8,0,4,0,0,0,1,6.8,20,"{""FE"":0.35,""BE"":0.35,""QA"":0.2,""PM"":0.1}",heavy_sql|reporting
72eb93d364bdec0cf8e0e5abf08394925ad65617,8,0,0,0,0,0,1,34.8,44,"{""FE"":0.35,""BE"":0.35,""QA"":0.2,""PM"":0.1}",heavy_sql
1a0b1d2aa3234319c4196fdd6743b9f4fba4025a,8,0,0,0,0,2,1,9.6,21,"{""FE"":0.35,""BE"":0.35,""QA"":0.2,""PM"":0.1}",heavy_sql|file_uploads
fea3cd0d6ff4ba669f9803ef6e6428a8e42ae8b3,8,0,0,0,0,0,0,4.1,12,"{""FE"":0.35,""BE"":0.35,""QA"":0.2,""PM"":0.1}",
ca9c8f3e56b4bf3bf37a0e386d03dab39fede699,12,0,0,0,0,0,1,5.9,19,"{""FE"":0.35,""BE"":0.35,""QA"":0.2,""PM"":0.1}",
71246092de401def9bd7c3e3dbf2c037328fb2a9,8,0,0,0,0,0,1,14.8,24,"{""FE"":0.35,""BE"":0.35,""QA"":0.2,""PM"":0.1}",heavy_sql
f7011a4e208606e587dcaedb23bc95f32d3facc1,8,0,0,0,0,0,1,20.4,29,"{""FE"":0.35,""BE"":0.35,""QA"":0.2,""PM"":0.1}",heavy_sql
dce5b48c982b84a522740b414197ec68ded7a79e,8,0,0,0,0,2,1,8.9,20,"{""FE"":0.35,""BE"":0.35,""QA"":0.2,""PM"":0.1}",heavy_sql|file_uploads
84453591a39fa65e0ec4d4541b63ba778fe25c6d,8,0,0,0,0,2,0,4.1,14,"{""FE"":0.35,""BE"":0.35,""QA"":0.2,""PM"":0.1}",file_uploads
b6d73c2befbe6043c385a6d0fc8c5284c6838115,8,0,0,0,0,2,0,10.0,20,"{""FE"":0.35,""BE"":0.35,""QA"":0.2,""PM"":0.1}",heavy_sql|file_uploads
e9b151a9c143cf562e061b9e6862d18889170938,8,0,0,0,0,0,1,10.9,20,"{""FE"":0.35,""BE"":0.35,""QA"":0.2,""PM"":0.1}",heavy_sql
4ff4f2e080641d46a8cb47f717f96e60a71ae718,8,0,0,0,0,0,0,3.0,11,"{""FE"":0.35,""BE"":0.35,""QA"":0.2,""PM"":0.1}",
540b9e78c7cc4c500d0eda7e1c20cf45aa1ff640,8,0,0,0,0,2,1,5.4,16,"{""FE"":0.35,""BE"":0.35,""QA"":0.2,""PM"":0.1}",file_uploads
def0f09b38d44f054906b7eff7d68fade06a7b5d,8,0,0,0,0,2,0,2.9,13,"{""FE"":0.35,""BE"":0.35,""QA"":0.2,""PM"":0.1}",file_uploads
d2578cd2472caaf0cb76d70849de16be8103c524,8,0,0,0,0,0,0,2.2,10,"{""FE"":0.35,""BE"":0.35,""QA"":0.2,""PM"":0.1}",
2e1f2d948d2e7d42ec3c6b4f6357cc4b2bec9a65,8,0,0,0,0,0,0,5.0,13,"{""FE"":0.35,""BE"":0.35,""QA"":0.2,""PM"":0.1}",
7883f8f9fe5c09eb64fcf2156fa922866aa1e36e,8,0,0,0,0,0,1,6.9,16,"{""FE"":0.35,""BE"":0.35,""QA"":0.2,""PM"":0.1}",heavy_sql
5da371842f9f838df49e534bb6b3d946a8ed1ad8,8,0,0,0,0,0,1,6.2,15,"{""FE"":0.35,""BE"":0.35,""QA"":0.2,""PM"":0.1}",heavy_sql
6d80d4fcebd07ae8782d4229afc78171ad63669c,8,0,0,0,0,0,1,10.9,20,"{""FE"":0.35,""BE"":0.35,""QA"":0.2,""PM"":0.1}",heavy_sql
329f684d51e4be4800b104549bed7ac55c35ef7b,8,0,0,0,0,0,1,5.9,15,"{""FE"":0.35,""BE"":0.35,""QA"":0.2,""PM"":0.1}",heavy_sql
e9c2bca8682631b5988172d1eff55acb548c9ca7,8,0,0,0,0,0,1,6.6,16,"{""FE"":0.35,""BE"":0.35,""QA"":0.2,""PM"":0.1}",
307967fc53e5bb2a1510beaceaf6475295c0a666,8,0,0,0,0,0,1,7.2,16,"{""FE"":0.35,""BE"":0.35,""QA"":0.2,""PM"":0.1}",
259827b03ab0823fdd4ed8de4ea5def4cc587344,8,0,0,0,0,0,1,4.5,14,"{""FE"":0.35,""BE"":0.35,""QA"":0.2,""PM"":0.1}",
3ba068958541df7cc5cee5b491d093468e995180,8,0,0,0,0,0,0,1.5,9,"{""FE"":0.35,""BE"":0.35,""QA"":0.2,""PM"":0.1}",
bf28f6604183749a33cf37fddf66828292aadefe,8,0,0,0,0,0,1,7.6,17,"{""FE"":0.35,""BE"":0.35,""QA"":0.2,""PM"":0.1}",heavy_sql
3c10132c91f42ab0658a6f10440e5d3720e25e95,8,0,0,0,0,0,1,16.6,26,"{""FE"":0.35,""BE"":0.35,""QA"":0.2,""PM"":0.1}",heavy_sql
7f4e796141de4366f4029563560c22c7a5baa22f,8,0,0,0,0,0,1,6.5,15,"{""FE"":0.35,""BE"":0.35,""QA"":0.2,""PM"":0.1}",
fb9c8997a4eea447245e487238f1dd7e687c70ed,8,0,0,0,0,0,0,3.0,11,"{""FE"":0.35,""BE"":0.35,""QA"":0.2,""PM"":0.1}",
c68a24bd69d02d6a10b182d91ae08df40bcbbaa6,4,0,0,2,0,0,0,1.7,8,"{""FE"":0.35,""BE"":0.35,""QA"":0.2,""PM"":0.1}",
84aa252906954710b1e716351f2dc578a580d78b,8,0,0,0,0,0,0,2.8,11,"{""FE"":0.35,""BE"":0.35,""QA"":0.2,""PM"":0.1}",
ea2a6a6bbee9aff7c61820cdb67b9a401593c299,8,0,0,0,0,2,1,5.4,16,"{""FE"":0.35,""BE"":0.35,""QA"":0.2,""PM"":0.1}",file_uploads
81ea4dd74a7bea7a685badf5989145b3a7aedb3d,8,0,4,0,0,0,0,2.8,15,"{""FE"":0.35,""BE"":0.35,""QA"":0.2,""PM"":0.1}",reporting
8f360b4af6765ef1df5fbd450b7728d6face55a3,8,0,0,0,0,0,1,4.1,13,"{""FE"":0.35,""BE"":0.35,""QA"":0.2,""PM"":0.1}",
1781742a458c715426b730650077c863c4cfcd05,8,0,0,0,0,2,1,5.1,16,"{""FE"":0.35,""BE"":0.35,""QA"":0.2,""PM"":0.1}",file_uploads
32527a57b1ef36e46af1bf94f3bb6133d6e1b8f6,8,0,0,0,0,0,1,14.5,23,"{""FE"":0.35,""BE"":0.35,""QA"":0.2,""PM"":0.1}",heavy_sql
e0c3c07d9f7bc147a88aed27cc4892a99440bab4,8,0,0,0,0,0,1,17.4,26,"{""FE"":0.35,""BE"":0.35,""QA"":0.2,""PM"":0.1}",heavy_sql
3ba8058df9c6ec54a9783d5c9e2ee3e6bc68d46a,8,0,0,0,0,0,1,7.4,16,"{""FE"":0.35,""BE"":0.35,""QA"":0.2,""PM"":0.1}",heavy_sql
d03c787dcfd73ceff4892e533e37a4c6cc5ba27a,8,0,0,0,0,0,0,1.7,10,"{""FE"":0.35,""BE"":0.35,""QA"":0.2,""PM"":0.1}",
8e2f52be0209d1f5062296b9d8f6c0237b83d828,8,0,0,0,0,2,1,13.9,25,"{""FE"":0.35,""BE"":0.35,""QA"":0.2,""PM"":0.1}",heavy_sql|file_uploads
af759132ddb6d29ee6ad1ab5b4abf6a7e2c8f913,8,0,0,0,0,2,1,4.3,15,"{""FE"":0.35,""BE"":0.35,""QA"":0.2,""PM"":0.1}",file_uploads
dffd1702eb606ae30b1525e165f8cebe94d54042,8,0,0,0,0,2,1,4.7,16,"{""FE"":0.35,""BE"":0.35,""QA"":0.2,""PM"":0.1}",file_uploads
4ad288cfccfc5dbd118fe55daf4e9ed2779f6291,10,0,0,0,0,2,0,2.6,15,"{""FE"":0.35,""BE"":0.35,""QA"":0.2,""PM"":0.1}",reporting|file_uploads
401f01cdb78cb159c9c4759a68c36b3bbd74f665,8,0,0,0,0,0,0,5.2,13,"{""FE"":0.35,""BE"":0.35,""QA"":0.2,""PM"":0.1}",
30ae233cff884f68af83f7952e24d65af265c630,8,0,0,0,0,2,1,35.6,47,"{""FE"":0.35,""BE"":0.35,""QA"":0.2,""PM"":0.1}",heavy_sql|file_uploads
bbf6c8539401fd6d15e146b8bbb7d6aa4b54db31,8,0,0,0,0,0,1,9.3,18,"{""FE"":0.35,""BE"":0.35,""QA"":0.2,""PM"":0.1}",heavy_sql
49f1b6b9b942a2777afc9eddecacc675099cd82e,12,0,0,0,0,0,1,17.2,30,"{""FE"":0.35,""BE"":0.35,""QA"":0.2,""PM"":0.1}",heavy_sql
934f57ceef1820cbfdab63c4086237af6079b7ff,8,0,0,0,0,0,1,10.4,19,"{""FE"":0.35,""BE"":0.35,""QA"":0.2,""PM"":0.1}",
8838b27fde6e57764d3e32b2f31e196498538a7a,8,0,0,0,0,2,1,15.5,26,"{""FE"":0.35,""BE"":0.35,""QA"":0.2,""PM"":0.1}",heavy_sql|file_uploads
ad51c939edb12d81c1a3c225aa485501cbf41b28,8,0,0,0,0,2,1,9.9,21,"{""FE"":0.35,""BE"":0.35,""QA"":0.2,""PM"":0.1}",heavy_sql|file_uploads
02a03f2beccd2bfee4de1bba2efe672aced74db3,8,0,0,0,0,0,1,6.6,16,"{""FE"":0.35,""BE"":0.35,""QA"":0.2,""PM"":0.1}",
5e8f05973cc954b100323792ea73242dc1d23579,8,0,0,0,0,0,0,2.6,11,"{""FE"":0.35,""BE"":0.35,""QA"":0.2,""PM"":0.1}",
99f19e85ead8b90d9cc3bbebb0c0ba21de494968,8,0,0,0,0,0,1,6.0,15,"{""FE"":0.35,""BE"":0.35,""QA"":0.2,""PM"":0.1}",
e575621c6a117a92b01de5b05c8fbd19df4209b5,8,0,0,0,0,0,0,4.5,13,"{""FE"":0.35,""BE"":0.35,""QA"":0.2,""PM"":0.1}",
2dd375a04b4aa29ed258367663223d47e0b6dd82,8,0,0,0,0,0,0,2.8,11,"{""FE"":0.35,""BE"":0.35,""QA"":0.2,""PM"":0.1}",
2f8ae39fef923c439a75635d7f61b64dc4f20ecd,8,0,0,0,0,0,1,6.4,15,"{""FE"":0.35,""BE"":0.35,""QA"":0.2,""PM"":0.1}",
7eeadbae1eaf29f6e088f837cce41808f4d66f3c,8,0,0,0,0,0,1,4.5,14,"{""FE"":0.35,""BE"":0.35,""QA"":0.2,""PM"":0.1}",
b84ba5b9e95efebbd5daae8a8bae2d69a8f926f5,8,0,0,0,0,2,0,4.4,14,"{""FE"":0.35,""BE"":0.35,""QA"":0.2,""PM"":0.1}",heavy_sql|file_uploads
ca0e430e96f9526d209f2735e4185f6ffc5519fb,8,0,0,0,0,0,1,5.5,15,"{""FE"":0.35,""BE"":0.35,""QA"":0.2,""PM"":0.1}",
f9d005b26b6fc5e16b168dd0f2e811d41518900d,8,0,0,0,0,0,1,2.3,11,"{""FE"":0.35,""BE"":0.35,""QA"":0.2,""PM"":0.1}",
b0a16b9f026864e09a68d4691228fbee638bf9e8,8,0,0,0,0,0,0,2.3,10,"{""FE"":0.35,""BE"":0.35,""QA"":0.2,""PM"":0.1}",
09ac4f70ea92b36e96b58a903c2542049b41a887,8,0,0,0,0,2,1,15.6,27,"{""FE"":0.35,""BE"":0.35,""QA"":0.2,""PM"":0.1}",heavy_sql|file_uploads
c1a7dce1c2bf0de78e166bcc373c1d5908df3f96,8,0,0,0,0,2,1,17.7,29,"{""FE"":0.35,""BE"":0.35,""QA"":0.2,""PM"":0.1}",heavy_sql|file_uploads
0c920753b746a6cfe563e8fbd3cf873255dddc19,12,0,0,0,0,2,1,19.0,34,"{""FE"":0.35,""BE"":0.35,""QA"":0.2,""PM"":0.1}",heavy_sql|file_uploads
76882433778a226377288529d5c16ebeee087f1b,8,0,0,0,0,0,1,8.2,17,"{""FE"":0.35,""BE"":0.35,""QA"":0.2,""PM"":0.1}",heavy_sql
419804da10e70b1cb1c0fa2ef7557363ebf177af,8,0,0,0,0,0,1,7.7,17,"{""FE"":0.35,""BE"":0.35,""QA"":0.2,""PM"":0.1}",
c4d3b650d517d19b3433e96ff8ef4480b964e538,8,0,0,0,0,0,1,4.7,14,"{""FE"":0.35,""BE"":0.35,""QA"":0.2,""PM"":0.1}",
a7c5798d6ab96e71bbd1cc3ab4f97404cecbc97b,8,0,0,0,0,2,1,6.7,18,"{""FE"":0.35,""BE"":0.35,""QA"":0.2,""PM"":0.1}",file_uploads
2a41119f03bea95e0fb683be806a6d5c1e3f513f,8,0,0,0,0,2,1,7.4,18,"{""FE"":0.35,""BE"":0.35,""QA"":0.2,""PM"":0.1}",heavy_sql|file_uploads
3d39a10518950d566806922b57d0058fc50e68d4,8,0,0,0,0,0,1,4.9,14,"{""FE"":0.35,""BE"":0.35,""QA"":0.2,""PM"":0.1}",
17eeb3b46565aaf7015082a3132e8d7271f0751e,8,0,0,0,0,0,1,7.0,16,"{""FE"":0.35,""BE"":0.35,""QA"":0.2,""PM"":0.1}",heavy_sql
9a0111c443a9d565a7832fc7d03fb88a488932eb,8,0,0,0,0,0,1,5.5,14,"{""FE"":0.35,""BE"":0.35,""QA"":0.2,""PM"":0.1}",
416927abfbbe6140234cd827390b4c8b41d705a2,8,0,0,0,0,2,1,8.3,19,"{""FE"":0.35,""BE"":0.35,""QA"":0.2,""PM"":0.1}",file_uploads
826ebf3e03d0a6bb14a4d2b5923a3c0af7bc6ff8,8,0,0,0,0,0,0,9.9,18,"{""FE"":0.35,""BE"":0.35,""QA"":0.2,""PM"":0.1}",
dfdedb06fbdd18cb68fa6005a97b3bc9376e2603,8,0,0,0,0,0,0,3.3,11,"{""FE"":0.35,""BE"":0.35,""QA"":0.2,""PM"":0.1}",
a2136e6a83a92f022da017c4623e1fe1aa04bf5d,8,0,0,0,0,2,1,21.3,32,"{""FE"":0.35,""BE"":0.35,""QA"":0.2,""PM"":0.1}",heavy_sql|file_uploads
738f211b134e649e17fad02570df4f3988b6d34d,8,0,0,0,0,2,1,9.5,20,"{""FE"":0.35,""BE"":0.35,""QA"":0.2,""PM"":0.1}",heavy_sql|file_uploads
b5408242918083282a340358e610dc6283fee224,8,0,0,0,0,0,1,7.1,16,"{""FE"":0.35,""BE"":0.35,""QA"":0.2,""PM"":0.1}",
11bf507e1c21ae3444aff4e525ccc84127f7f265,8,0,0,0,0,0,1,14.5,23,"{""FE"":0.35,""BE"":0.35,""QA"":0.2,""PM"":0.1}",
6c26713d4bcdcaab1e5b909ab055b7c905d339c5,6,0,0,0,0,2,1,20.2,29,"{""FE"":0.35,""BE"":0.35,""QA"":0.2,""PM"":0.1}",heavy_sql|file_uploads
b4d095af5691347cc9d5d4d7071ebb0365177890,6,0,4,0,0,2,1,28.3,41,"{""FE"":0.35,""BE"":0.35,""QA"":0.2,""PM"":0.1}",heavy_sql|reporting|file_uploads
6b24904a94def5bac9d5325c540aa6ab406a06e1,6,0,0,0,0,2,1,9.2,18,"{""FE"":0.35,""BE"":0.35,""QA"":0.2,""PM"":0.1}",heavy_sql|file_uploads
c053765cc87d42940f0bd0b78413a03fd3eb575c,6,0,0,0,0,2,1,17.5,26,"{""FE"":0.35,""BE"":0.35,""QA"":0.2,""PM"":0.1}",heavy_sql|file_uploads
0c3175c3a01e71a4df1c9479dfe8df51d67b149e,8,0,0,0,0,0,1,4.0,13,"{""FE"":0.35,""BE"":0.35,""QA"":0.2,""PM"":0.1}",
9794b55a00f223e984ce06fa6607d9e178084573,8,0,0,0,0,0,0,2.2,10,"{""FE"":0.35,""BE"":0.35,""QA"":0.2,""PM"":0.1}",
3c83deb8ea91f35ea9965a804c294967f0cdd26e,8,0,0,0,0,0,0,4.1,12,"{""FE"":0.35,""BE"":0.35,""QA"":0.2,""PM"":0.1}",
e0769a3cbac71f3615ba716d4abfb85ea261706e,8,0,0,0,0,0,0,1.9,10,"{""FE"":0.35,""BE"":0.35,""QA"":0.2,""PM"":0.1}",
da57d8228d75299e9d31aec21af8c51472fdae1d,8,0,0,0,0,0,1,2.5,12,"{""FE"":0.35,""BE"":0.35,""QA"":0.2,""PM"":0.1}",
2a8343febf515045bd9f3cf31da9d7dd0c074b4b,6,0,4,0,0,0,0,4.3,14,"{""FE"":0.35,""BE"":0.35,""QA"":0.2,""PM"":0.1}",heavy_sql|reporting
a63e1e19752f6bbd216c7d2790a697d378b4b346,8,0,0,0,0,2,1,2.6,14,"{""FE"":0.35,""BE"":0.35,""QA"":0.2,""PM"":0.1}",file_uploads
7b02a8d1bdccbf175dce466a5292d1a2f86671db,8,0,0,0,0,0,1,2.5,11,"{""FE"":0.35,""BE"":0.35,""QA"":0.2,""PM"":0.1}",
1e1bb4ef99992928612735fb43772ec872c276ed,8,0,4,0,0,0,0,5.8,18,"{""FE"":0.35,""BE"":0.35,""QA"":0.2,""PM"":0.1}",heavy_sql|reporting
fee1ed9a6e4cca0327d8f3db74a1411129367669,8,0,0,0,0,0,1,6.0,15,"{""FE"":0.35,""BE"":0.35,""QA"":0.2,""PM"":0.1}",
6eacb0f72f29a0269eb1d131c7111c3569ecffa2,8,0,0,0,0,0,1,3.9,13,"{""FE"":0.35,""BE"":0.35,""QA"":0.2,""PM"":0.1}",
cca688e2f667f63d178a32462e4021dac61e495f,8,0,0,0,0,2,1,3.3,14,"{""FE"":0.35,""BE"":0.35,""QA"":0.2,""PM"":0.1}",file_uploads
66905baca67624e888d5be4fa774a515598e2875,8,0,0,0,0,2,1,2.7,14,"{""FE"":0.35,""BE"":0.35,""QA"":0.2,""PM"":0.1}",file_uploads
d72079624ce776acacec285aeb72c1bb8731c819,8,0,0,0,0,0,1,9.9,19,"{""FE"":0.35,""BE"":0.35,""QA"":0.2,""PM"":0.1}",heavy_sql
764a64c6a39b03a1b6d827efff70951a679fd71a,8,0,0,0,0,0,1,9.9,19,"{""FE"":0.35,""BE"":0.35,""QA"":0.2,""PM"":0.1}",heavy_sql
4b55225784c411141aed85efdf8ccb0f72ce9d03,8,0,0,0,0,0,1,9.7,19,"{""FE"":0.35,""BE"":0.35,""QA"":0.2,""PM"":0.1}",heavy_sql
8db5e607b447a5aaa74d7ae4b7cc9be394f99c6e,8,0,0,0,0,0,1,9.7,19,"{""FE"":0.35,""BE"":0.35,""QA"":0.2,""PM"":0.1}",heavy_sql
d746b9f60d9cb25a2cd23fa0d0b3f26e9947b6a6,8,0,0,0,0,0,1,5.3,14,"{""FE"":0.35,""BE"":0.35,""QA"":0.2,""PM"":0.1}",
aa90106309f98a12b527e6b67d31a3350a536535,8,0,0,0,0,0,1,6.0,15,"{""FE"":0.35,""BE"":0.35,""QA"":0.2,""PM"":0.1}",
0912ce604210694fd64cf52e6d7c4c6483c74a59,8,0,0,0,0,0,1,3.8,13,"{""FE"":0.35,""BE"":0.35,""QA"":0.2,""PM"":0.1}",
12e658852fef87a0f4487f4cb9a0a12622cee787,8,0,0,0,0,0,1,3.8,13,"{""FE"":0.35,""BE"":0.35,""QA"":0.2,""PM"":0.1}",
13816752a603393ca08c0c18d82930c74f2ba142,8,0,0,0,0,0,0,3.9,12,"{""FE"":0.35,""BE"":0.35,""QA"":0.2,""PM"":0.1}",
6527037d8a03a842f912b40d09f97e708e2fd2eb,8,0,0,0,0,0,0,4.2,12,"{""FE"":0.35,""BE"":0.35,""QA"":0.2,""PM"":0.1}",
e14149c0c4b4ad1b938347c852ef44aaae5b9d51,8,0,0,0,0,0,1,9.6,19,"{""FE"":0.35,""BE"":0.35,""QA"":0.2,""PM"":0.1}",heavy_sql
311e179b7a0268a8e29ab2f8c94c09a60e8f4c9f,12,0,0,0,0,2,1,7.9,23,"{""FE"":0.35,""BE"":0.35,""QA"":0.2,""PM"":0.1}",heavy_sql|file_uploads
6fc6bc75255c6947ea85b801cb263c62c566df36,12,0,0,0,0,2,1,7.9,23,"{""FE"":0.35,""BE"":0.35,""QA"":0.2,""PM"":0.1}",heavy_sql|file_uploads
85416ec7209e777192a9b69906763d3a73aaff24,12,0,0,0,0,2,1,5.1,20,"{""FE"":0.35,""BE"":0.35,""QA"":0.2,""PM"":0.1}",heavy_sql|file_uploads
0b8e57420e0d78f2fe01ff2ad5434da913f56216,10,0,0,0,0,0,1,4.8,16,"{""FE"":0.35,""BE"":0.35,""QA"":0.2,""PM"":0.1}",heavy_sql|reporting
e55f7e3eef95c152c67482d1c5aa64ca8e9fd499,8,0,0,0,0,0,0,3.2,11,"{""FE"":0.35,""BE"":0.35,""QA"":0.2,""PM"":0.1}",
0826b6234732507b0d6d1a528c944c92f937b245,8,0,0,0,0,2,0,2.4,12,"{""FE"":0.35,""BE"":0.35,""QA"":0.2,""PM"":0.1}",file_uploads
39378de93051e5127775588173a6c036b51ad15c,8,0,0,0,0,0,0,3.0,11,"{""FE"":0.35,""BE"":0.35,""QA"":0.2,""PM"":0.1}",
c411da89ecee15be2e95b6806665e04a92050588,8,0,0,0,0,0,1,4.1,13,"{""FE"":0.35,""BE"":0.35,""QA"":0.2,""PM"":0.1}",
2eddb09a84b6e040958b8a1f048be228c874f454,8,0,0,0,0,0,1,4.1,13,"{""FE"":0.35,""BE"":0.35,""QA"":0.2,""PM"":0.1}",
3e6c91524e3c71af22e41f61ac2574ef1e70d4bf,8,0,0,0,0,2,1,3.9,15,"{""FE"":0.35,""BE"":0.35,""QA"":0.2,""PM"":0.1}",file_uploads
84a2ee0e3d2226c46dfdd36e7ddbb95278a43dcd,8,0,0,0,0,2,1,3.9,15,"{""FE"":0.35,""BE"":0.35,""QA"":0.2,""PM"":0.1}",file_uploads
50c2311226bc8dbd99004f218d0790d15890a6d6,12,0,0,0,0,0,1,4.1,17,"{""FE"":0.35,""BE"":0.35,""QA"":0.2,""PM"":0.1}",
8eeaf950550165f83a39540ea7f5d4f07e228e75,8,0,0,0,0,0,1,3.1,12,"{""FE"":0.35,""BE"":0.35,""QA"":0.2,""PM"":0.1}",
b1156d85041216ce68f62e32c450d61d96713e2e,8,0,0,0,0,0,0,4.7,13,"{""FE"":0.35,""BE"":0.35,""QA"":0.2,""PM"":0.1}",
8ee5c29a03745cde3a011eb6e85d6bf9ae598d0d,8,0,0,0,0,0,0,2.7,11,"{""FE"":0.35,""BE"":0.35,""QA"":0.2,""PM"":0.1}",
8f04d8742e8debe98ad0a2696b94abb387419339,8,0,0,0,0,0,1,10.6,20,"{""FE"":0.35,""BE"":0.35,""QA"":0.2,""PM"":0.1}",heavy_sql
6fd618ee878310ddecbe1440d6e4f6d6893684de,8,0,0,0,0,0,1,11.2,20,"{""FE"":0.35,""BE"":0.35,""QA"":0.2,""PM"":0.1}",heavy_sql
7c0097f9715b6d317fa4bb2f0dbdb762a0fc13f4,8,0,0,0,0,0,1,11.1,20,"{""FE"":0.35,""BE"":0.35,""QA"":0.2,""PM"":0.1}",heavy_sql
d4393fabbbf5f99d4643e6023c4e69dafb2de683,8,0,0,0,0,0,0,1.6,10,"{""FE"":0.35,""BE"":0.35,""QA"":0.2,""PM"":0.1}",
04fcac3296894323f232f38ebded17fba9f83fee,8,0,0,0,0,0,1,4.0,13,"{""FE"":0.35,""BE"":0.35,""QA"":0.2,""PM"":0.1}",
c11f3bcb5cfa78e254996fb6aa88dc458c7364b9,8,0,0,0,0,0,1,3.6,13,"{""FE"":0.35,""BE"":0.35,""QA"":0.2,""PM"":0.1}",
8ed75342c519e04ab304619613876f4b32dc6ab7,8,0,0,0,0,0,1,4.5,14,"{""FE"":0.35,""BE"":0.35,""QA"":0.2,""PM"":0.1}",
6873fa583d143c70386e5e65552e82e4abb22e02,8,0,0,0,0,0,1,4.5,13,"{""FE"":0.35,""BE"":0.35,""QA"":0.2,""PM"":0.1}",
84b3119d62e21d1e747137f4188bc306cdc794e7,6,0,0,0,0,0,1,8.2,15,"{""FE"":0.35,""BE"":0.35,""QA"":0.2,""PM"":0.1}",
83bda1c24fcdea5197f5a1b60f16e41dcac900a0,8,0,0,0,0,2,1,4.0,15,"{""FE"":0.35,""BE"":0.35,""QA"":0.2,""PM"":0.1}",file_uploads
fdf4b3e70395b2295d1ec14b561870ebc421e6d6,8,0,0,0,0,0,1,4.2,13,"{""FE"":0.35,""BE"":0.35,""QA"":0.2,""PM"":0.1}",
ff2fb693cba5b889124723845ae7eab16f576934,6,0,0,0,0,0,1,5.1,12,"{""FE"":0.35,""BE"":0.35,""QA"":0.2,""PM"":0.1}",
eef8e24d013e8a9eb6f161a53a9ac189121cfe30,8,0,0,0,0,0,1,4.9,14,"{""FE"":0.35,""BE"":0.35,""QA"":0.2,""PM"":0.1}",
4e38bb7744780fd71155110b5aec6461cfd94802,8,0,0,0,0,0,1,4.5,14,"{""FE"":0.35,""BE"":0.35,""QA"":0.2,""PM"":0.1}",
692c3ffd1dab3618cf36231d138b9b42c4b086ea,8,0,0,0,0,0,1,3.9,13,"{""FE"":0.35,""BE"":0.35,""QA"":0.2,""PM"":0.1}",
3c53ec669e6c7d50e7dd6544affae9e2cdbd23de,8,0,0,0,0,0,1,5.7,15,"{""FE"":0.35,""BE"":0.35,""QA"":0.2,""PM"":0.1}",
cfe399b5f4b4d37511e0f8c98b86230efc37abb7,8,0,0,0,0,0,1,3.9,13,"{""FE"":0.35,""BE"":0.35,""QA"":0.2,""PM"":0.1}",
3f4cf14afbcb8b72e99d4bc89a03d8855639535f,12,0,0,0,0,0,1,4.7,18,"{""FE"":0.35,""BE"":0.35,""QA"":0.2,""PM"":0.1}",
8bcf3646dfbdf7e4d5977a475e40ea46b2465867,10,0,0,0,0,0,1,4.8,16,"{""FE"":0.35,""BE"":0.35,""QA"":0.2,""PM"":0.1}",reporting
49bc0e4b6af65225320679c4468b1220b23fb99b,8,0,0,0,0,0,1,3.9,13,"{""FE"":0.35,""BE"":0.35,""QA"":0.2,""PM"":0.1}",
42017320a93f7679580aaac838a998222a120cfc,12,0,0,0,0,2,1,3.3,18,"{""FE"":0.35,""BE"":0.35,""QA"":0.2,""PM"":0.1}",file_uploads
cb51fb852d273c749f66c5c43ce9b619eb1fd909,8,0,0,0,0,0,1,3.0,12,"{""FE"":0.35,""BE"":0.35,""QA"":0.2,""PM"":0.1}",
7ee392def5d65a7299dced207ea6ee305266fb6a,6,0,0,0,0,0,0,2.6,9,"{""FE"":0.35,""BE"":0.35,""QA"":0.2,""PM"":0.1}",
66a79dd7d979c32fcb8f1ca927f65a18d0e1d59b,8,0,0,0,0,0,1,4.2,13,"{""FE"":0.35,""BE"":0.35,""QA"":0.2,""PM"":0.1}",
a925e5fcda248b129e50f5f710f164db21457e35,8,0,0,0,0,0,0,3.6,12,"{""FE"":0.35,""BE"":0.35,""QA"":0.2,""PM"":0.1}",
d9120dd37367a7e3140d839d67e9a8828b3e9010,8,0,0,0,0,0,1,3.9,13,"{""FE"":0.35,""BE"":0.35,""QA"":0.2,""PM"":0.1}",
14ab15a718de2ccb49ca49aeb3fff9526f2dd25e,8,0,0,0,0,0,1,3.1,12,"{""FE"":0.35,""BE"":0.35,""QA"":0.2,""PM"":0.1}",
64f7bc4bb16bf7e271b640a679fb8e0f39838ead,8,0,0,0,0,2,1,5.3,16,"{""FE"":0.35,""BE"":0.35,""QA"":0.2,""PM"":0.1}",heavy_sql|file_uploads
4f4bce6b9ea3d3ac76196cd12040a49ce967d745,4,0,0,2,0,0,0,2.6,9,"{""FE"":0.35,""BE"":0.35,""QA"":0.2,""PM"":0.1}",
e5ae144f2debb28246985c03466fea9b4eb7b95a,8,0,0,0,0,0,1,2.4,11,"{""FE"":0.35,""BE"":0.35,""QA"":0.2,""PM"":0.1}",
003c5ef310ff465014dbef45d5c4cf8c504cf6ed,8,0,0,0,0,0,1,3.6,13,"{""FE"":0.35,""BE"":0.35,""QA"":0.2,""PM"":0.1}",
d3973547d99599c6668bd6c51c7de41ba919b9d4,8,0,0,0,0,0,1,3.2,12,"{""FE"":0.35,""BE"":0.35,""QA"":0.2,""PM"":0.1}",
0d29d9caf01976f48945b4d704f240fe2f0f5a35,8,0,0,0,0,0,1,4.4,13,"{""FE"":0.35,""BE"":0.35,""QA"":0.2,""PM"":0.1}",
b296c626f06b71254290482000d55f6d1b12b67d,8,0,0,0,0,0,1,7.8,17,"{""FE"":0.35,""BE"":0.35,""QA"":0.2,""PM"":0.1}",heavy_sql
3a260ce9d766aac5825b487a4374a0358da9c6d7,8,0,0,0,0,0,0,1.9,10,"{""FE"":0.35,""BE"":0.35,""QA"":0.2,""PM"":0.1}",
9c3fbab00e045224770c0fa86cde1529df256f22,8,0,0,0,0,0,0,1.1,9,"{""FE"":0.35,""BE"":0.35,""QA"":0.2,""PM"":0.1}",
70211e99046f8b07a6378dc8eafff96115311bef,12,0,0,0,0,0,1,4.3,17,"{""FE"":0.35,""BE"":0.35,""QA"":0.2,""PM"":0.1}",heavy_sql
a343d40ed7e65f50df196593ce8cc53017dc33ac,8,0,0,0,0,0,0,2.5,10,"{""FE"":0.35,""BE"":0.35,""QA"":0.2,""PM"":0.1}",
65c316473cac33a1f5f63603df51b1db1ca733e4,8,0,0,0,0,0,1,7.2,16,"{""FE"":0.35,""BE"":0.35,""QA"":0.2,""PM"":0.1}",heavy_sql
b91f7d2b730a1add8f9c4cd58db0b4a91867e5d0,8,0,0,0,0,0,0,1.8,10,"{""FE"":0.35,""BE"":0.35,""QA"":0.2,""PM"":0.1}",
e5532424e9650b51752bb1af4075c9ec55376599,8,0,0,0,0,0,0,3.3,11,"{""FE"":0.35,""BE"":0.35,""QA"":0.2,""PM"":0.1}",
20e5af81be61760e56dd13c7b8e4c0fe5fb140b4,8,0,0,0,0,0,0,2.2,10,"{""FE"":0.35,""BE"":0.35,""QA"":0.2,""PM"":0.1}",
ae747f0f74d6506da4d98f2a808d5751f9dfc6bc,8,0,0,0,0,0,1,4.3,13,"{""FE"":0.35,""BE"":0.35,""QA"":0.2,""PM"":0.1}",
d4247a28c0068f62e6dad67b5713e2c6f863ed5e,6,0,0,0,0,0,1,11.7,19,"{""FE"":0.35,""BE"":0.35,""QA"":0.2,""PM"":0.1}",heavy_sql
1f5478ed6a66d42c822905a1209fc0d9ae3b8678,8,0,0,0,3,0,0,2.5,13,"{""FE"":0.35,""BE"":0.35,""QA"":0.2,""PM"":0.1}",
9bd6e72b30982a6ea5751ee68544a6eefe4a8c7c,8,0,0,0,0,0,0,4.2,12,"{""FE"":0.35,""BE"":0.35,""QA"":0.2,""PM"":0.1}",
d63db6736c9e18bebfc8a7925d0f66f8586e8b6f,8,0,0,0,0,0,1,3.8,13,"{""FE"":0.35,""BE"":0.35,""QA"":0.2,""PM"":0.1}",
ee25ec603122d0b2f8cbda06dc4ff62ecf0cbde9,8,0,0,0,0,0,1,2.9,12,"{""FE"":0.35,""BE"":0.35,""QA"":0.2,""PM"":0.1}",
a2b3e9ed21e2a28f10ab91ea261b9d2852c003f4,8,0,0,0,0,0,1,5.5,15,"{""FE"":0.35,""BE"":0.35,""QA"":0.2,""PM"":0.1}",heavy_sql
31b3b0d7d7f759cf4d01c947a5deafb2434de4a5,8,0,0,0,0,2,0,3.1,13,"{""FE"":0.35,""BE"":0.35,""QA"":0.2,""PM"":0.1}",file_uploads
